"sku","nome","caminho"
"010632300","IAC_010632300_Tanquinho 10Kg Latina LA551","G:\Drives compartilhados\OAK-WORKSPACE\01 - JOBS\03 - IA E-COMMERCE\EM_ANDAMENTO\2026-07-JULHO\IAC_010632300_Tanquinho 10Kg Latina LA551"
"241091900","IAC_241091900_Pneu Aro 14- 175-75R14 87T Golden Crown RP68 Standard By Westlake","G:\Drives compartilhados\OAK-WORKSPACE\01 - JOBS\03 - IA E-COMMERCE\EM_ANDAMENTO\2026-07-JULHO\IAC_241091900_Pneu Aro 14- 175-75R14 87T Golden Crown RP68 Standard By Westlake"
"240474000","Lu_Ofer_240474000_Batata Pringles Maionese Picante 100g","G:\Drives compartilhados\OAK-WORKSPACE\01 - JOBS\03 - IA E-COMMERCE\EM_ANDAMENTO\2026-07-JULHO\Lu_Ofer_240474000_Batata Pringles Maionese Picante 100g"
"010038101","IAC_010038101_Geladeira-Refrigerador Consul Frost Free - 1 Porta Branco Facilite 300L CRB36A","G:\Drives compartilhados\OAK-WORKSPACE\01 - JOBS\03 - IA E-COMMERCE\EM_ANDAMENTO\2026-07-JULHO\IAC_010038101_Geladeira-Refrigerador Consul Frost Free - 1 Porta Branco Facilite 300L CRB36A"
"240473800","Lu_Ofer_240473800_Batata Pringles Netflix Stranger Things Bacon Caramelizado 100g","G:\Drives compartilhados\OAK-WORKSPACE\01 - JOBS\03 - IA E-COMMERCE\EM_ANDAMENTO\2026-07-JULHO\Lu_Ofer_240473800_Batata Pringles Netflix Stranger Things Bacon Caramelizado 100g"
"238166700","IAC_238166700_Mesa de Jantar 4 Cadeiras Retangular Preto Artefamol Ravena","G:\Drives compartilhados\OAK-WORKSPACE\01 - JOBS\03 - IA E-COMMERCE\EM_ANDAMENTO\2026-07-JULHO\IAC_238166700_Mesa de Jantar 4 Cadeiras Retangular Preto Artefamol Ravena"
"021999500","IAC_021999500_Ferro de Passar Roupa a Vapor e a Seco","G:\Drives compartilhados\OAK-WORKSPACE\01 - JOBS\03 - IA E-COMMERCE\EM_ANDAMENTO\2026-07-JULHO\IAC_021999500_Ferro de Passar Roupa a Vapor e a Seco"
"012291901","IAC_012291901_Fogão 5 Bocas Consul Branco CFS5NABUNA","G:\Drives compartilhados\OAK-WORKSPACE\01 - JOBS\03 - IA E-COMMERCE\EM_ANDAMENTO\2026-07-JULHO\IAC_012291901_Fogão 5 Bocas Consul Branco CFS5NABUNA"
"021948900","IAC_021948900_Ferro de Passar Roupa a Vapor Philco","G:\Drives compartilhados\OAK-WORKSPACE\01 - JOBS\03 - IA E-COMMERCE\EM_ANDAMENTO\2026-07-JULHO\IAC_021948900_Ferro de Passar Roupa a Vapor Philco"
"021974500","IAC_021974500_Ferro de Passar a Vapor e a Seco Black + Decker","G:\Drives compartilhados\OAK-WORKSPACE\01 - JOBS\03 - IA E-COMMERCE\EM_ANDAMENTO\2026-07-JULHO\IAC_021974500_Ferro de Passar a Vapor e a Seco Black + Decker"
"011249000","IAC_011249000_Coifa de Parede Consul 90cm Inox Piramidal","G:\Drives compartilhados\OAK-WORKSPACE\01 - JOBS\03 - IA E-COMMERCE\EM_ANDAMENTO\2026-07-JULHO\IAC_011249000_Coifa de Parede Consul 90cm Inox Piramidal"
"021732100","IAC_021732100_Liquidificador Philips Walita Serie 5000 RI2240-40 Vermelho 5 Velocidades + Pulsar 1200W","G:\Drives compartilhados\OAK-WORKSPACE\01 - JOBS\03 - IA E-COMMERCE\EM_ANDAMENTO\2026-07-JULHO\IAC_021732100_Liquidificador Philips Walita Serie 5000 RI2240-40 Vermelho 5 Velocidades + Pulsar 1200W"
"020862900","IAC_020862900_Pipoqueira Elétrica Mondial Pop Flix PP-04","G:\Drives compartilhados\OAK-WORKSPACE\01 - JOBS\03 - IA E-COMMERCE\EM_ANDAMENTO\2026-07-JULHO\IAC_020862900_Pipoqueira Elétrica Mondial Pop Flix PP-04"
"021728600","IAC_021728600_Liquidificador Philips Walita Viva Preto - 5 Velocidades 750W","G:\Drives compartilhados\OAK-WORKSPACE\01 - JOBS\03 - IA E-COMMERCE\EM_ANDAMENTO\2026-07-JULHO\IAC_021728600_Liquidificador Philips Walita Viva Preto - 5 Velocidades 750W"
"020701001","IAC_020701001_Cilindro para Massas Elétrico Laminador","G:\Drives compartilhados\OAK-WORKSPACE\01 - JOBS\03 - IA E-COMMERCE\EM_ANDAMENTO\2026-07-JULHO\IAC_020701001_Cilindro para Massas Elétrico Laminador"
"020701101","IAC_020701101_Cilindro para Massas Arke Elétrica","G:\Drives compartilhados\OAK-WORKSPACE\01 - JOBS\03 - IA E-COMMERCE\EM_ANDAMENTO\2026-07-JULHO\IAC_020701101_Cilindro para Massas Arke Elétrica"
"011679100","IAC_011679100_Centrífuga de Roupas Mueller Fit 12,6kg de Roupa Molhada Tampa Dup","G:\Drives compartilhados\OAK-WORKSPACE\01 - JOBS\03 - IA E-COMMERCE\EM_ANDAMENTO\2026-07-JULHO\IAC_011679100_Centrífuga de Roupas Mueller Fit 12,6kg de Roupa Molhada Tampa Dup"
"241046600","IAC_241046600_Headphone Bluetooth JBL Tune 730BT Preto","G:\Drives compartilhados\OAK-WORKSPACE\01 - JOBS\03 - IA E-COMMERCE\EM_ANDAMENTO\2026-07-JULHO\IAC_241046600_Headphone Bluetooth JBL Tune 730BT Preto"
"240473700","Lu_Ofer_240473700_Batata Pringles Frango Oriental 100g","G:\Drives compartilhados\OAK-WORKSPACE\01 - JOBS\03 - IA E-COMMERCE\EM_ANDAMENTO\2026-07-JULHO\Lu_Ofer_240473700_Batata Pringles Frango Oriental 100g"
"010833400","IAC_010833400_Máquina de Costura Elgin Genius Plus+ JX 4035 Eletrônica 31 Pontos","G:\Drives compartilhados\OAK-WORKSPACE\01 - JOBS\03 - IA E-COMMERCE\EM_ANDAMENTO\2026-07-JULHO\IAC_010833400_Máquina de Costura Elgin Genius Plus+ JX 4035 Eletrônica 31 Pontos"
"011220801","IAC_011220801_Depurador de Ar Fischer 60cm 4 Bocas Slim","G:\Drives compartilhados\OAK-WORKSPACE\01 - JOBS\03 - IA E-COMMERCE\EM_ANDAMENTO\2026-07-JULHO\IAC_011220801_Depurador de Ar Fischer 60cm 4 Bocas Slim"
"240580400","IAC_240580400_Fone de Ouvido Bluetooth Samsung Buds Core com Microfone Cancelamento de Ruído Esportivo Intra-auricular True Wireless Branco","G:\Drives compartilhados\OAK-WORKSPACE\01 - JOBS\03 - IA E-COMMERCE\EM_ANDAMENTO\2026-07-JULHO\IAC_240580400_Fone de Ouvido Bluetooth Samsung Buds Core com Microfone Cancelamento de Ruído Esportivo Intra-auricular True Wireless Branco"
"010330201","IAC_010330201_Purificador de Água Latina Refrigerado por Compresssor PA355 Água Gelada e Natural","G:\Drives compartilhados\OAK-WORKSPACE\01 - JOBS\03 - IA E-COMMERCE\EM_ANDAMENTO\2026-07-JULHO\IAC_010330201_Purificador de Água Latina Refrigerado por Compresssor PA355 Água Gelada e Natural"
"240454500","Lu_Ofer_240454500_Ferro de Passar Roupa a Vapor Philco PFV70 Preto","G:\Drives compartilhados\OAK-WORKSPACE\01 - JOBS\03 - IA E-COMMERCE\EM_ANDAMENTO\2026-07-JULHO\Lu_Ofer_240454500_Ferro de Passar Roupa a Vapor Philco PFV70 Preto"
"010350901","IAC_010350901_Purificador Electrolux Eletrônico Compacto Efficient Painel Digital Bivolt Branco (PE11B)","G:\Drives compartilhados\OAK-WORKSPACE\01 - JOBS\03 - IA E-COMMERCE\EM_ANDAMENTO\2026-07-JULHO\IAC_010350901_Purificador Electrolux Eletrônico Compacto Efficient Painel Digital Bivolt Branco (PE11B)"
"239187200","Lu_Ofer_239187200_Cama Box (Box + Colchão) Queen Umaflex - de Molas Ensacadas 56cm de Altura Verona","G:\Drives compartilhados\OAK-WORKSPACE\01 - JOBS\03 - IA E-COMMERCE\EM_ANDAMENTO\2026-07-JULHO\Lu_Ofer_239187200_Cama Box (Box + Colchão) Queen Umaflex - de Molas Ensacadas 56cm de Altura Verona"
"013084100","IAC_013084100_Frigobar Philco 76L Branco PFG95B","G:\Drives compartilhados\OAK-WORKSPACE\01 - JOBS\03 - IA E-COMMERCE\EM_ANDAMENTO\2026-07-JULHO\IAC_013084100_Frigobar Philco 76L Branco PFG95B"
"011338801","IAC_011338801_Micro-ondas Electrolux 31L Branco com Painel Integrado e Display Econômico (MI41T)","G:\Drives compartilhados\OAK-WORKSPACE\01 - JOBS\03 - IA E-COMMERCE\EM_ANDAMENTO\2026-07-JULHO\IAC_011338801_Micro-ondas Electrolux 31L Branco com Painel Integrado e Display Econômico (MI41T)"
"013090200","IAC_013090200_Geladeira-Refrigerador Continental Frost Free","G:\Drives compartilhados\OAK-WORKSPACE\01 - JOBS\03 - IA E-COMMERCE\EM_ANDAMENTO\2026-07-JULHO\IAC_013090200_Geladeira-Refrigerador Continental Frost Free"
"031600900","IAC_031600900_Pneu 15” General 195-55R15 85H Evertreck HP By Continental","G:\Drives compartilhados\OAK-WORKSPACE\01 - JOBS\03 - IA E-COMMERCE\EM_ANDAMENTO\2026-07-JULHO\IAC_031600900_Pneu 15” General 195-55R15 85H Evertreck HP By Continental"
"021959300","IAC_021959300_Ferro de Passar Roupa a Seco e a Vapor Britânia","G:\Drives compartilhados\OAK-WORKSPACE\01 - JOBS\03 - IA E-COMMERCE\EM_ANDAMENTO\2026-07-JULHO\IAC_021959300_Ferro de Passar Roupa a Seco e a Vapor Britânia"
"023396300","IAC_023396300_Air Fryer Midea FRP42 3,5L com Timer","G:\Drives compartilhados\OAK-WORKSPACE\01 - JOBS\03 - IA E-COMMERCE\EM_ANDAMENTO\2026-07-JULHO\IAC_023396300_Air Fryer Midea FRP42 3,5L com Timer"
"040356900","IAC_040356900_Fita de LED Inteligente Branca Geonav HILS3QF","G:\Drives compartilhados\OAK-WORKSPACE\01 - JOBS\03 - IA E-COMMERCE\EM_ANDAMENTO\2026-07-JULHO\IAC_040356900_Fita de LED Inteligente Branca Geonav HILS3QF"
"030214500","IAC_030214500_Caixa de Som Mondial Speaker Monster Sound","G:\Drives compartilhados\OAK-WORKSPACE\01 - JOBS\03 - IA E-COMMERCE\EM_ANDAMENTO\2026-07-JULHO\IAC_030214500_Caixa de Som Mondial Speaker Monster Sound"
"040356300","IAC_040356300_Lâmpada Inteligente Positivo Wi-Fi E27 7W Retrô","G:\Drives compartilhados\OAK-WORKSPACE\01 - JOBS\03 - IA E-COMMERCE\EM_ANDAMENTO\2026-07-JULHO\IAC_040356300_Lâmpada Inteligente Positivo Wi-Fi E27 7W Retrô"
"023358400","IAC_023358400_Fritadeira Elétrica sem Óleo-Air Fryer Britânia BFR21P Preto 4L com Timer","G:\Drives compartilhados\OAK-WORKSPACE\01 - JOBS\03 - IA E-COMMERCE\EM_ANDAMENTO\2026-07-JULHO\IAC_023358400_Fritadeira Elétrica sem Óleo-Air Fryer Britânia BFR21P Preto 4L com Timer"
"020902900","IAC_020902900_Churrasqueira Elétrica Recursos Inox 1850W Cotherm","G:\Drives compartilhados\OAK-WORKSPACE\01 - JOBS\03 - IA E-COMMERCE\EM_ANDAMENTO\2026-07-JULHO\IAC_020902900_Churrasqueira Elétrica Recursos Inox 1850W Cotherm"
"040401400","IAC_040401400_Suporte para Guidão de Bike para Câmera GoPro","G:\Drives compartilhados\OAK-WORKSPACE\01 - JOBS\03 - IA E-COMMERCE\EM_ANDAMENTO\2026-07-JULHO\IAC_040401400_Suporte para Guidão de Bike para Câmera GoPro"
"031601200","IAC_031601200_Pneu Aro 15” Goodyear 185-65R15 88H","G:\Drives compartilhados\OAK-WORKSPACE\01 - JOBS\03 - IA E-COMMERCE\EM_ANDAMENTO\2026-07-JULHO\IAC_031601200_Pneu Aro 15” Goodyear 185-65R15 88H"
"021316000","IAC_021316000_Forno Elétrico Mondial 36L Family FR-17","G:\Drives compartilhados\OAK-WORKSPACE\01 - JOBS\03 - IA E-COMMERCE\EM_ANDAMENTO\2026-07-JULHO\IAC_021316000_Forno Elétrico Mondial 36L Family FR-17"
"031601300","IAC_031601300_Pneu Aro 16” Goodyear 265-70R16 112H Direction SU","G:\Drives compartilhados\OAK-WORKSPACE\01 - JOBS\03 - IA E-COMMERCE\EM_ANDAMENTO\2026-07-JULHO\IAC_031601300_Pneu Aro 16” Goodyear 265-70R16 112H Direction SU"
"031601800","IAC_031601800_Pneu Aro 15” 195-60R15 Pirelli 88H Formula Ev","G:\Drives compartilhados\OAK-WORKSPACE\01 - JOBS\03 - IA E-COMMERCE\EM_ANDAMENTO\2026-07-JULHO\IAC_031601800_Pneu Aro 15” 195-60R15 Pirelli 88H Formula Ev"
"040401100","IAC_040401100_Espuma Flutuadora","G:\Drives compartilhados\OAK-WORKSPACE\01 - JOBS\03 - IA E-COMMERCE\EM_ANDAMENTO\2026-07-JULHO\IAC_040401100_Espuma Flutuadora"
"040355300","IAC_040355300_Sensor Inteligente de Abertura de Portas e Janelas","G:\Drives compartilhados\OAK-WORKSPACE\01 - JOBS\03 - IA E-COMMERCE\EM_ANDAMENTO\2026-07-JULHO\IAC_040355300_Sensor Inteligente de Abertura de Portas e Janelas"
"040400700","IAC_040400700_Faixa de Cabeça com QuickClip","G:\Drives compartilhados\OAK-WORKSPACE\01 - JOBS\03 - IA E-COMMERCE\EM_ANDAMENTO\2026-07-JULHO\IAC_040400700_Faixa de Cabeça com QuickClip"
"024200200","IAC_024200200_Furadeira de Impacto Mondial 550W 3-8”","G:\Drives compartilhados\OAK-WORKSPACE\01 - JOBS\03 - IA E-COMMERCE\EM_ANDAMENTO\2026-07-JULHO\IAC_024200200_Furadeira de Impacto Mondial 550W 3-8”"
"040356700","IAC_040356700_Lâmpada Smart Dicróica Geonav GU10 Branca Dimerizável 5W 2700K Hi HIG10QF","G:\Drives compartilhados\OAK-WORKSPACE\01 - JOBS\03 - IA E-COMMERCE\EM_ANDAMENTO\2026-07-JULHO\IAC_040356700_Lâmpada Smart Dicróica Geonav GU10 Branca Dimerizável 5W 2700K Hi HIG10QF"
"021948400","IAC_021948400_Ferro de Passar Roupa a Vapor Britânia","G:\Drives compartilhados\OAK-WORKSPACE\01 - JOBS\03 - IA E-COMMERCE\EM_ANDAMENTO\2026-07-JULHO\IAC_021948400_Ferro de Passar Roupa a Vapor Britânia"
"040355200","IAC_040355200_Sensor de Movimento Inteligente Geonav","G:\Drives compartilhados\OAK-WORKSPACE\01 - JOBS\03 - IA E-COMMERCE\EM_ANDAMENTO\2026-07-JULHO\IAC_040355200_Sensor de Movimento Inteligente Geonav"
"023565700","IAC_023565700_Cafeteira Elétrica Philco PCF32PI Design","G:\Drives compartilhados\OAK-WORKSPACE\01 - JOBS\03 - IA E-COMMERCE\EM_ANDAMENTO\2026-07-JULHO\IAC_023565700_Cafeteira Elétrica Philco PCF32PI Design"
"030213700","IAC_030213700_Soundbar Gradiente com Subwoofer Bluetooth","G:\Drives compartilhados\OAK-WORKSPACE\01 - JOBS\03 - IA E-COMMERCE\EM_ANDAMENTO\2026-07-JULHO\IAC_030213700_Soundbar Gradiente com Subwoofer Bluetooth"
"023358000","IAC_023358000_Fritadeira Elétrica sem Óleo-Air Fryer Britânia BFR10P Preto 4,1L com Timer","G:\Drives compartilhados\OAK-WORKSPACE\01 - JOBS\03 - IA E-COMMERCE\EM_ANDAMENTO\2026-07-JULHO\IAC_023358000_Fritadeira Elétrica sem Óleo-Air Fryer Britânia BFR10P Preto 4,1L com Timer"
"022880800","IAC_022880800_Lavadora de Alta Pressão Wap Ágil 1800 Ultra - 13","G:\Drives compartilhados\OAK-WORKSPACE\01 - JOBS\03 - IA E-COMMERCE\EM_ANDAMENTO\2026-07-JULHO\IAC_022880800_Lavadora de Alta Pressão Wap Ágil 1800 Ultra - 13"
"030215000","IAC_030215000_Caixa de Som Gradiente GSP200 Bluetooth","G:\Drives compartilhados\OAK-WORKSPACE\01 - JOBS\03 - IA E-COMMERCE\EM_ANDAMENTO\2026-07-JULHO\IAC_030215000_Caixa de Som Gradiente GSP200 Bluetooth"
"013080100","IAC_013080100_Refrigerador Consul Frost Free 340L Evox CRM39AK  220 Volts","G:\Drives compartilhados\OAK-WORKSPACE\01 - JOBS\03 - IA E-COMMERCE\EM_ANDAMENTO\2026-07-JULHO\IAC_013080100_Refrigerador Consul Frost Free 340L Evox CRM39AK  220 Volts"
"013070601","IAC_013070601_Geladeira-Refrigerador Electrolux Cycle Defrost Duplex Branco 260L DC35A","G:\Drives compartilhados\OAK-WORKSPACE\01 - JOBS\03 - IA E-COMMERCE\EM_ANDAMENTO\2026-07-JULHO\IAC_013070601_Geladeira-Refrigerador Electrolux Cycle Defrost Duplex Branco 260L DC35A"
"010330401","IAC_010330401_Bebedouro de Água Refrigerada Latina Branco Bivolt","G:\Drives compartilhados\OAK-WORKSPACE\01 - JOBS\03 - IA E-COMMERCE\EM_ANDAMENTO\2026-07-JULHO\IAC_010330401_Bebedouro de Água Refrigerada Latina Branco Bivolt"
"011691100","IAC_011691100_Secadora de Roupas de Parede Fischer Super Ciclo 8kg","G:\Drives compartilhados\OAK-WORKSPACE\01 - JOBS\03 - IA E-COMMERCE\EM_ANDAMENTO\2026-07-JULHO\IAC_011691100_Secadora de Roupas de Parede Fischer Super Ciclo 8kg"
"240019900","IAC_240019900_Faqueiro Brinox Inox 20 Peças Veneza","G:\Drives compartilhados\OAK-WORKSPACE\01 - JOBS\03 - IA E-COMMERCE\EM_ANDAMENTO\2026-07-JULHO\IAC_240019900_Faqueiro Brinox Inox 20 Peças Veneza"
"238778600","IAC_238778600_Colchão Solteiro Plumatex Colchões de Molas Ensacadas 22x88x188cm Alfa Maxx","G:\Drives compartilhados\OAK-WORKSPACE\01 - JOBS\03 - IA E-COMMERCE\EM_ANDAMENTO\2026-07-JULHO\IAC_238778600_Colchão Solteiro Plumatex Colchões de Molas Ensacadas 22x88x188cm Alfa Maxx"
"084271500","IAC_084271500_Coifa de ilha fischer 220v infinity tradition line 90cm inox","G:\Drives compartilhados\OAK-WORKSPACE\01 - JOBS\03 - IA E-COMMERCE\EM_ANDAMENTO\2026-07-JULHO\IAC_084271500_Coifa de ilha fischer 220v infinity tradition line 90cm inox"
"086022200","IAC_086022200_Pote Redondo com Tampa 5,8L Tramontina Casual 61222-280","G:\Drives compartilhados\OAK-WORKSPACE\01 - JOBS\03 - IA E-COMMERCE\EM_ANDAMENTO\2026-07-JULHO\IAC_086022200_Pote Redondo com Tampa 5,8L Tramontina Casual 61222-280"
"086022100","IAC_086022100_Pote Redondo com Tampa 4,2L Tramontina Freezinox","G:\Drives compartilhados\OAK-WORKSPACE\01 - JOBS\03 - IA E-COMMERCE\EM_ANDAMENTO\2026-07-JULHO\IAC_086022100_Pote Redondo com Tampa 4,2L Tramontina Freezinox"
"043188900","IAC_043188900_Jogo Patrulha Canina Super Filhotes Salvam a","G:\Drives compartilhados\OAK-WORKSPACE\01 - JOBS\03 - IA E-COMMERCE\EM_ANDAMENTO\2026-07-JULHO\IAC_043188900_Jogo Patrulha Canina Super Filhotes Salvam a"
"086025000","IAC_086025000_Bowl Redondo em Inox 4,7L Tramontina 61224281","G:\Drives compartilhados\OAK-WORKSPACE\01 - JOBS\03 - IA E-COMMERCE\EM_ANDAMENTO\2026-07-JULHO\IAC_086025000_Bowl Redondo em Inox 4,7L Tramontina 61224281"
"040416600","IAC_040416600_Cabo Micro USB 1,2m Easy Mobile","G:\Drives compartilhados\OAK-WORKSPACE\01 - JOBS\03 - IA E-COMMERCE\EM_ANDAMENTO\2026-07-JULHO\IAC_040416600_Cabo Micro USB 1,2m Easy Mobile"
"040401500","IAC_040401500_Suporte Articulado para Câmeras GoPro Hero","G:\Drives compartilhados\OAK-WORKSPACE\01 - JOBS\03 - IA E-COMMERCE\EM_ANDAMENTO\2026-07-JULHO\IAC_040401500_Suporte Articulado para Câmeras GoPro Hero"
"040415900","IAC_040415900_Roteador Mesh TP Link Deco E3 1200 Mbps","G:\Drives compartilhados\OAK-WORKSPACE\01 - JOBS\03 - IA E-COMMERCE\EM_ANDAMENTO\2026-07-JULHO\IAC_040415900_Roteador Mesh TP Link Deco E3 1200 Mbps"
"040416500","IAC_040416500_Cabo Micro USB 1,2m Easy Mobile","G:\Drives compartilhados\OAK-WORKSPACE\01 - JOBS\03 - IA E-COMMERCE\EM_ANDAMENTO\2026-07-JULHO\IAC_040416500_Cabo Micro USB 1,2m Easy Mobile"
"040414500","IAC_040414500_Cabo Micro USB 2m Easy Mobile","G:\Drives compartilhados\OAK-WORKSPACE\01 - JOBS\03 - IA E-COMMERCE\EM_ANDAMENTO\2026-07-JULHO\IAC_040414500_Cabo Micro USB 2m Easy Mobile"
"040416000","IAC_040416000_Roteador Mercusys AC1200 1200 Mbps","G:\Drives compartilhados\OAK-WORKSPACE\01 - JOBS\03 - IA E-COMMERCE\EM_ANDAMENTO\2026-07-JULHO\IAC_040416000_Roteador Mercusys AC1200 1200 Mbps"
"086021400","IAC_086021400_Pote Redondo 1,61L Tramontina Freezinox 61220-181","G:\Drives compartilhados\OAK-WORKSPACE\01 - JOBS\03 - IA E-COMMERCE\EM_ANDAMENTO\2026-07-JULHO\IAC_086021400_Pote Redondo 1,61L Tramontina Freezinox 61220-181"
"040411300","IAC_040411300_Carregador Turbo Samsung Tipo C Branco Original","G:\Drives compartilhados\OAK-WORKSPACE\01 - JOBS\03 - IA E-COMMERCE\EM_ANDAMENTO\2026-07-JULHO\IAC_040411300_Carregador Turbo Samsung Tipo C Branco Original"
"040402200","IAC_040402200_Faixa para Capacete Ventilado","G:\Drives compartilhados\OAK-WORKSPACE\01 - JOBS\03 - IA E-COMMERCE\EM_ANDAMENTO\2026-07-JULHO\IAC_040402200_Faixa para Capacete Ventilado"
"084241700","IAC_084241700_Coifa de Parede Brastemp 59,8cm Inox Piramidal","G:\Drives compartilhados\OAK-WORKSPACE\01 - JOBS\03 - IA E-COMMERCE\EM_ANDAMENTO\2026-07-JULHO\IAC_084241700_Coifa de Parede Brastemp 59,8cm Inox Piramidal"
"086021500","IAC_086021500_Pote Redondo 2,19L Tramontina 61220-201","G:\Drives compartilhados\OAK-WORKSPACE\01 - JOBS\03 - IA E-COMMERCE\EM_ANDAMENTO\2026-07-JULHO\IAC_086021500_Pote Redondo 2,19L Tramontina 61220-201"
"043081000","IAC_043081000_Nintendo Switch 32GB HAC-001-01 1 Controle Joy-Con","G:\Drives compartilhados\OAK-WORKSPACE\01 - JOBS\03 - IA E-COMMERCE\EM_ANDAMENTO\2026-07-JULHO\IAC_043081000_Nintendo Switch 32GB HAC-001-01 1 Controle Joy-Con"
"043183700","IAC_043183700_FIFA 20 para PS4 EA","G:\Drives compartilhados\OAK-WORKSPACE\01 - JOBS\03 - IA E-COMMERCE\EM_ANDAMENTO\2026-07-JULHO\IAC_043183700_FIFA 20 para PS4 EA"
"086025200","IAC_086025200_Bowl Redondo em Inox 12,3 Litros Tramontina 61224361","G:\Drives compartilhados\OAK-WORKSPACE\01 - JOBS\03 - IA E-COMMERCE\EM_ANDAMENTO\2026-07-JULHO\IAC_086025200_Bowl Redondo em Inox 12,3 Litros Tramontina 61224361"
"040412300","IAC_040412300_Cabo Lightning Multilaser","G:\Drives compartilhados\OAK-WORKSPACE\01 - JOBS\03 - IA E-COMMERCE\EM_ANDAMENTO\2026-07-JULHO\IAC_040412300_Cabo Lightning Multilaser"
"040415800","IAC_040415800_Roteador TP-Link TL-WR829N 300Mbps 2 Antenas","G:\Drives compartilhados\OAK-WORKSPACE\01 - JOBS\03 - IA E-COMMERCE\EM_ANDAMENTO\2026-07-JULHO\IAC_040415800_Roteador TP-Link TL-WR829N 300Mbps 2 Antenas"
"040412000","IAC_040412000_Câmera Samsung Gear 360 (2017) 15MP","G:\Drives compartilhados\OAK-WORKSPACE\01 - JOBS\03 - IA E-COMMERCE\EM_ANDAMENTO\2026-07-JULHO\IAC_040412000_Câmera Samsung Gear 360 (2017) 15MP"
"040415500","IAC_040415500_Cabo Micro USB 1,8m Anker","G:\Drives compartilhados\OAK-WORKSPACE\01 - JOBS\03 - IA E-COMMERCE\EM_ANDAMENTO\2026-07-JULHO\IAC_040415500_Cabo Micro USB 1,8m Anker"
"040414400","IAC_040414400_Cabo Micro USB 2m Easy Mobile","G:\Drives compartilhados\OAK-WORKSPACE\01 - JOBS\03 - IA E-COMMERCE\EM_ANDAMENTO\2026-07-JULHO\IAC_040414400_Cabo Micro USB 2m Easy Mobile"
"080977200","IAC_080977200_Coifa de Parede Brastemp 90cm Inox Piramidal","G:\Drives compartilhados\OAK-WORKSPACE\01 - JOBS\03 - IA E-COMMERCE\EM_ANDAMENTO\2026-07-JULHO\IAC_080977200_Coifa de Parede Brastemp 90cm Inox Piramidal"
"040414200","IAC_040414200_Cabo Lightening 1,2m Easy Mobile","G:\Drives compartilhados\OAK-WORKSPACE\01 - JOBS\03 - IA E-COMMERCE\EM_ANDAMENTO\2026-07-JULHO\IAC_040414200_Cabo Lightening 1,2m Easy Mobile"
"043082100","IAC_043082100_Nintendo Switch 32GB 1 Controle Joy-Con","G:\Drives compartilhados\OAK-WORKSPACE\01 - JOBS\03 - IA E-COMMERCE\EM_ANDAMENTO\2026-07-JULHO\IAC_043082100_Nintendo Switch 32GB 1 Controle Joy-Con"
"084235000","IAC_084235000_Bebedouro de Coluna Refrigerado por Compressor","G:\Drives compartilhados\OAK-WORKSPACE\01 - JOBS\03 - IA E-COMMERCE\EM_ANDAMENTO\2026-07-JULHO\IAC_084235000_Bebedouro de Coluna Refrigerado por Compressor"
"040424800","IAC_040424800_Roteador TP-Link Archer C21 433Mbps 4 Antenas - Wi-Fi 5 5 Portas","G:\Drives compartilhados\OAK-WORKSPACE\01 - JOBS\03 - IA E-COMMERCE\EM_ANDAMENTO\2026-07-JULHO\IAC_040424800_Roteador TP-Link Archer C21 433Mbps 4 Antenas - Wi-Fi 5 5 Portas"
"043182000","IAC_043182000_Fifa 19 para Xbox One","G:\Drives compartilhados\OAK-WORKSPACE\01 - JOBS\03 - IA E-COMMERCE\EM_ANDAMENTO\2026-07-JULHO\IAC_043182000_Fifa 19 para Xbox One"
"040417300","IAC_040417300_Mouse 5+ Óptico 1000DPI 3 Botões","G:\Drives compartilhados\OAK-WORKSPACE\01 - JOBS\03 - IA E-COMMERCE\EM_ANDAMENTO\2026-07-JULHO\IAC_040417300_Mouse 5+ Óptico 1000DPI 3 Botões"
"040414600","IAC_040414600_Cabo Tipo C 1,5m Easy Mobile","G:\Drives compartilhados\OAK-WORKSPACE\01 - JOBS\03 - IA E-COMMERCE\EM_ANDAMENTO\2026-07-JULHO\IAC_040414600_Cabo Tipo C 1,5m Easy Mobile"
"086022000","IAC_086022000_Pote Redondo com Tampa 2,9L Tramontina Freezinox","G:\Drives compartilhados\OAK-WORKSPACE\01 - JOBS\03 - IA E-COMMERCE\EM_ANDAMENTO\2026-07-JULHO\IAC_086022000_Pote Redondo com Tampa 2,9L Tramontina Freezinox"
"043183400","IAC_043183400_Uma Aventura LEGO 2 para Xbox One","G:\Drives compartilhados\OAK-WORKSPACE\01 - JOBS\03 - IA E-COMMERCE\EM_ANDAMENTO\2026-07-JULHO\IAC_043183400_Uma Aventura LEGO 2 para Xbox One"
"040419700","IAC_040419700_Carregador de Tomada 4 Entradas USB e 1 USB-C","G:\Drives compartilhados\OAK-WORKSPACE\01 - JOBS\03 - IA E-COMMERCE\EM_ANDAMENTO\2026-07-JULHO\IAC_040419700_Carregador de Tomada 4 Entradas USB e 1 USB-C"
"040401800","IAC_040401800_Cinturão Canino","G:\Drives compartilhados\OAK-WORKSPACE\01 - JOBS\03 - IA E-COMMERCE\EM_ANDAMENTO\2026-07-JULHO\IAC_040401800_Cinturão Canino"
"040415600","IAC_040415600_Cabo Micro USB 3m Anker","G:\Drives compartilhados\OAK-WORKSPACE\01 - JOBS\03 - IA E-COMMERCE\EM_ANDAMENTO\2026-07-JULHO\IAC_040415600_Cabo Micro USB 3m Anker"
"086021600","IAC_086021600_Pote Redondo 4,2L Tramontina 61220-251","G:\Drives compartilhados\OAK-WORKSPACE\01 - JOBS\03 - IA E-COMMERCE\EM_ANDAMENTO\2026-07-JULHO\IAC_086021600_Pote Redondo 4,2L Tramontina 61220-251"
"043188000","IAC_043188000_Watch Dogs Legion para Xbox One Ubisoft","G:\Drives compartilhados\OAK-WORKSPACE\01 - JOBS\03 - IA E-COMMERCE\EM_ANDAMENTO\2026-07-JULHO\IAC_043188000_Watch Dogs Legion para Xbox One Ubisoft"
"040419300","IAC_040419300_Cabo HDMI 4K 1.4 5m 1405 19 Pinos Brasforma","G:\Drives compartilhados\OAK-WORKSPACE\01 - JOBS\03 - IA E-COMMERCE\EM_ANDAMENTO\2026-07-JULHO\IAC_040419300_Cabo HDMI 4K 1.4 5m 1405 19 Pinos Brasforma"
"040413700","IAC_040413700_Cabo USB-USB-C 1m Ultraresistente","G:\Drives compartilhados\OAK-WORKSPACE\01 - JOBS\03 - IA E-COMMERCE\EM_ANDAMENTO\2026-07-JULHO\IAC_040413700_Cabo USB-USB-C 1m Ultraresistente"
"040413900","IAC_040413900_Carregador de Tomada Universal 2 Entradas USB Geonav Essential","G:\Drives compartilhados\OAK-WORKSPACE\01 - JOBS\03 - IA E-COMMERCE\EM_ANDAMENTO\2026-07-JULHO\IAC_040413900_Carregador de Tomada Universal 2 Entradas USB Geonav Essential"
"193444300","IAC_193444300_Smart TV Ultra HD 4K Neo QLED 55” Samsung Neo","G:\Drives compartilhados\OAK-WORKSPACE\01 - JOBS\03 - IA E-COMMERCE\EM_ANDAMENTO\2026-07-JULHO\IAC_193444300_Smart TV Ultra HD 4K Neo QLED 55” Samsung Neo"
"124398600","IAC_124398600_Cama Box Casal Aiam Colchões Conjugada 41cm de Altura Super Box D28","G:\Drives compartilhados\OAK-WORKSPACE\01 - JOBS\03 - IA E-COMMERCE\EM_ANDAMENTO\2026-07-JULHO\IAC_124398600_Cama Box Casal Aiam Colchões Conjugada 41cm de Altura Super Box D28"
"213362500","IAC_213362500_Liquidificador Philco Ph900 12 Velocidades com Filtro 1200W","G:\Drives compartilhados\OAK-WORKSPACE\01 - JOBS\03 - IA E-COMMERCE\EM_ANDAMENTO\2026-07-JULHO\IAC_213362500_Liquidificador Philco Ph900 12 Velocidades com Filtro 1200W"
"145615200","IAC_145615200_Garrafa Térmica 1L - Termolar Magic Pump","G:\Drives compartilhados\OAK-WORKSPACE\01 - JOBS\03 - IA E-COMMERCE\EM_ANDAMENTO\2026-07-JULHO\IAC_145615200_Garrafa Térmica 1L - Termolar Magic Pump"
"208513900","IAC_208513900_Tiras para Medir Glicose G-Tech Free1 50 Unidades","G:\Drives compartilhados\OAK-WORKSPACE\01 - JOBS\03 - IA E-COMMERCE\EM_ANDAMENTO\2026-07-JULHO\IAC_208513900_Tiras para Medir Glicose G-Tech Free1 50 Unidades"
"182501700","IAC_182501700_Piscina Infantil Quadrada Estrutural Pvc 1500 Litros Mor","G:\Drives compartilhados\OAK-WORKSPACE\01 - JOBS\03 - IA E-COMMERCE\EM_ANDAMENTO\2026-07-JULHO\IAC_182501700_Piscina Infantil Quadrada Estrutural Pvc 1500 Litros Mor"
"204642000","IAC_204642000_Gazebo 3x3m Mor X-Flex Oxford Azul 3531","G:\Drives compartilhados\OAK-WORKSPACE\01 - JOBS\03 - IA E-COMMERCE\EM_ANDAMENTO\2026-07-JULHO\IAC_204642000_Gazebo 3x3m Mor X-Flex Oxford Azul 3531"
"202647000","IAC_202647000_Mesa para Tênis de Mesa em MDF Klopf Pés Dobráveis em Madeira Maciça e Rodízio","G:\Drives compartilhados\OAK-WORKSPACE\01 - JOBS\03 - IA E-COMMERCE\EM_ANDAMENTO\2026-07-JULHO\IAC_202647000_Mesa para Tênis de Mesa em MDF Klopf Pés Dobráveis em Madeira Maciça e Rodízio"
"124396000","IAC_124396000_Cama Box Conjugada Solteiro V-Joy de Espuma 50X88X188 - Benfica","G:\Drives compartilhados\OAK-WORKSPACE\01 - JOBS\03 - IA E-COMMERCE\EM_ANDAMENTO\2026-07-JULHO\IAC_124396000_Cama Box Conjugada Solteiro V-Joy de Espuma 50X88X188 - Benfica"
"193443400","IAC_193443400_Smart TV 65” 4K QLED Samsung 65Q80A Wi-Fi","G:\Drives compartilhados\OAK-WORKSPACE\01 - JOBS\03 - IA E-COMMERCE\EM_ANDAMENTO\2026-07-JULHO\IAC_193443400_Smart TV 65” 4K QLED Samsung 65Q80A Wi-Fi"
"155620600","IAC_155620600_Smartphone Samsung Galaxy S21 Ultra 256GB Preto 5G - 12GB RAM Tela 6,8” Câm. Quádrupla + Selfie 40MP","G:\Drives compartilhados\OAK-WORKSPACE\01 - JOBS\03 - IA E-COMMERCE\EM_ANDAMENTO\2026-07-JULHO\IAC_155620600_Smartphone Samsung Galaxy S21 Ultra 256GB Preto 5G - 12GB RAM Tela 6,8” Câm. Quádrupla + Selfie 40MP"
"181700200","IAC_181700200_Carrinho de Passeio Triciclo Infantil Europa com Pedal - Bandeirante","G:\Drives compartilhados\OAK-WORKSPACE\01 - JOBS\03 - IA E-COMMERCE\EM_ANDAMENTO\2026-07-JULHO\IAC_181700200_Carrinho de Passeio Triciclo Infantil Europa com Pedal - Bandeirante"
"202444100","IAC_202444100_Centrífuga de Salada 6L Acea Daily Pronto Verde","G:\Drives compartilhados\OAK-WORKSPACE\01 - JOBS\03 - IA E-COMMERCE\EM_ANDAMENTO\2026-07-JULHO\IAC_202444100_Centrífuga de Salada 6L Acea Daily Pronto Verde"
"155641000","IAC_155641000_Smartphone Motorola Moto G20 Dual SIM 64 GB azul 4 GB RAM","G:\Drives compartilhados\OAK-WORKSPACE\01 - JOBS\03 - IA E-COMMERCE\EM_ANDAMENTO\2026-07-JULHO\IAC_155641000_Smartphone Motorola Moto G20 Dual SIM 64 GB azul 4 GB RAM"
"210290100","IAC_210290100_Expositor Vertical Freezer Geladeira Visa Cooler Bebidas 410L 384 Latas Gelopar","G:\Drives compartilhados\OAK-WORKSPACE\01 - JOBS\03 - IA E-COMMERCE\EM_ANDAMENTO\2026-07-JULHO\IAC_210290100_Expositor Vertical Freezer Geladeira Visa Cooler Bebidas 410L 384 Latas Gelopar"
"108490200","IAC_108490200_Chapinha de Cabelo Taiff - Elegance Red Íon 200C Bivolt","G:\Drives compartilhados\OAK-WORKSPACE\01 - JOBS\03 - IA E-COMMERCE\EM_ANDAMENTO\2026-07-JULHO\IAC_108490200_Chapinha de Cabelo Taiff - Elegance Red Íon 200C Bivolt"
"200107100","IAC_200107100_Purificador de Coluna Refrigerado por Compressor Inox Libell Press Star","G:\Drives compartilhados\OAK-WORKSPACE\01 - JOBS\03 - IA E-COMMERCE\EM_ANDAMENTO\2026-07-JULHO\IAC_200107100_Purificador de Coluna Refrigerado por Compressor Inox Libell Press Star"
"176916700","IAC_176916700_Centro de Atividades p- Bebês Playmove Blue Green Burigotto","G:\Drives compartilhados\OAK-WORKSPACE\01 - JOBS\03 - IA E-COMMERCE\EM_ANDAMENTO\2026-07-JULHO\IAC_176916700_Centro de Atividades p- Bebês Playmove Blue Green Burigotto"
"176686500","IAC_176686500_Cadeirinha para Auto Reclinável Voyage Legacy - 0 a 36kg 3 Posições","G:\Drives compartilhados\OAK-WORKSPACE\01 - JOBS\03 - IA E-COMMERCE\EM_ANDAMENTO\2026-07-JULHO\IAC_176686500_Cadeirinha para Auto Reclinável Voyage Legacy - 0 a 36kg 3 Posições"
"124346900","IAC_124346900_Colchão Casal Castor Mola Ensacadas-Pocket 34cm de Altura Silver Star","G:\Drives compartilhados\OAK-WORKSPACE\01 - JOBS\03 - IA E-COMMERCE\EM_ANDAMENTO\2026-07-JULHO\IAC_124346900_Colchão Casal Castor Mola Ensacadas-Pocket 34cm de Altura Silver Star"
"200636200","IAC_200636200_Cafeteira Elétrica Expresso","G:\Drives compartilhados\OAK-WORKSPACE\01 - JOBS\03 - IA E-COMMERCE\EM_ANDAMENTO\2026-07-JULHO\IAC_200636200_Cafeteira Elétrica Expresso"
"201208700","IAC_201208700_Colchão Castor King Size Mola Pocket 193x203cm Gold Star Kingdom","G:\Drives compartilhados\OAK-WORKSPACE\01 - JOBS\03 - IA E-COMMERCE\EM_ANDAMENTO\2026-07-JULHO\IAC_201208700_Colchão Castor King Size Mola Pocket 193x203cm Gold Star Kingdom"
"176679600","IAC_176679600_Bebê Conforto Burigotto Touring X Preto - Cadeira até 13kg","G:\Drives compartilhados\OAK-WORKSPACE\01 - JOBS\03 - IA E-COMMERCE\EM_ANDAMENTO\2026-07-JULHO\IAC_176679600_Bebê Conforto Burigotto Touring X Preto - Cadeira até 13kg"
"203520200","IAC_203520200_Whey Protein Isolado Integralmédica","G:\Drives compartilhados\OAK-WORKSPACE\01 - JOBS\03 - IA E-COMMERCE\EM_ANDAMENTO\2026-07-JULHO\IAC_203520200_Whey Protein Isolado Integralmédica"
"201497600","IAC_201497600_Frigideira Alumínio Antiaderente 28cm Tramontina 20892-028","G:\Drives compartilhados\OAK-WORKSPACE\01 - JOBS\03 - IA E-COMMERCE\EM_ANDAMENTO\2026-07-JULHO\IAC_201497600_Frigideira Alumínio Antiaderente 28cm Tramontina 20892-028"
"124341000","IAC_124341000_Colchão Queen Castor Mola Pocket 32cm de Alt. Vitagel","G:\Drives compartilhados\OAK-WORKSPACE\01 - JOBS\03 - IA E-COMMERCE\EM_ANDAMENTO\2026-07-JULHO\IAC_124341000_Colchão Queen Castor Mola Pocket 32cm de Alt. Vitagel"
"086049200","IAC_086049200_Máquina de Macarrão Manual 6 Tipos de Massa","G:\Drives compartilhados\OAK-WORKSPACE\01 - JOBS\03 - IA E-COMMERCE\EM_ANDAMENTO\2026-07-JULHO\IAC_086049200_Máquina de Macarrão Manual 6 Tipos de Massa"
"083564400","IAC_083564400_Refil para Escova Elétrica Oral-B Precision Clean - 4 Unidades","G:\Drives compartilhados\OAK-WORKSPACE\01 - JOBS\03 - IA E-COMMERCE\EM_ANDAMENTO\2026-07-JULHO\IAC_083564400_Refil para Escova Elétrica Oral-B Precision Clean - 4 Unidades"
"108480200","IAC_108480200_Modelador de Cachos Automático Conair Hair Styler - CD203BR","G:\Drives compartilhados\OAK-WORKSPACE\01 - JOBS\03 - IA E-COMMERCE\EM_ANDAMENTO\2026-07-JULHO\IAC_108480200_Modelador de Cachos Automático Conair Hair Styler - CD203BR"
"088255300","IAC_088255300_Compressor De Ar direto 2,3 Pés Com Pistola e Mangueira Bivolt - Motomil","G:\Drives compartilhados\OAK-WORKSPACE\01 - JOBS\03 - IA E-COMMERCE\EM_ANDAMENTO\2026-07-JULHO\IAC_088255300_Compressor De Ar direto 2,3 Pés Com Pistola e Mangueira Bivolt - Motomil"
"084251400","IAC_084251400_Forno de Embutir Elétrico Fischer Infinity 50L","G:\Drives compartilhados\OAK-WORKSPACE\01 - JOBS\03 - IA E-COMMERCE\EM_ANDAMENTO\2026-07-JULHO\IAC_084251400_Forno de Embutir Elétrico Fischer Infinity 50L"
"086049100","IAC_086049100_Máquina de Macarrão 3 Tipos de Massa","G:\Drives compartilhados\OAK-WORKSPACE\01 - JOBS\03 - IA E-COMMERCE\EM_ANDAMENTO\2026-07-JULHO\IAC_086049100_Máquina de Macarrão 3 Tipos de Massa"
"088845800","IAC_088845800_Assador de Frango a Gás-Elétrico Progás Style","G:\Drives compartilhados\OAK-WORKSPACE\01 - JOBS\03 - IA E-COMMERCE\EM_ANDAMENTO\2026-07-JULHO\IAC_088845800_Assador de Frango a Gás-Elétrico Progás Style"
"084264600","IAC_084264600_Forno a Gás GLP Industrial Venax FI","G:\Drives compartilhados\OAK-WORKSPACE\01 - JOBS\03 - IA E-COMMERCE\EM_ANDAMENTO\2026-07-JULHO\IAC_084264600_Forno a Gás GLP Industrial Venax FI"
"043076500","IAC_043076500_Atari Flashback 8 Portátil Tectoy com 70 Jogos","G:\Drives compartilhados\OAK-WORKSPACE\01 - JOBS\03 - IA E-COMMERCE\EM_ANDAMENTO\2026-07-JULHO\IAC_043076500_Atari Flashback 8 Portátil Tectoy com 70 Jogos"
"040418400","IAC_040418400_Microsoft 365 Personal Office 365 apps 1TB - 1 Usuário Assinatura Anual","G:\Drives compartilhados\OAK-WORKSPACE\01 - JOBS\03 - IA E-COMMERCE\EM_ANDAMENTO\2026-07-JULHO\IAC_040418400_Microsoft 365 Personal Office 365 apps 1TB - 1 Usuário Assinatura Anual"
"123653001","IAC_123653001_Sapateira 2 Portas 5 Prateleiras Demóbile - Multiuso Golden","G:\Drives compartilhados\OAK-WORKSPACE\01 - JOBS\03 - IA E-COMMERCE\EM_ANDAMENTO\2026-07-JULHO\IAC_123653001_Sapateira 2 Portas 5 Prateleiras Demóbile - Multiuso Golden"
"080271000","IAC_080271000_Ventilador de Teto Mondial com Controle Remoto Maxi Air Control VTE-02 3 Pás Branco 127V 9070-01","G:\Drives compartilhados\OAK-WORKSPACE\01 - JOBS\03 - IA E-COMMERCE\EM_ANDAMENTO\2026-07-JULHO\IAC_080271000_Ventilador de Teto Mondial com Controle Remoto Maxi Air Control VTE-02 3 Pás Branco 127V 9070-01"
"088802700","IAC_088802700_Máquina de Gelo BenMax Super Ice Produção até 50kg","G:\Drives compartilhados\OAK-WORKSPACE\01 - JOBS\03 - IA E-COMMERCE\EM_ANDAMENTO\2026-07-JULHO\IAC_088802700_Máquina de Gelo BenMax Super Ice Produção até 50kg"
"121935406","IAC_121935406_Sofá-cama Casal 3 Lugares Reclinável Veludo - Matrix Nanda","G:\Drives compartilhados\OAK-WORKSPACE\01 - JOBS\03 - IA E-COMMERCE\EM_ANDAMENTO\2026-07-JULHO\IAC_121935406_Sofá-cama Casal 3 Lugares Reclinável Veludo - Matrix Nanda"
"088770900","IAC_088770900_Abridor Elétrico para Vinho e Espumante","G:\Drives compartilhados\OAK-WORKSPACE\01 - JOBS\03 - IA E-COMMERCE\EM_ANDAMENTO\2026-07-JULHO\IAC_088770900_Abridor Elétrico para Vinho e Espumante"
"088893200","IAC_088893200_Micro-ondas Consul 20L Cinza","G:\Drives compartilhados\OAK-WORKSPACE\01 - JOBS\03 - IA E-COMMERCE\EM_ANDAMENTO\2026-07-JULHO\IAC_088893200_Micro-ondas Consul 20L Cinza"
"087799300","IAC_087799300_Coifa de Parede Fogatti Slim 80cm Vidro Curvo Inox - 220V","G:\Drives compartilhados\OAK-WORKSPACE\01 - JOBS\03 - IA E-COMMERCE\EM_ANDAMENTO\2026-07-JULHO\IAC_087799300_Coifa de Parede Fogatti Slim 80cm Vidro Curvo Inox - 220V"
"088279500","IAC_088279500_Vitrine Estufa Marchesoni Ouro 2 Portas Inox","G:\Drives compartilhados\OAK-WORKSPACE\01 - JOBS\03 - IA E-COMMERCE\EM_ANDAMENTO\2026-07-JULHO\IAC_088279500_Vitrine Estufa Marchesoni Ouro 2 Portas Inox"
"122223700","IAC_122223700_Mountain Bike Aro 29 Dropp Aluminum Freio a Disco","G:\Drives compartilhados\OAK-WORKSPACE\01 - JOBS\03 - IA E-COMMERCE\EM_ANDAMENTO\2026-07-JULHO\IAC_122223700_Mountain Bike Aro 29 Dropp Aluminum Freio a Disco"
"087633600","IAC_087633600_Mesa de Pebolim Totó Klopf 1080 Elite Embutido Bonecos de Alumínio","G:\Drives compartilhados\OAK-WORKSPACE\01 - JOBS\03 - IA E-COMMERCE\EM_ANDAMENTO\2026-07-JULHO\IAC_087633600_Mesa de Pebolim Totó Klopf 1080 Elite Embutido Bonecos de Alumínio"
"088022500","IAC_088022500_Panela de Pressão 10L - Panelux 1074","G:\Drives compartilhados\OAK-WORKSPACE\01 - JOBS\03 - IA E-COMMERCE\EM_ANDAMENTO\2026-07-JULHO\IAC_088022500_Panela de Pressão 10L - Panelux 1074"
"088488700","IAC_088488700_Chapinha Prancha Alisadora de Cabelo Profissional Bivolt Alisadora 450f Premium","G:\Drives compartilhados\OAK-WORKSPACE\01 - JOBS\03 - IA E-COMMERCE\EM_ANDAMENTO\2026-07-JULHO\IAC_088488700_Chapinha Prancha Alisadora de Cabelo Profissional Bivolt Alisadora 450f Premium"
"088745700","IAC_088745700_Panela de Arroz Elétrica Oster Facile  CKSTRC4723","G:\Drives compartilhados\OAK-WORKSPACE\01 - JOBS\03 - IA E-COMMERCE\EM_ANDAMENTO\2026-07-JULHO\IAC_088745700_Panela de Arroz Elétrica Oster Facile  CKSTRC4723"
"088870300","IAC_088870300_Expositor de Bebidas Vertical Venax 300L VV300","G:\Drives compartilhados\OAK-WORKSPACE\01 - JOBS\03 - IA E-COMMERCE\EM_ANDAMENTO\2026-07-JULHO\IAC_088870300_Expositor de Bebidas Vertical Venax 300L VV300"
"213594100","IAC_213594100_Pneu Firestone Aro 14 F-600 185-65R14 86T","G:\Drives compartilhados\OAK-WORKSPACE\01 - JOBS\03 - IA E-COMMERCE\EM_ANDAMENTO\2026-07-JULHO\IAC_213594100_Pneu Firestone Aro 14 F-600 185-65R14 86T"
"214478400","IAC_214478400_Refrigerador Vertical Fricon 402L","G:\Drives compartilhados\OAK-WORKSPACE\01 - JOBS\03 - IA E-COMMERCE\EM_ANDAMENTO\2026-07-JULHO\IAC_214478400_Refrigerador Vertical Fricon 402L"
"213973000","IAC_213973000_Cervejeira Venax Blue Light Vertical 209L - 1 Porta","G:\Drives compartilhados\OAK-WORKSPACE\01 - JOBS\03 - IA E-COMMERCE\EM_ANDAMENTO\2026-07-JULHO\IAC_213973000_Cervejeira Venax Blue Light Vertical 209L - 1 Porta"
"193444800","IAC_193444800_Smart TV 75” 8K NEO QLED Mini Led Samsung 75QN900A - 120hz Som em Movimento Plus Única Conexão","G:\Drives compartilhados\OAK-WORKSPACE\01 - JOBS\03 - IA E-COMMERCE\EM_ANDAMENTO\2026-07-JULHO\IAC_193444800_Smart TV 75” 8K NEO QLED Mini Led Samsung 75QN900A - 120hz Som em Movimento Plus Única Conexão"
"193444500","IAC_193444500_Smart TV 65” Ultra HD 8K Neo QLED Samsung Neo - 65800A Wi-Fi Bluetooth HDR 4 HDMI 3 USB","G:\Drives compartilhados\OAK-WORKSPACE\01 - JOBS\03 - IA E-COMMERCE\EM_ANDAMENTO\2026-07-JULHO\IAC_193444500_Smart TV 65” Ultra HD 8K Neo QLED Samsung Neo - 65800A Wi-Fi Bluetooth HDR 4 HDMI 3 USB"
"201497500","IAC_201497500_Frigideira Antiaderente Tramontina 24cm 20892-024","G:\Drives compartilhados\OAK-WORKSPACE\01 - JOBS\03 - IA E-COMMERCE\EM_ANDAMENTO\2026-07-JULHO\IAC_201497500_Frigideira Antiaderente Tramontina 24cm 20892-024"
"155619700","IAC_155619700_Smartphone Samsung Galaxy S21+ 128GB Prata 5G 8GB RAM Tela 6,7” Câm. Tripla + Selfie 10M","G:\Drives compartilhados\OAK-WORKSPACE\01 - JOBS\03 - IA E-COMMERCE\EM_ANDAMENTO\2026-07-JULHO\IAC_155619700_Smartphone Samsung Galaxy S21+ 128GB Prata 5G 8GB RAM Tela 6,7” Câm. Tripla + Selfie 10M"
"150674000","IAC_150674000_Chip Triplo Corte Vivo 4G Cobertura Nacional","G:\Drives compartilhados\OAK-WORKSPACE\01 - JOBS\03 - IA E-COMMERCE\EM_ANDAMENTO\2026-07-JULHO\IAC_150674000_Chip Triplo Corte Vivo 4G Cobertura Nacional"
"201673300","IAC_201673300_Lavadora de Alta Pressão WAP 1800 PSI 1700W Bravo 2550","G:\Drives compartilhados\OAK-WORKSPACE\01 - JOBS\03 - IA E-COMMERCE\EM_ANDAMENTO\2026-07-JULHO\IAC_201673300_Lavadora de Alta Pressão WAP 1800 PSI 1700W Bravo 2550"
"123289201","IAC_123289201_Bicama Solteiro Conquista Móveis  - Funny III","G:\Drives compartilhados\OAK-WORKSPACE\01 - JOBS\03 - IA E-COMMERCE\EM_ANDAMENTO\2026-07-JULHO\IAC_123289201_Bicama Solteiro Conquista Móveis  - Funny III"
"193444600","IAC_193444600_Smart TV 75” 8K NEO QLED Mini Led Samsung 75QN800A","G:\Drives compartilhados\OAK-WORKSPACE\01 - JOBS\03 - IA E-COMMERCE\EM_ANDAMENTO\2026-07-JULHO\IAC_193444600_Smart TV 75” 8K NEO QLED Mini Led Samsung 75QN800A"
"190719400","IAC_190719400_Suporte para TV Fixo de 10” até 85 - Indusat SU280i","G:\Drives compartilhados\OAK-WORKSPACE\01 - JOBS\03 - IA E-COMMERCE\EM_ANDAMENTO\2026-07-JULHO\IAC_190719400_Suporte para TV Fixo de 10” até 85 - Indusat SU280i"
"124346400","IAC_124346400_Box para Colchão Casal Castor 27cm de Altura Silver Star Air","G:\Drives compartilhados\OAK-WORKSPACE\01 - JOBS\03 - IA E-COMMERCE\EM_ANDAMENTO\2026-07-JULHO\IAC_124346400_Box para Colchão Casal Castor 27cm de Altura Silver Star Air"
"124341200","IAC_124341200_Colchão King Castor Mola Pocket 32cm de Altura Vitagel","G:\Drives compartilhados\OAK-WORKSPACE\01 - JOBS\03 - IA E-COMMERCE\EM_ANDAMENTO\2026-07-JULHO\IAC_124341200_Colchão King Castor Mola Pocket 32cm de Altura Vitagel"
"211786900","IAC_211786900_Máquina de Gelo Ice Maker","G:\Drives compartilhados\OAK-WORKSPACE\01 - JOBS\03 - IA E-COMMERCE\EM_ANDAMENTO\2026-07-JULHO\IAC_211786900_Máquina de Gelo Ice Maker"
"208525100","IAC_208525100_Esfigmomanômetro Premium G-Tech ESFH20PR","G:\Drives compartilhados\OAK-WORKSPACE\01 - JOBS\03 - IA E-COMMERCE\EM_ANDAMENTO\2026-07-JULHO\IAC_208525100_Esfigmomanômetro Premium G-Tech ESFH20PR"
"213442200","IAC_213442200_Lavadora de Alta Pressão Wap Premier 1950 Libras","G:\Drives compartilhados\OAK-WORKSPACE\01 - JOBS\03 - IA E-COMMERCE\EM_ANDAMENTO\2026-07-JULHO\IAC_213442200_Lavadora de Alta Pressão Wap Premier 1950 Libras"
"211786600","IAC_211786600_Máquina de Gelo Ice Maker","G:\Drives compartilhados\OAK-WORKSPACE\01 - JOBS\03 - IA E-COMMERCE\EM_ANDAMENTO\2026-07-JULHO\IAC_211786600_Máquina de Gelo Ice Maker"
"204433300","IAC_204433300_Panificadora Britânia Multipane 2P Preto","G:\Drives compartilhados\OAK-WORKSPACE\01 - JOBS\03 - IA E-COMMERCE\EM_ANDAMENTO\2026-07-JULHO\IAC_204433300_Panificadora Britânia Multipane 2P Preto"
"213928000","IAC_213928000_Cafeteira Elétrica Industrial Marchesoni 6L","G:\Drives compartilhados\OAK-WORKSPACE\01 - JOBS\03 - IA E-COMMERCE\EM_ANDAMENTO\2026-07-JULHO\IAC_213928000_Cafeteira Elétrica Industrial Marchesoni 6L"
"217153000","IAC_217153000_Frigobar Philco 68L Platinum","G:\Drives compartilhados\OAK-WORKSPACE\01 - JOBS\03 - IA E-COMMERCE\EM_ANDAMENTO\2026-07-JULHO\IAC_217153000_Frigobar Philco 68L Platinum"
"217161700","IAC_217161700_Coifa de Parede Philco 60cm Depurador e Exaustor PCO60I Flat","G:\Drives compartilhados\OAK-WORKSPACE\01 - JOBS\03 - IA E-COMMERCE\EM_ANDAMENTO\2026-07-JULHO\IAC_217161700_Coifa de Parede Philco 60cm Depurador e Exaustor PCO60I Flat"
"217110200","IAC_217110200_Cartucho de Tinta HP Magenta 935XL Original","G:\Drives compartilhados\OAK-WORKSPACE\01 - JOBS\03 - IA E-COMMERCE\EM_ANDAMENTO\2026-07-JULHO\IAC_217110200_Cartucho de Tinta HP Magenta 935XL Original"
"217161800","IAC_217161800_Coifa Philco 90cm Exaustor e Depurador Painel Touch PCO90I","G:\Drives compartilhados\OAK-WORKSPACE\01 - JOBS\03 - IA E-COMMERCE\EM_ANDAMENTO\2026-07-JULHO\IAC_217161800_Coifa Philco 90cm Exaustor e Depurador Painel Touch PCO90I"
"217161500","IAC_217161500_Coifa de Parede Philco 90cm 6 Bocas Vidro Curvo Glass 90","G:\Drives compartilhados\OAK-WORKSPACE\01 - JOBS\03 - IA E-COMMERCE\EM_ANDAMENTO\2026-07-JULHO\IAC_217161500_Coifa de Parede Philco 90cm 6 Bocas Vidro Curvo Glass 90"
"217173800","IAC_217173800_Jogo 2 Pneus Bridgestone Aro 16 Dueler H-T 684 III 245-70R16 111T XL","G:\Drives compartilhados\OAK-WORKSPACE\01 - JOBS\03 - IA E-COMMERCE\EM_ANDAMENTO\2026-07-JULHO\IAC_217173800_Jogo 2 Pneus Bridgestone Aro 16 Dueler H-T 684 III 245-70R16 111T XL"
"213004000","IAC_213004000_Cooktop 5 Bocas a Gás Natural GLP Brastemp Inox Dupla Chama Acendimento Automático com Trempes de Ferro Fundido Gourmand BDK90","G:\Drives compartilhados\OAK-WORKSPACE\01 - JOBS\03 - IA E-COMMERCE\EM_ANDAMENTO\2026-07-JULHO\IAC_213004000_Cooktop 5 Bocas a Gás Natural GLP Brastemp Inox Dupla Chama Acendimento Automático com Trempes de Ferro Fundido Gourmand BDK90"
"214476400","IAC_214476400_Freezer Horizontal Fricon","G:\Drives compartilhados\OAK-WORKSPACE\01 - JOBS\03 - IA E-COMMERCE\EM_ANDAMENTO\2026-07-JULHO\IAC_214476400_Freezer Horizontal Fricon"
"214810300","IAC_214810300_Panificadora Tramontina Breville Pan Express","G:\Drives compartilhados\OAK-WORKSPACE\01 - JOBS\03 - IA E-COMMERCE\EM_ANDAMENTO\2026-07-JULHO\IAC_214810300_Panificadora Tramontina Breville Pan Express"
"214592700","IAC_214592700_Cortador de Grama Elétrico Black&Decker GR1000 1200W 32cm com 3 Níveis de Corte","G:\Drives compartilhados\OAK-WORKSPACE\01 - JOBS\03 - IA E-COMMERCE\EM_ANDAMENTO\2026-07-JULHO\IAC_214592700_Cortador de Grama Elétrico Black&Decker GR1000 1200W 32cm com 3 Níveis de Corte"
"213443000","IAC_213443000_Tanquinho Máquina de Lavar Roupa Mueller Plus 4,5kg 40 Litros Branco 220v","G:\Drives compartilhados\OAK-WORKSPACE\01 - JOBS\03 - IA E-COMMERCE\EM_ANDAMENTO\2026-07-JULHO\IAC_213443000_Tanquinho Máquina de Lavar Roupa Mueller Plus 4,5kg 40 Litros Branco 220v"
"213927900","IAC_213927900_Cafeteira Elétrica Industrial Marchesoni 2L","G:\Drives compartilhados\OAK-WORKSPACE\01 - JOBS\03 - IA E-COMMERCE\EM_ANDAMENTO\2026-07-JULHO\IAC_213927900_Cafeteira Elétrica Industrial Marchesoni 2L"
"214559500","IAC_214559500_Purificador de Água IBBL Refrigerado por Compressor Speciale FR600 Água Gelada e Natural","G:\Drives compartilhados\OAK-WORKSPACE\01 - JOBS\03 - IA E-COMMERCE\EM_ANDAMENTO\2026-07-JULHO\IAC_214559500_Purificador de Água IBBL Refrigerado por Compressor Speciale FR600 Água Gelada e Natural"
"216995500","IAC_216995500_Coifa de Parede Fischer 90cm 6 Bocas - 3 Velocidades Infinity","G:\Drives compartilhados\OAK-WORKSPACE\01 - JOBS\03 - IA E-COMMERCE\EM_ANDAMENTO\2026-07-JULHO\IAC_216995500_Coifa de Parede Fischer 90cm 6 Bocas - 3 Velocidades Infinity"
"216900500","IAC_216900500_Rack para TV até 75 Polegadas Madesa Reims 2 Portas 1 Gaveta","G:\Drives compartilhados\OAK-WORKSPACE\01 - JOBS\03 - IA E-COMMERCE\EM_ANDAMENTO\2026-07-JULHO\IAC_216900500_Rack para TV até 75 Polegadas Madesa Reims 2 Portas 1 Gaveta"
"217168200","IAC_217168200_Panela Elétrica de Arroz Britânia PA5 Prime","G:\Drives compartilhados\OAK-WORKSPACE\01 - JOBS\03 - IA E-COMMERCE\EM_ANDAMENTO\2026-07-JULHO\IAC_217168200_Panela Elétrica de Arroz Britânia PA5 Prime"
"215521700","IAC_215521700_Colchão Solteiro Ortobom Espuma D-33 88x188cm Light","G:\Drives compartilhados\OAK-WORKSPACE\01 - JOBS\03 - IA E-COMMERCE\EM_ANDAMENTO\2026-07-JULHO\IAC_215521700_Colchão Solteiro Ortobom Espuma D-33 88x188cm Light"
"215317400","IAC_215317400_Lavatório Dompel Cabeleireiro Salão Beleza Champ Almofada","G:\Drives compartilhados\OAK-WORKSPACE\01 - JOBS\03 - IA E-COMMERCE\EM_ANDAMENTO\2026-07-JULHO\IAC_215317400_Lavatório Dompel Cabeleireiro Salão Beleza Champ Almofada"
"216585300","IAC_216585300_Torneira Elétrica Lorenzetti Loren Easy 5500w 220v 4 Temperaturas","G:\Drives compartilhados\OAK-WORKSPACE\01 - JOBS\03 - IA E-COMMERCE\EM_ANDAMENTO\2026-07-JULHO\IAC_216585300_Torneira Elétrica Lorenzetti Loren Easy 5500w 220v 4 Temperaturas"
"213589600","IAC_213589600_Purificador de Água Eletrolux Eletrônico","G:\Drives compartilhados\OAK-WORKSPACE\01 - JOBS\03 - IA E-COMMERCE\EM_ANDAMENTO\2026-07-JULHO\IAC_213589600_Purificador de Água Eletrolux Eletrônico"
"215522700","IAC_215522700_Colchão Solteiro Espuma D-28 14cm de Alt","G:\Drives compartilhados\OAK-WORKSPACE\01 - JOBS\03 - IA E-COMMERCE\EM_ANDAMENTO\2026-07-JULHO\IAC_215522700_Colchão Solteiro Espuma D-28 14cm de Alt"
"218099900","IAC_218099900_Kit Churrasco 6 Peças Tramontina Polywood 21109-674","G:\Drives compartilhados\OAK-WORKSPACE\01 - JOBS\03 - IA E-COMMERCE\EM_ANDAMENTO\2026-07-JULHO\IAC_218099900_Kit Churrasco 6 Peças Tramontina Polywood 21109-674"
"218238000","IAC_218238000_Colchão Casal Castor Mola Pocket","G:\Drives compartilhados\OAK-WORKSPACE\01 - JOBS\03 - IA E-COMMERCE\EM_ANDAMENTO\2026-07-JULHO\IAC_218238000_Colchão Casal Castor Mola Pocket"
"217874800","IAC_217874800_Cabeceira Casal Acolchoado Suede Dobuê Movelaria Istambul Mascavo","G:\Drives compartilhados\OAK-WORKSPACE\01 - JOBS\03 - IA E-COMMERCE\EM_ANDAMENTO\2026-07-JULHO\IAC_217874800_Cabeceira Casal Acolchoado Suede Dobuê Movelaria Istambul Mascavo"
"218624500","IAC_218624500_Grill Britânia BPE01 1200W Coletor de Gordura","G:\Drives compartilhados\OAK-WORKSPACE\01 - JOBS\03 - IA E-COMMERCE\EM_ANDAMENTO\2026-07-JULHO\IAC_218624500_Grill Britânia BPE01 1200W Coletor de Gordura"
"218830900","IAC_218830900_Depurador de Ar Philco 60cm 4 Bocas Slim PDR60I","G:\Drives compartilhados\OAK-WORKSPACE\01 - JOBS\03 - IA E-COMMERCE\EM_ANDAMENTO\2026-07-JULHO\IAC_218830900_Depurador de Ar Philco 60cm 4 Bocas Slim PDR60I"
"218717600","IAC_218717600_Brinquedo Escorregador Infantil 2 Degraus Play Duo","G:\Drives compartilhados\OAK-WORKSPACE\01 - JOBS\03 - IA E-COMMERCE\EM_ANDAMENTO\2026-07-JULHO\IAC_218717600_Brinquedo Escorregador Infantil 2 Degraus Play Duo"
"217223400","IAC_217223400_Cafeteira Elétrica Arno Nescafé Dolce Gusto","G:\Drives compartilhados\OAK-WORKSPACE\01 - JOBS\03 - IA E-COMMERCE\EM_ANDAMENTO\2026-07-JULHO\IAC_217223400_Cafeteira Elétrica Arno Nescafé Dolce Gusto"
"217919900","IAC_217919900_Kit 2 Pneus 205-65R15 Firestone F600 94T Aro 15","G:\Drives compartilhados\OAK-WORKSPACE\01 - JOBS\03 - IA E-COMMERCE\EM_ANDAMENTO\2026-07-JULHO\IAC_217919900_Kit 2 Pneus 205-65R15 Firestone F600 94T Aro 15"
"218465500","IAC_218465500_Cabo Micro USB Universal 1m Geonav Essential Espacial","G:\Drives compartilhados\OAK-WORKSPACE\01 - JOBS\03 - IA E-COMMERCE\EM_ANDAMENTO\2026-07-JULHO\IAC_218465500_Cabo Micro USB Universal 1m Geonav Essential Espacial"
"218465300","IAC_218465300_Cabo Carregador Lightning Geonav 1m","G:\Drives compartilhados\OAK-WORKSPACE\01 - JOBS\03 - IA E-COMMERCE\EM_ANDAMENTO\2026-07-JULHO\IAC_218465300_Cabo Carregador Lightning Geonav 1m"
"218465400","IAC_218465400_Cabo Lightning Ultraresistente 1m Geonav","G:\Drives compartilhados\OAK-WORKSPACE\01 - JOBS\03 - IA E-COMMERCE\EM_ANDAMENTO\2026-07-JULHO\IAC_218465400_Cabo Lightning Ultraresistente 1m Geonav"
"217310700","IAC_217310700_Fogão Consul 6 bocas Branco com botões removíveis e vidro interno vedado - CFS6NAB","G:\Drives compartilhados\OAK-WORKSPACE\01 - JOBS\03 - IA E-COMMERCE\EM_ANDAMENTO\2026-07-JULHO\IAC_217310700_Fogão Consul 6 bocas Branco com botões removíveis e vidro interno vedado - CFS6NAB"
"217381600","IAC_217381600_Garrafa Térmica 1,2L Tramontina Exata 61641120","G:\Drives compartilhados\OAK-WORKSPACE\01 - JOBS\03 - IA E-COMMERCE\EM_ANDAMENTO\2026-07-JULHO\IAC_217381600_Garrafa Térmica 1,2L Tramontina Exata 61641120"
"217381700","IAC_217381700_Garrafa Térmica 1,8L Tramontina Exata 61641180","G:\Drives compartilhados\OAK-WORKSPACE\01 - JOBS\03 - IA E-COMMERCE\EM_ANDAMENTO\2026-07-JULHO\IAC_217381700_Garrafa Térmica 1,8L Tramontina Exata 61641180"
"218013600","IAC_218013600_Colher Dosadora Buba","G:\Drives compartilhados\OAK-WORKSPACE\01 - JOBS\03 - IA E-COMMERCE\EM_ANDAMENTO\2026-07-JULHO\IAC_218013600_Colher Dosadora Buba"
"217381900","IAC_217381900_Garrafa Térmica 2L Tramontina Exata 61642-200","G:\Drives compartilhados\OAK-WORKSPACE\01 - JOBS\03 - IA E-COMMERCE\EM_ANDAMENTO\2026-07-JULHO\IAC_217381900_Garrafa Térmica 2L Tramontina Exata 61642-200"
"216150900","IAC_216150900_Cafeteira Elétrica Oster 4401R 24 Xícaras","G:\Drives compartilhados\OAK-WORKSPACE\01 - JOBS\03 - IA E-COMMERCE\EM_ANDAMENTO\2026-07-JULHO\IAC_216150900_Cafeteira Elétrica Oster 4401R 24 Xícaras"
"218465700","IAC_218465700_Cabo Micro USB Universal 1m Geonav Essential","G:\Drives compartilhados\OAK-WORKSPACE\01 - JOBS\03 - IA E-COMMERCE\EM_ANDAMENTO\2026-07-JULHO\IAC_218465700_Cabo Micro USB Universal 1m Geonav Essential"
"220632200","IAC_220632200_Panela Multiflon Antiaderente 2,7L 20cm","G:\Drives compartilhados\OAK-WORKSPACE\01 - JOBS\03 - IA E-COMMERCE\EM_ANDAMENTO\2026-07-JULHO\IAC_220632200_Panela Multiflon Antiaderente 2,7L 20cm"
"220516200","IAC_220516200_Coifa de Parede Brastemp 90cm Inox","G:\Drives compartilhados\OAK-WORKSPACE\01 - JOBS\03 - IA E-COMMERCE\EM_ANDAMENTO\2026-07-JULHO\IAC_220516200_Coifa de Parede Brastemp 90cm Inox"
"220629400","IAC_220629400_Frigideira Antiaderente Multiflon","G:\Drives compartilhados\OAK-WORKSPACE\01 - JOBS\03 - IA E-COMMERCE\EM_ANDAMENTO\2026-07-JULHO\IAC_220629400_Frigideira Antiaderente Multiflon"
"220372500","IAC_220372500_Aspirador de Pó Portátil e Vertical Philco 1000W","G:\Drives compartilhados\OAK-WORKSPACE\01 - JOBS\03 - IA E-COMMERCE\EM_ANDAMENTO\2026-07-JULHO\IAC_220372500_Aspirador de Pó Portátil e Vertical Philco 1000W"
"218835100","IAC_218835100_Depilador Elétrico Philco Aqua Deluxe PDP02R - Seco e Molhado 2 Velocidades com Massageador","G:\Drives compartilhados\OAK-WORKSPACE\01 - JOBS\03 - IA E-COMMERCE\EM_ANDAMENTO\2026-07-JULHO\IAC_218835100_Depilador Elétrico Philco Aqua Deluxe PDP02R - Seco e Molhado 2 Velocidades com Massageador"
"218840000","IAC_218840000_Lavadora de Alta Pressão Tramontina Master","G:\Drives compartilhados\OAK-WORKSPACE\01 - JOBS\03 - IA E-COMMERCE\EM_ANDAMENTO\2026-07-JULHO\IAC_218840000_Lavadora de Alta Pressão Tramontina Master"
"218920600","IAC_218920600_Fatiador - Cortador de Frios Elétrico Britânia","G:\Drives compartilhados\OAK-WORKSPACE\01 - JOBS\03 - IA E-COMMERCE\EM_ANDAMENTO\2026-07-JULHO\IAC_218920600_Fatiador - Cortador de Frios Elétrico Britânia"
"220631000","IAC_220631000_Frigideira Antiaderente Multiflon","G:\Drives compartilhados\OAK-WORKSPACE\01 - JOBS\03 - IA E-COMMERCE\EM_ANDAMENTO\2026-07-JULHO\IAC_220631000_Frigideira Antiaderente Multiflon"
"220629500","IAC_220629500_Frigideira Antiaderente Multiflon","G:\Drives compartilhados\OAK-WORKSPACE\01 - JOBS\03 - IA E-COMMERCE\EM_ANDAMENTO\2026-07-JULHO\IAC_220629500_Frigideira Antiaderente Multiflon"
"220630900","IAC_220630900_Frigideira Antiaderente Multiflon 24cm Grafite Gourmet 55024","G:\Drives compartilhados\OAK-WORKSPACE\01 - JOBS\03 - IA E-COMMERCE\EM_ANDAMENTO\2026-07-JULHO\IAC_220630900_Frigideira Antiaderente Multiflon 24cm Grafite Gourmet 55024"
"220630800","IAC_220630800_Frigideira Antiaderente Multiflon 22cm Grafite Gourmet 55022","G:\Drives compartilhados\OAK-WORKSPACE\01 - JOBS\03 - IA E-COMMERCE\EM_ANDAMENTO\2026-07-JULHO\IAC_220630800_Frigideira Antiaderente Multiflon 22cm Grafite Gourmet 55022"
"218839800","IAC_218839800_Lavadora de Alta Pressão Tramontina Master","G:\Drives compartilhados\OAK-WORKSPACE\01 - JOBS\03 - IA E-COMMERCE\EM_ANDAMENTO\2026-07-JULHO\IAC_218839800_Lavadora de Alta Pressão Tramontina Master"
"220630500","IAC_220630500_Frigideira Antiaderente Multiflon","G:\Drives compartilhados\OAK-WORKSPACE\01 - JOBS\03 - IA E-COMMERCE\EM_ANDAMENTO\2026-07-JULHO\IAC_220630500_Frigideira Antiaderente Multiflon"
"220631100","IAC_220631100_Frigideira Antiaderente Multiflon","G:\Drives compartilhados\OAK-WORKSPACE\01 - JOBS\03 - IA E-COMMERCE\EM_ANDAMENTO\2026-07-JULHO\IAC_220631100_Frigideira Antiaderente Multiflon"
"220630700","IAC_220630700_Frigideira Antiaderente Multiflon","G:\Drives compartilhados\OAK-WORKSPACE\01 - JOBS\03 - IA E-COMMERCE\EM_ANDAMENTO\2026-07-JULHO\IAC_220630700_Frigideira Antiaderente Multiflon"
"218891800","IAC_218891800_Geladeira-Refrigerador Brastemp Frost Free - Duplex 375 litros BRM45 HKBNA","G:\Drives compartilhados\OAK-WORKSPACE\01 - JOBS\03 - IA E-COMMERCE\EM_ANDAMENTO\2026-07-JULHO\IAC_218891800_Geladeira-Refrigerador Brastemp Frost Free - Duplex 375 litros BRM45 HKBNA"
"220632000","IAC_220632000_Panela Multiflon Antiaderente 1,4L 16cm","G:\Drives compartilhados\OAK-WORKSPACE\01 - JOBS\03 - IA E-COMMERCE\EM_ANDAMENTO\2026-07-JULHO\IAC_220632000_Panela Multiflon Antiaderente 1,4L 16cm"
"220629200","IAC_220629200_Frigideira Antiaderente Multiflon","G:\Drives compartilhados\OAK-WORKSPACE\01 - JOBS\03 - IA E-COMMERCE\EM_ANDAMENTO\2026-07-JULHO\IAC_220629200_Frigideira Antiaderente Multiflon"
"220275900","IAC_220275900_Coifa de Parede Brastemp 90cm 4 a 6 Bocas","G:\Drives compartilhados\OAK-WORKSPACE\01 - JOBS\03 - IA E-COMMERCE\EM_ANDAMENTO\2026-07-JULHO\IAC_220275900_Coifa de Parede Brastemp 90cm 4 a 6 Bocas"
"218632500","IAC_218632500_Espremedor de Frutas Britânia Turbo Pro Elétrico","G:\Drives compartilhados\OAK-WORKSPACE\01 - JOBS\03 - IA E-COMMERCE\EM_ANDAMENTO\2026-07-JULHO\IAC_218632500_Espremedor de Frutas Britânia Turbo Pro Elétrico"
"220167400","IAC_220167400_Jogo 4 Pneus Continental Aro 13 PowerContact 2 175-70R13 82T","G:\Drives compartilhados\OAK-WORKSPACE\01 - JOBS\03 - IA E-COMMERCE\EM_ANDAMENTO\2026-07-JULHO\IAC_220167400_Jogo 4 Pneus Continental Aro 13 PowerContact 2 175-70R13 82T"
"218840300","IAC_218840300_Lavadora de Alta Pressão Tramontina Master","G:\Drives compartilhados\OAK-WORKSPACE\01 - JOBS\03 - IA E-COMMERCE\EM_ANDAMENTO\2026-07-JULHO\IAC_218840300_Lavadora de Alta Pressão Tramontina Master"
"220505300","IAC_220505300_Irrigador Oral Multilaser Clearpik Portable HC037 com 7 Bicos","G:\Drives compartilhados\OAK-WORKSPACE\01 - JOBS\03 - IA E-COMMERCE\EM_ANDAMENTO\2026-07-JULHO\IAC_220505300_Irrigador Oral Multilaser Clearpik Portable HC037 com 7 Bicos"
"220359700","IAC_220359700_Depurador de Ar Suggar 80cm 6 Bocas Slim","G:\Drives compartilhados\OAK-WORKSPACE\01 - JOBS\03 - IA E-COMMERCE\EM_ANDAMENTO\2026-07-JULHO\IAC_220359700_Depurador de Ar Suggar 80cm 6 Bocas Slim"
"218423800","IAC_218423800_Sofá 3 Lugares Suede Spazium Linoforte","G:\Drives compartilhados\OAK-WORKSPACE\01 - JOBS\03 - IA E-COMMERCE\EM_ANDAMENTO\2026-07-JULHO\IAC_218423800_Sofá 3 Lugares Suede Spazium Linoforte"
"220524600","IAC_220524600_Fogão Brastemp 5 Bocas De Embutir Cor Inox Com Mesa De Vidro E Touch Timer Com Autodesligamento - BYS5VCR","G:\Drives compartilhados\OAK-WORKSPACE\01 - JOBS\03 - IA E-COMMERCE\EM_ANDAMENTO\2026-07-JULHO\IAC_220524600_Fogão Brastemp 5 Bocas De Embutir Cor Inox Com Mesa De Vidro E Touch Timer Com Autodesligamento - BYS5VCR"
"220276400","IAC_220276400_Coifa Tbox Ilha Brastemp 100 cm - BAF10AR","G:\Drives compartilhados\OAK-WORKSPACE\01 - JOBS\03 - IA E-COMMERCE\EM_ANDAMENTO\2026-07-JULHO\IAC_220276400_Coifa Tbox Ilha Brastemp 100 cm - BAF10AR"
"220505400","IAC_220505400_Irrigador Oral Multilaser Clearpik Portable HC036 2 Bicos","G:\Drives compartilhados\OAK-WORKSPACE\01 - JOBS\03 - IA E-COMMERCE\EM_ANDAMENTO\2026-07-JULHO\IAC_220505400_Irrigador Oral Multilaser Clearpik Portable HC036 2 Bicos"
"220632100","IAC_220632100_Panela Multiflon Antiaderente 2L 18cm","G:\Drives compartilhados\OAK-WORKSPACE\01 - JOBS\03 - IA E-COMMERCE\EM_ANDAMENTO\2026-07-JULHO\IAC_220632100_Panela Multiflon Antiaderente 2L 18cm"
"220497900","IAC_220497900_Cooktop 5 Bocas Fischer Fit Line 26343-57174 - à Gás GLP-Natural Acendimento Superautomático","G:\Drives compartilhados\OAK-WORKSPACE\01 - JOBS\03 - IA E-COMMERCE\EM_ANDAMENTO\2026-07-JULHO\IAC_220497900_Cooktop 5 Bocas Fischer Fit Line 26343-57174 - à Gás GLP-Natural Acendimento Superautomático"
"218835000","IAC_218835000_Depilador Elétrico Philco Aqua Deluxe sem Fio Seco e Molhado PDP01R","G:\Drives compartilhados\OAK-WORKSPACE\01 - JOBS\03 - IA E-COMMERCE\EM_ANDAMENTO\2026-07-JULHO\IAC_218835000_Depilador Elétrico Philco Aqua Deluxe sem Fio Seco e Molhado PDP01R"
"220374200","IAC_220374200_Chaleira Elétrica Philco Glass PCHD 1,7L","G:\Drives compartilhados\OAK-WORKSPACE\01 - JOBS\03 - IA E-COMMERCE\EM_ANDAMENTO\2026-07-JULHO\IAC_220374200_Chaleira Elétrica Philco Glass PCHD 1,7L"
"218973300","IAC_218973300_Filtro de Água para Geladeira Interno Samsung","G:\Drives compartilhados\OAK-WORKSPACE\01 - JOBS\03 - IA E-COMMERCE\EM_ANDAMENTO\2026-07-JULHO\IAC_218973300_Filtro de Água para Geladeira Interno Samsung"
"220629300","IAC_220629300_Frigideira Antiaderente Multiflon","G:\Drives compartilhados\OAK-WORKSPACE\01 - JOBS\03 - IA E-COMMERCE\EM_ANDAMENTO\2026-07-JULHO\IAC_220629300_Frigideira Antiaderente Multiflon"
"217874900","IAC_217874900_Cabeceira Queen Size Acolchoado Suede Dobuê Movelaria Istambul Mascavo","G:\Drives compartilhados\OAK-WORKSPACE\01 - JOBS\03 - IA E-COMMERCE\EM_ANDAMENTO\2026-07-JULHO\IAC_217874900_Cabeceira Queen Size Acolchoado Suede Dobuê Movelaria Istambul Mascavo"
"220272500","IAC_220272500_Cooktop 5 Bocas Fischer Platinum","G:\Drives compartilhados\OAK-WORKSPACE\01 - JOBS\03 - IA E-COMMERCE\EM_ANDAMENTO\2026-07-JULHO\IAC_220272500_Cooktop 5 Bocas Fischer Platinum"
"218899000","IAC_218899000_Frigideira Antiaderente Multiflon 28cm Preta Dom","G:\Drives compartilhados\OAK-WORKSPACE\01 - JOBS\03 - IA E-COMMERCE\EM_ANDAMENTO\2026-07-JULHO\IAC_218899000_Frigideira Antiaderente Multiflon 28cm Preta Dom"
"220533900","IAC_220533900_Fogão 5 Bocas Brastemp Inox Duplo Forno BFD5NCR","G:\Drives compartilhados\OAK-WORKSPACE\01 - JOBS\03 - IA E-COMMERCE\EM_ANDAMENTO\2026-07-JULHO\IAC_220533900_Fogão 5 Bocas Brastemp Inox Duplo Forno BFD5NCR"
"217771200","IAC_217771200_Extratora-Aspirador de Pó e Água Wap Home Cleaner","G:\Drives compartilhados\OAK-WORKSPACE\01 - JOBS\03 - IA E-COMMERCE\EM_ANDAMENTO\2026-07-JULHO\IAC_217771200_Extratora-Aspirador de Pó e Água Wap Home Cleaner"
"218238500","IAC_218238500_Colchão King Size Castor Mola","G:\Drives compartilhados\OAK-WORKSPACE\01 - JOBS\03 - IA E-COMMERCE\EM_ANDAMENTO\2026-07-JULHO\IAC_218238500_Colchão King Size Castor Mola"
"218899100","IAC_218899100_Frigideira Antiaderente Multiflon 32cm Preta Dom","G:\Drives compartilhados\OAK-WORKSPACE\01 - JOBS\03 - IA E-COMMERCE\EM_ANDAMENTO\2026-07-JULHO\IAC_218899100_Frigideira Antiaderente Multiflon 32cm Preta Dom"
"220976400","IAC_220976400_Sabão Líquido Omo Lavagem Perfeita 5L","G:\Drives compartilhados\OAK-WORKSPACE\01 - JOBS\03 - IA E-COMMERCE\EM_ANDAMENTO\2026-07-JULHO\IAC_220976400_Sabão Líquido Omo Lavagem Perfeita 5L"
"221006200","IAC_221006200_Chuveiro Eletrônico Lorenzetti Ultra Aqua Duo","G:\Drives compartilhados\OAK-WORKSPACE\01 - JOBS\03 - IA E-COMMERCE\EM_ANDAMENTO\2026-07-JULHO\IAC_221006200_Chuveiro Eletrônico Lorenzetti Ultra Aqua Duo"
"221137300","IAC_221137300_Fechadura Digital de Porta Biométrica Intelbras","G:\Drives compartilhados\OAK-WORKSPACE\01 - JOBS\03 - IA E-COMMERCE\EM_ANDAMENTO\2026-07-JULHO\IAC_221137300_Fechadura Digital de Porta Biométrica Intelbras"
"221149300","IAC_221149300_Sabão Líquido Lava Roupas Brilhante Limpeza Total 3L","G:\Drives compartilhados\OAK-WORKSPACE\01 - JOBS\03 - IA E-COMMERCE\EM_ANDAMENTO\2026-07-JULHO\IAC_221149300_Sabão Líquido Lava Roupas Brilhante Limpeza Total 3L"
"220905100","IAC_220905100_Chuveiro Elétrico Lorenzetti Futura 4t 5500w 127v Branco","G:\Drives compartilhados\OAK-WORKSPACE\01 - JOBS\03 - IA E-COMMERCE\EM_ANDAMENTO\2026-07-JULHO\IAC_220905100_Chuveiro Elétrico Lorenzetti Futura 4t 5500w 127v Branco"
"220748300","IAC_220748300_Kit Filtro Hepa para Aspirador de Pó Electrolux","G:\Drives compartilhados\OAK-WORKSPACE\01 - JOBS\03 - IA E-COMMERCE\EM_ANDAMENTO\2026-07-JULHO\IAC_220748300_Kit Filtro Hepa para Aspirador de Pó Electrolux"
"220631600","IAC_220631600_Caçarola Multiflon Antiaderente 2,7L 20cm","G:\Drives compartilhados\OAK-WORKSPACE\01 - JOBS\03 - IA E-COMMERCE\EM_ANDAMENTO\2026-07-JULHO\IAC_220631600_Caçarola Multiflon Antiaderente 2,7L 20cm"
"220702100","IAC_220702100_Forma para Bolo Redonda Antiaderente Multiflon","G:\Drives compartilhados\OAK-WORKSPACE\01 - JOBS\03 - IA E-COMMERCE\EM_ANDAMENTO\2026-07-JULHO\IAC_220702100_Forma para Bolo Redonda Antiaderente Multiflon"
"220634700","IAC_220634700_Panela Multiflon Antiaderente 1,4L 16cm","G:\Drives compartilhados\OAK-WORKSPACE\01 - JOBS\03 - IA E-COMMERCE\EM_ANDAMENTO\2026-07-JULHO\IAC_220634700_Panela Multiflon Antiaderente 1,4L 16cm"
"220631900","IAC_220631900_Caçarola Multiflon Antiaderente 6,3L 26cm","G:\Drives compartilhados\OAK-WORKSPACE\01 - JOBS\03 - IA E-COMMERCE\EM_ANDAMENTO\2026-07-JULHO\IAC_220631900_Caçarola Multiflon Antiaderente 6,3L 26cm"
"220702200","IAC_220702200_Forma para Bolo Redonda Antiaderente Multiflon","G:\Drives compartilhados\OAK-WORKSPACE\01 - JOBS\03 - IA E-COMMERCE\EM_ANDAMENTO\2026-07-JULHO\IAC_220702200_Forma para Bolo Redonda Antiaderente Multiflon"
"220634800","IAC_220634800_Panela Multiflon Antiaderente 2L 18cm","G:\Drives compartilhados\OAK-WORKSPACE\01 - JOBS\03 - IA E-COMMERCE\EM_ANDAMENTO\2026-07-JULHO\IAC_220634800_Panela Multiflon Antiaderente 2L 18cm"
"220631400","IAC_220631400_Caçarola Multiflon Antiaderente 1,4L 16cm","G:\Drives compartilhados\OAK-WORKSPACE\01 - JOBS\03 - IA E-COMMERCE\EM_ANDAMENTO\2026-07-JULHO\IAC_220631400_Caçarola Multiflon Antiaderente 1,4L 16cm"
"220596300","IAC_220596300_Forno Elétrico Layr 46L com Grill Advanced","G:\Drives compartilhados\OAK-WORKSPACE\01 - JOBS\03 - IA E-COMMERCE\EM_ANDAMENTO\2026-07-JULHO\IAC_220596300_Forno Elétrico Layr 46L com Grill Advanced"
"220631800","IAC_220631800_Caçarola Multiflon Antiaderente 5L 24cm","G:\Drives compartilhados\OAK-WORKSPACE\01 - JOBS\03 - IA E-COMMERCE\EM_ANDAMENTO\2026-07-JULHO\IAC_220631800_Caçarola Multiflon Antiaderente 5L 24cm"
"220631500","IAC_220631500_Caçarola Multiflon Antiaderente 2L 18cm","G:\Drives compartilhados\OAK-WORKSPACE\01 - JOBS\03 - IA E-COMMERCE\EM_ANDAMENTO\2026-07-JULHO\IAC_220631500_Caçarola Multiflon Antiaderente 2L 18cm"
"220624700","IAC_220624700_Colchão Casal Ortobom Mola 32cm de Altura","G:\Drives compartilhados\OAK-WORKSPACE\01 - JOBS\03 - IA E-COMMERCE\EM_ANDAMENTO\2026-07-JULHO\IAC_220624700_Colchão Casal Ortobom Mola 32cm de Altura"
"221006000","IAC_221006000_Chuveiro Eletrico Lorenzetti Acqua Duo Branca 127V 5500W","G:\Drives compartilhados\OAK-WORKSPACE\01 - JOBS\03 - IA E-COMMERCE\EM_ANDAMENTO\2026-07-JULHO\IAC_221006000_Chuveiro Eletrico Lorenzetti Acqua Duo Branca 127V 5500W"
"220631700","IAC_220631700_Caçarola Multiflon Antiaderente 3,8L 22cm","G:\Drives compartilhados\OAK-WORKSPACE\01 - JOBS\03 - IA E-COMMERCE\EM_ANDAMENTO\2026-07-JULHO\IAC_220631700_Caçarola Multiflon Antiaderente 3,8L 22cm"
"220880500","IAC_220880500_Pinador Profissional Pneumático 10 A 50mm  574109  Mtx","G:\Drives compartilhados\OAK-WORKSPACE\01 - JOBS\03 - IA E-COMMERCE\EM_ANDAMENTO\2026-07-JULHO\IAC_220880500_Pinador Profissional Pneumático 10 A 50mm  574109  Mtx"
"220634600","IAC_220634600_Caçarola Multiflon Antiaderente 3,5L 22cm 1,4mm","G:\Drives compartilhados\OAK-WORKSPACE\01 - JOBS\03 - IA E-COMMERCE\EM_ANDAMENTO\2026-07-JULHO\IAC_220634600_Caçarola Multiflon Antiaderente 3,5L 22cm 1,4mm"
"220894800","IAC_220894800_Cadeira de Alimentação Safety 1st Jelly - 3 Posições de Altura para Crianças até 25kg","G:\Drives compartilhados\OAK-WORKSPACE\01 - JOBS\03 - IA E-COMMERCE\EM_ANDAMENTO\2026-07-JULHO\IAC_220894800_Cadeira de Alimentação Safety 1st Jelly - 3 Posições de Altura para Crianças até 25kg"
"220634500","IAC_220634500_Caçarola Multiflon Antiaderente 2,7L 18cm 1,4mm","G:\Drives compartilhados\OAK-WORKSPACE\01 - JOBS\03 - IA E-COMMERCE\EM_ANDAMENTO\2026-07-JULHO\IAC_220634500_Caçarola Multiflon Antiaderente 2,7L 18cm 1,4mm"
"221290600","IAC_221290600_Omeleteira Elétrica Lenoxx Preta Gourmet Inox","G:\Drives compartilhados\OAK-WORKSPACE\01 - JOBS\03 - IA E-COMMERCE\EM_ANDAMENTO\2026-07-JULHO\IAC_221290600_Omeleteira Elétrica Lenoxx Preta Gourmet Inox"
"221544100","IAC_221544100_Boneco Colecionável Shorts Donald 10,5cm","G:\Drives compartilhados\OAK-WORKSPACE\01 - JOBS\03 - IA E-COMMERCE\EM_ANDAMENTO\2026-07-JULHO\IAC_221544100_Boneco Colecionável Shorts Donald 10,5cm"
"221420400","IAC_221420400_Passadeira a Vapor Cadence Portátil Lisser Pro 1,5L 1500W Branco","G:\Drives compartilhados\OAK-WORKSPACE\01 - JOBS\03 - IA E-COMMERCE\EM_ANDAMENTO\2026-07-JULHO\IAC_221420400_Passadeira a Vapor Cadence Portátil Lisser Pro 1,5L 1500W Branco"
"221531500","IAC_221531500_Pipoqueira Elétrica Philco Retrô Classic","G:\Drives compartilhados\OAK-WORKSPACE\01 - JOBS\03 - IA E-COMMERCE\EM_ANDAMENTO\2026-07-JULHO\IAC_221531500_Pipoqueira Elétrica Philco Retrô Classic"
"221544300","IAC_221544300_Boneco Colecionável Shorts Pluto 10,5cm","G:\Drives compartilhados\OAK-WORKSPACE\01 - JOBS\03 - IA E-COMMERCE\EM_ANDAMENTO\2026-07-JULHO\IAC_221544300_Boneco Colecionável Shorts Pluto 10,5cm"
"221358900","IAC_221358900_Brinquedo para Cachorro Osso de Borracha Busy Buddy Waggle PetSafe","G:\Drives compartilhados\OAK-WORKSPACE\01 - JOBS\03 - IA E-COMMERCE\EM_ANDAMENTO\2026-07-JULHO\IAC_221358900_Brinquedo para Cachorro Osso de Borracha Busy Buddy Waggle PetSafe"
"221359200","IAC_221359200_Brinquedo para Cachorro de Borracha Busy Buddy Squirrel Dude PetSafe","G:\Drives compartilhados\OAK-WORKSPACE\01 - JOBS\03 - IA E-COMMERCE\EM_ANDAMENTO\2026-07-JULHO\IAC_221359200_Brinquedo para Cachorro de Borracha Busy Buddy Squirrel Dude PetSafe"
"221169800","IAC_221169800_Micro-ondas Electrolux 27L Branco com 55 receitas pré-programadas e Função Tira Odor (MB37R)","G:\Drives compartilhados\OAK-WORKSPACE\01 - JOBS\03 - IA E-COMMERCE\EM_ANDAMENTO\2026-07-JULHO\IAC_221169800_Micro-ondas Electrolux 27L Branco com 55 receitas pré-programadas e Função Tira Odor (MB37R)"
"221359000","IAC_221359000_Brinquedo para Cachorro Osso de Borracha Busy Buddy Waggle PetSafe","G:\Drives compartilhados\OAK-WORKSPACE\01 - JOBS\03 - IA E-COMMERCE\EM_ANDAMENTO\2026-07-JULHO\IAC_221359000_Brinquedo para Cachorro Osso de Borracha Busy Buddy Waggle PetSafe"
"221359100","IAC_221359100_Brinquedo para Cachorro de Borracha Busy Buddy Squirrel Dude PetSafe","G:\Drives compartilhados\OAK-WORKSPACE\01 - JOBS\03 - IA E-COMMERCE\EM_ANDAMENTO\2026-07-JULHO\IAC_221359100_Brinquedo para Cachorro de Borracha Busy Buddy Squirrel Dude PetSafe"
"221231500","IAC_221231500_Roçadeira à Gasolina Intech Machine Skim 5500 - 2.2HP 55cc Lâmina 3 Pontas","G:\Drives compartilhados\OAK-WORKSPACE\01 - JOBS\03 - IA E-COMMERCE\EM_ANDAMENTO\2026-07-JULHO\IAC_221231500_Roçadeira à Gasolina Intech Machine Skim 5500 - 2.2HP 55cc Lâmina 3 Pontas"
"221257300","IAC_221257300_Mesa de Pebolim Residencial Pangué 865","G:\Drives compartilhados\OAK-WORKSPACE\01 - JOBS\03 - IA E-COMMERCE\EM_ANDAMENTO\2026-07-JULHO\IAC_221257300_Mesa de Pebolim Residencial Pangué 865"
"222100100","IAC_222100100_Pneu Bridgestone Aro 15 Dueler A-T 693 205-70R15 96T","G:\Drives compartilhados\OAK-WORKSPACE\01 - JOBS\03 - IA E-COMMERCE\EM_ANDAMENTO\2026-07-JULHO\IAC_222100100_Pneu Bridgestone Aro 15 Dueler A-T 693 205-70R15 96T"
"222368000","IAC_222368000_Fogão 4 Bocas Fischer Silver Acendimento Automático 4Q Grand Cheff","G:\Drives compartilhados\OAK-WORKSPACE\01 - JOBS\03 - IA E-COMMERCE\EM_ANDAMENTO\2026-07-JULHO\IAC_222368000_Fogão 4 Bocas Fischer Silver Acendimento Automático 4Q Grand Cheff"
"221711600","IAC_221711600_Forno Elétrico Layr Branco 46L com Grill","G:\Drives compartilhados\OAK-WORKSPACE\01 - JOBS\03 - IA E-COMMERCE\EM_ANDAMENTO\2026-07-JULHO\IAC_221711600_Forno Elétrico Layr Branco 46L com Grill"
"221644000","IAC_221644000_Forno Elétrico Fischer com Grill 48L","G:\Drives compartilhados\OAK-WORKSPACE\01 - JOBS\03 - IA E-COMMERCE\EM_ANDAMENTO\2026-07-JULHO\IAC_221644000_Forno Elétrico Fischer com Grill 48L"
"224034700","IAC_224034700_Faqueiro Tramontina Inox Mônaco 66917207 42 Peças","G:\Drives compartilhados\OAK-WORKSPACE\01 - JOBS\03 - IA E-COMMERCE\EM_ANDAMENTO\2026-07-JULHO\IAC_224034700_Faqueiro Tramontina Inox Mônaco 66917207 42 Peças"
"224108100","IAC_224108100_Maquina de Lavar Roupas Automatica 15kg Colormaq LCA15 Turbo Lavagem","G:\Drives compartilhados\OAK-WORKSPACE\01 - JOBS\03 - IA E-COMMERCE\EM_ANDAMENTO\2026-07-JULHO\IAC_224108100_Maquina de Lavar Roupas Automatica 15kg Colormaq LCA15 Turbo Lavagem"
"221544400","IAC_221544400_Boneco Colecionável Shorts Mickey 10,5cm","G:\Drives compartilhados\OAK-WORKSPACE\01 - JOBS\03 - IA E-COMMERCE\EM_ANDAMENTO\2026-07-JULHO\IAC_221544400_Boneco Colecionável Shorts Mickey 10,5cm"
"221549300","IAC_221549300_Furadeira de Impacto Bosch 450W","G:\Drives compartilhados\OAK-WORKSPACE\01 - JOBS\03 - IA E-COMMERCE\EM_ANDAMENTO\2026-07-JULHO\IAC_221549300_Furadeira de Impacto Bosch 450W"
"221544500","IAC_221544500_Boneco Colecionável Shorts Minnie 10,5cm","G:\Drives compartilhados\OAK-WORKSPACE\01 - JOBS\03 - IA E-COMMERCE\EM_ANDAMENTO\2026-07-JULHO\IAC_221544500_Boneco Colecionável Shorts Minnie 10,5cm"
"224035900","IAC_224035900_Faqueiro Tramontina Inox Mônaco 66917217 101 Peças","G:\Drives compartilhados\OAK-WORKSPACE\01 - JOBS\03 - IA E-COMMERCE\EM_ANDAMENTO\2026-07-JULHO\IAC_224035900_Faqueiro Tramontina Inox Mônaco 66917217 101 Peças"
"224120600","IAC_224120600_Caçarola Tramontina Antiaderente Vermelho 2,8L 20cm Loreto 20382720","G:\Drives compartilhados\OAK-WORKSPACE\01 - JOBS\03 - IA E-COMMERCE\EM_ANDAMENTO\2026-07-JULHO\IAC_224120600_Caçarola Tramontina Antiaderente Vermelho 2,8L 20cm Loreto 20382720"
"222058400","IAC_222058400_Batedeira Philco Vermelha 500W PBT510V","G:\Drives compartilhados\OAK-WORKSPACE\01 - JOBS\03 - IA E-COMMERCE\EM_ANDAMENTO\2026-07-JULHO\IAC_222058400_Batedeira Philco Vermelha 500W PBT510V"
"222069700","IAC_222069700_Micro-ondas Inox Fischer 25L de Embutir","G:\Drives compartilhados\OAK-WORKSPACE\01 - JOBS\03 - IA E-COMMERCE\EM_ANDAMENTO\2026-07-JULHO\IAC_222069700_Micro-ondas Inox Fischer 25L de Embutir"
"221712100","IAC_221712100_Coifa de parede tramontina inox de embutir incasso 75","G:\Drives compartilhados\OAK-WORKSPACE\01 - JOBS\03 - IA E-COMMERCE\EM_ANDAMENTO\2026-07-JULHO\IAC_221712100_Coifa de parede tramontina inox de embutir incasso 75"
"223021400","IAC_223021400_Multiprocessador de Alimentos Philco Vermelho","G:\Drives compartilhados\OAK-WORKSPACE\01 - JOBS\03 - IA E-COMMERCE\EM_ANDAMENTO\2026-07-JULHO\IAC_223021400_Multiprocessador de Alimentos Philco Vermelho"
"222360000","IAC_222360000_Pneu Pirelli Aro 14 P400 Evo 175-65R14 82H","G:\Drives compartilhados\OAK-WORKSPACE\01 - JOBS\03 - IA E-COMMERCE\EM_ANDAMENTO\2026-07-JULHO\IAC_222360000_Pneu Pirelli Aro 14 P400 Evo 175-65R14 82H"
"221544200","IAC_221544200_Boneco Colecionável Shorts Goofy 10,5cm","G:\Drives compartilhados\OAK-WORKSPACE\01 - JOBS\03 - IA E-COMMERCE\EM_ANDAMENTO\2026-07-JULHO\IAC_221544200_Boneco Colecionável Shorts Goofy 10,5cm"
"224069200","IAC_224069200_Headphone Bluetooth AKG Y500 Dourado","G:\Drives compartilhados\OAK-WORKSPACE\01 - JOBS\03 - IA E-COMMERCE\EM_ANDAMENTO\2026-07-JULHO\IAC_224069200_Headphone Bluetooth AKG Y500 Dourado"
"224717900","IAC_224717900_Jogo 2 Pneus Bridgestone Aro 17 Turanza T005 205-55R17 91V","G:\Drives compartilhados\OAK-WORKSPACE\01 - JOBS\03 - IA E-COMMERCE\EM_ANDAMENTO\2026-07-JULHO\IAC_224717900_Jogo 2 Pneus Bridgestone Aro 17 Turanza T005 205-55R17 91V"
"224916100","IAC_224916100_Pneu Pirelli Aro 17 Scorpion ATR 225-65R17 102H","G:\Drives compartilhados\OAK-WORKSPACE\01 - JOBS\03 - IA E-COMMERCE\EM_ANDAMENTO\2026-07-JULHO\IAC_224916100_Pneu Pirelli Aro 17 Scorpion ATR 225-65R17 102H"
"224623200","IAC_224623200_Caçarola Hercules Inox Prata 33L 40cm Performance PA50-023","G:\Drives compartilhados\OAK-WORKSPACE\01 - JOBS\03 - IA E-COMMERCE\EM_ANDAMENTO\2026-07-JULHO\IAC_224623200_Caçarola Hercules Inox Prata 33L 40cm Performance PA50-023"
"224915400","IAC_224915400_Pneu Aro 16 Pirelli Scorpion Verde All Season 215-65R16 102H","G:\Drives compartilhados\OAK-WORKSPACE\01 - JOBS\03 - IA E-COMMERCE\EM_ANDAMENTO\2026-07-JULHO\IAC_224915400_Pneu Aro 16 Pirelli Scorpion Verde All Season 215-65R16 102H"
"224586700","IAC_224586700_Webcam Full HD Logitech C920S com Microfone","G:\Drives compartilhados\OAK-WORKSPACE\01 - JOBS\03 - IA E-COMMERCE\EM_ANDAMENTO\2026-07-JULHO\IAC_224586700_Webcam Full HD Logitech C920S com Microfone"
"224807300","IAC_224807300_Bicicleta Infantil Aro 16 South Bike Cissa Nininha","G:\Drives compartilhados\OAK-WORKSPACE\01 - JOBS\03 - IA E-COMMERCE\EM_ANDAMENTO\2026-07-JULHO\IAC_224807300_Bicicleta Infantil Aro 16 South Bike Cissa Nininha"
"224512000","IAC_224512000_Canguru para Bebê Cosco Kids Loop","G:\Drives compartilhados\OAK-WORKSPACE\01 - JOBS\03 - IA E-COMMERCE\EM_ANDAMENTO\2026-07-JULHO\IAC_224512000_Canguru para Bebê Cosco Kids Loop"
"224634600","IAC_224634600_Som Automotivo Pioneer MVH-X3000BT Bluetooth USB","G:\Drives compartilhados\OAK-WORKSPACE\01 - JOBS\03 - IA E-COMMERCE\EM_ANDAMENTO\2026-07-JULHO\IAC_224634600_Som Automotivo Pioneer MVH-X3000BT Bluetooth USB"
"224574100","IAC_224574100_Pneu Michelin Aro 16 Primacy 4 205-55R16 91V","G:\Drives compartilhados\OAK-WORKSPACE\01 - JOBS\03 - IA E-COMMERCE\EM_ANDAMENTO\2026-07-JULHO\IAC_224574100_Pneu Michelin Aro 16 Primacy 4 205-55R16 91V"
"224622000","IAC_224622000_Caçarola Hercules Inox Prata 17,5L 36cm Performance PA50-021","G:\Drives compartilhados\OAK-WORKSPACE\01 - JOBS\03 - IA E-COMMERCE\EM_ANDAMENTO\2026-07-JULHO\IAC_224622000_Caçarola Hercules Inox Prata 17,5L 36cm Performance PA50-021"
"224628300","IAC_224628300_Bomba Tira Leite Materno com Ajuste Fino de Sucção Compact Branco G-tech","G:\Drives compartilhados\OAK-WORKSPACE\01 - JOBS\03 - IA E-COMMERCE\EM_ANDAMENTO\2026-07-JULHO\IAC_224628300_Bomba Tira Leite Materno com Ajuste Fino de Sucção Compact Branco G-tech"
"224595400","IAC_224595400_Triciclo Passeio e Pedal Infantil Maral Baby City Menina","G:\Drives compartilhados\OAK-WORKSPACE\01 - JOBS\03 - IA E-COMMERCE\EM_ANDAMENTO\2026-07-JULHO\IAC_224595400_Triciclo Passeio e Pedal Infantil Maral Baby City Menina"
"224121800","IAC_224121800_Fervedor Tramontina Antiaderente 1,7L 15,2cm Loreto","G:\Drives compartilhados\OAK-WORKSPACE\01 - JOBS\03 - IA E-COMMERCE\EM_ANDAMENTO\2026-07-JULHO\IAC_224121800_Fervedor Tramontina Antiaderente 1,7L 15,2cm Loreto"
"222374000","IAC_222374000_Nebulizador-Inalador Portátil Ultrassônico Adulto e Infantil G-Tech Ultraneb Desk 2","G:\Drives compartilhados\OAK-WORKSPACE\01 - JOBS\03 - IA E-COMMERCE\EM_ANDAMENTO\2026-07-JULHO\IAC_222374000_Nebulizador-Inalador Portátil Ultrassônico Adulto e Infantil G-Tech Ultraneb Desk 2"
"222479600","IAC_222479600_Air Fryer Nell Grand Família Preto 5L","G:\Drives compartilhados\OAK-WORKSPACE\01 - JOBS\03 - IA E-COMMERCE\EM_ANDAMENTO\2026-07-JULHO\IAC_222479600_Air Fryer Nell Grand Família Preto 5L"
"224121700","IAC_224121700_Fervedor Tramontina Antiaderente 1L 13,2cm Loreto","G:\Drives compartilhados\OAK-WORKSPACE\01 - JOBS\03 - IA E-COMMERCE\EM_ANDAMENTO\2026-07-JULHO\IAC_224121700_Fervedor Tramontina Antiaderente 1L 13,2cm Loreto"
"224432200","IAC_224432200_Frigideira Antiaderente Multiflon de Alumínio 47028 28cm","G:\Drives compartilhados\OAK-WORKSPACE\01 - JOBS\03 - IA E-COMMERCE\EM_ANDAMENTO\2026-07-JULHO\IAC_224432200_Frigideira Antiaderente Multiflon de Alumínio 47028 28cm"
"224121400","IAC_224121400_Panela Tramontina Antiaderente de Alumínio Grafite 20cm 2,8L Loreto","G:\Drives compartilhados\OAK-WORKSPACE\01 - JOBS\03 - IA E-COMMERCE\EM_ANDAMENTO\2026-07-JULHO\IAC_224121400_Panela Tramontina Antiaderente de Alumínio Grafite 20cm 2,8L Loreto"
"224120700","IAC_224120700_Caçarola Tramontina Antiaderente Vermelho 3,7L 22cm Loreto 20382722","G:\Drives compartilhados\OAK-WORKSPACE\01 - JOBS\03 - IA E-COMMERCE\EM_ANDAMENTO\2026-07-JULHO\IAC_224120700_Caçarola Tramontina Antiaderente Vermelho 3,7L 22cm Loreto 20382722"
"224120500","IAC_224120500_Caçarola Tramontina Antiaderente Grafite 2,8L 20cm Loreto 20382020","G:\Drives compartilhados\OAK-WORKSPACE\01 - JOBS\03 - IA E-COMMERCE\EM_ANDAMENTO\2026-07-JULHO\IAC_224120500_Caçarola Tramontina Antiaderente Grafite 2,8L 20cm Loreto 20382020"
"224432100","IAC_224432100_Frigideira Antiaderente Multiflon de Alumínio 47024 24cm","G:\Drives compartilhados\OAK-WORKSPACE\01 - JOBS\03 - IA E-COMMERCE\EM_ANDAMENTO\2026-07-JULHO\IAC_224432100_Frigideira Antiaderente Multiflon de Alumínio 47024 24cm"
"224122300","IAC_224122300_Bistequeira Tramontina Antiaderente Alumínio 22cm Loreto","G:\Drives compartilhados\OAK-WORKSPACE\01 - JOBS\03 - IA E-COMMERCE\EM_ANDAMENTO\2026-07-JULHO\IAC_224122300_Bistequeira Tramontina Antiaderente Alumínio 22cm Loreto"
"224482200","IAC_224482200_Carrinho de Bebê com Bebê Conforto Cosco Kids Travel System Poppy Trio 0 a 15kg","G:\Drives compartilhados\OAK-WORKSPACE\01 - JOBS\03 - IA E-COMMERCE\EM_ANDAMENTO\2026-07-JULHO\IAC_224482200_Carrinho de Bebê com Bebê Conforto Cosco Kids Travel System Poppy Trio 0 a 15kg"
"224121900","IAC_224121900_Fervedor Tramontina Antiaderente 1,7L 15,2cm Loreto","G:\Drives compartilhados\OAK-WORKSPACE\01 - JOBS\03 - IA E-COMMERCE\EM_ANDAMENTO\2026-07-JULHO\IAC_224121900_Fervedor Tramontina Antiaderente 1,7L 15,2cm Loreto"
"224432300","IAC_224432300_Frigideira Antiaderente Multiflon de Alumínio 47032 32cm","G:\Drives compartilhados\OAK-WORKSPACE\01 - JOBS\03 - IA E-COMMERCE\EM_ANDAMENTO\2026-07-JULHO\IAC_224432300_Frigideira Antiaderente Multiflon de Alumínio 47032 32cm"
"224121300","IAC_224121300_Panela Tramontina Antiaderente de Alumínio Vermelha 18cm 2L Loreto","G:\Drives compartilhados\OAK-WORKSPACE\01 - JOBS\03 - IA E-COMMERCE\EM_ANDAMENTO\2026-07-JULHO\IAC_224121300_Panela Tramontina Antiaderente de Alumínio Vermelha 18cm 2L Loreto"
"224264400","IAC_224264400_Aspirador de Pó Portátil e Vertical Wap Filtro HEPA 1000W High Speed Vermelho e Preto","G:\Drives compartilhados\OAK-WORKSPACE\01 - JOBS\03 - IA E-COMMERCE\EM_ANDAMENTO\2026-07-JULHO\IAC_224264400_Aspirador de Pó Portátil e Vertical Wap Filtro HEPA 1000W High Speed Vermelho e Preto"
"224122200","IAC_224122200_Bistequeira Tramontina Antiaderente Alumínio 22cm Loreto","G:\Drives compartilhados\OAK-WORKSPACE\01 - JOBS\03 - IA E-COMMERCE\EM_ANDAMENTO\2026-07-JULHO\IAC_224122200_Bistequeira Tramontina Antiaderente Alumínio 22cm Loreto"
"224121600","IAC_224121600_Fervedor Tramontina Antiaderente 1L 13,2cm Loreto","G:\Drives compartilhados\OAK-WORKSPACE\01 - JOBS\03 - IA E-COMMERCE\EM_ANDAMENTO\2026-07-JULHO\IAC_224121600_Fervedor Tramontina Antiaderente 1L 13,2cm Loreto"
"224121500","IAC_224121500_Panela Tramontina Antiaderente de Alumínio Vermelha 20cm 2,8L Loreto","G:\Drives compartilhados\OAK-WORKSPACE\01 - JOBS\03 - IA E-COMMERCE\EM_ANDAMENTO\2026-07-JULHO\IAC_224121500_Panela Tramontina Antiaderente de Alumínio Vermelha 20cm 2,8L Loreto"
"224121200","IAC_224121200_Panela Tramontina Antiaderente de Alumínio Grafite 18cm 2L Loreto","G:\Drives compartilhados\OAK-WORKSPACE\01 - JOBS\03 - IA E-COMMERCE\EM_ANDAMENTO\2026-07-JULHO\IAC_224121200_Panela Tramontina Antiaderente de Alumínio Grafite 18cm 2L Loreto"
"224485400","IAC_224485400_Plants vs. Zombies- Batalha por Neighborville","G:\Drives compartilhados\OAK-WORKSPACE\01 - JOBS\03 - IA E-COMMERCE\EM_ANDAMENTO\2026-07-JULHO\IAC_224485400_Plants vs. Zombies- Batalha por Neighborville"
"224432400","IAC_224432400_Frigideira Antiaderente Multiflon de Alumínio 47036 36cm","G:\Drives compartilhados\OAK-WORKSPACE\01 - JOBS\03 - IA E-COMMERCE\EM_ANDAMENTO\2026-07-JULHO\IAC_224432400_Frigideira Antiaderente Multiflon de Alumínio 47036 36cm"
"224821500","IAC_224821500_Cômoda Sapateira 1 Porta 5 Gavetas Móveis Lanza - Ibiza","G:\Drives compartilhados\OAK-WORKSPACE\01 - JOBS\03 - IA E-COMMERCE\EM_ANDAMENTO\2026-07-JULHO\IAC_224821500_Cômoda Sapateira 1 Porta 5 Gavetas Móveis Lanza - Ibiza"
"225595200","IAC_225595200_Amaciante Ypê Tradicional Aconchego Ultra 5L","G:\Drives compartilhados\OAK-WORKSPACE\01 - JOBS\03 - IA E-COMMERCE\EM_ANDAMENTO\2026-07-JULHO\IAC_225595200_Amaciante Ypê Tradicional Aconchego Ultra 5L"
"225588600","IAC_225588600_Frigideira Antiaderente Hercules de Alumínio","G:\Drives compartilhados\OAK-WORKSPACE\01 - JOBS\03 - IA E-COMMERCE\EM_ANDAMENTO\2026-07-JULHO\IAC_225588600_Frigideira Antiaderente Hercules de Alumínio"
"226476900","IAC_226476900_Cooktop Mueller 4 Bocas Queimador Ultra Chama G5 601270001 Preto Bivolt","G:\Drives compartilhados\OAK-WORKSPACE\01 - JOBS\03 - IA E-COMMERCE\EM_ANDAMENTO\2026-07-JULHO\IAC_226476900_Cooktop Mueller 4 Bocas Queimador Ultra Chama G5 601270001 Preto Bivolt"
"225420800","IAC_225420800_Coifa de Parede Continental 90cm 5 e 6 Bocas Inox","G:\Drives compartilhados\OAK-WORKSPACE\01 - JOBS\03 - IA E-COMMERCE\EM_ANDAMENTO\2026-07-JULHO\IAC_225420800_Coifa de Parede Continental 90cm 5 e 6 Bocas Inox"
"226146700","IAC_226146700_Gin Amázzoni Tradicional 750ml","G:\Drives compartilhados\OAK-WORKSPACE\01 - JOBS\03 - IA E-COMMERCE\EM_ANDAMENTO\2026-07-JULHO\IAC_226146700_Gin Amázzoni Tradicional 750ml"
"225511800","IAC_225511800_Sofá Retrátil Reclinável 4 Lugares Suede Moviment Grazzia Linoforte","G:\Drives compartilhados\OAK-WORKSPACE\01 - JOBS\03 - IA E-COMMERCE\EM_ANDAMENTO\2026-07-JULHO\IAC_225511800_Sofá Retrátil Reclinável 4 Lugares Suede Moviment Grazzia Linoforte"
"225281200","IAC_225281200_Cadeirinha de Descanso Mastela Reclinável Vibratória com Móbile Rocker Elefante até 18kg","G:\Drives compartilhados\OAK-WORKSPACE\01 - JOBS\03 - IA E-COMMERCE\EM_ANDAMENTO\2026-07-JULHO\IAC_225281200_Cadeirinha de Descanso Mastela Reclinável Vibratória com Móbile Rocker Elefante até 18kg"
"225697100","IAC_225697100_Espremedor de Alho Tramontina","G:\Drives compartilhados\OAK-WORKSPACE\01 - JOBS\03 - IA E-COMMERCE\EM_ANDAMENTO\2026-07-JULHO\IAC_225697100_Espremedor de Alho Tramontina"
"226534800","IAC_226534800_Gin Langleys London Dry Seco First Chapter","G:\Drives compartilhados\OAK-WORKSPACE\01 - JOBS\03 - IA E-COMMERCE\EM_ANDAMENTO\2026-07-JULHO\IAC_226534800_Gin Langleys London Dry Seco First Chapter"
"227130900","IAC_227130900_Mesa Gamer XT Racer XTM1003 Experience Series Preto","G:\Drives compartilhados\OAK-WORKSPACE\01 - JOBS\03 - IA E-COMMERCE\EM_ANDAMENTO\2026-07-JULHO\IAC_227130900_Mesa Gamer XT Racer XTM1003 Experience Series Preto"
"226972700","IAC_226972700_Depurador de Ar Philco 60cm 4 Bocas","G:\Drives compartilhados\OAK-WORKSPACE\01 - JOBS\03 - IA E-COMMERCE\EM_ANDAMENTO\2026-07-JULHO\IAC_226972700_Depurador de Ar Philco 60cm 4 Bocas"
"227312800","IAC_227312800_Vitrola Raveo Spazio K7, FM, Vinil, Cd e Bluetooth Bivolt","G:\Drives compartilhados\OAK-WORKSPACE\01 - JOBS\03 - IA E-COMMERCE\EM_ANDAMENTO\2026-07-JULHO\IAC_227312800_Vitrola Raveo Spazio K7, FM, Vinil, Cd e Bluetooth Bivolt"
"227010600","IAC_227010600_Copo Infantil Antivazamento com Canudo e Tampa","G:\Drives compartilhados\OAK-WORKSPACE\01 - JOBS\03 - IA E-COMMERCE\EM_ANDAMENTO\2026-07-JULHO\IAC_227010600_Copo Infantil Antivazamento com Canudo e Tampa"
"226510700","IAC_226510700_Pia de Cozinha em Mármore Sintético com Cuba em Aço Inox 150cmx55cm AJ Rorato","G:\Drives compartilhados\OAK-WORKSPACE\01 - JOBS\03 - IA E-COMMERCE\EM_ANDAMENTO\2026-07-JULHO\IAC_226510700_Pia de Cozinha em Mármore Sintético com Cuba em Aço Inox 150cmx55cm AJ Rorato"
"226287500","IAC_226287500_Caçarola Tramontina Antiaderente com Tampa Vermelha 3,7L 22cm Turim","G:\Drives compartilhados\OAK-WORKSPACE\01 - JOBS\03 - IA E-COMMERCE\EM_ANDAMENTO\2026-07-JULHO\IAC_226287500_Caçarola Tramontina Antiaderente com Tampa Vermelha 3,7L 22cm Turim"
"227313100","IAC_227313100_Toca Discos HI FI Raveo Sonetto Chrome, Vinyl, Bluetooth, USB, Aux, Preto - 26396","G:\Drives compartilhados\OAK-WORKSPACE\01 - JOBS\03 - IA E-COMMERCE\EM_ANDAMENTO\2026-07-JULHO\IAC_227313100_Toca Discos HI FI Raveo Sonetto Chrome, Vinyl, Bluetooth, USB, Aux, Preto - 26396"
"226773000","IAC_226773000_Skate Barbie Fun com Kit de Proteção","G:\Drives compartilhados\OAK-WORKSPACE\01 - JOBS\03 - IA E-COMMERCE\EM_ANDAMENTO\2026-07-JULHO\IAC_226773000_Skate Barbie Fun com Kit de Proteção"
"226594500","IAC_226594500_Espremedor de Frutas com Ralador","G:\Drives compartilhados\OAK-WORKSPACE\01 - JOBS\03 - IA E-COMMERCE\EM_ANDAMENTO\2026-07-JULHO\IAC_226594500_Espremedor de Frutas com Ralador"
"226563700","IAC_226563700_Cerveja Budweiser American Lager 330ml Long Neck 6 Unidades","G:\Drives compartilhados\OAK-WORKSPACE\01 - JOBS\03 - IA E-COMMERCE\EM_ANDAMENTO\2026-07-JULHO\IAC_226563700_Cerveja Budweiser American Lager 330ml Long Neck 6 Unidades"
"226931500","IAC_226931500_Centrifuga de Salada Ghidini Vera","G:\Drives compartilhados\OAK-WORKSPACE\01 - JOBS\03 - IA E-COMMERCE\EM_ANDAMENTO\2026-07-JULHO\IAC_226931500_Centrifuga de Salada Ghidini Vera"
"227010700","IAC_227010700_Copo Infantil Antivazamento com Canudo e Tampa","G:\Drives compartilhados\OAK-WORKSPACE\01 - JOBS\03 - IA E-COMMERCE\EM_ANDAMENTO\2026-07-JULHO\IAC_227010700_Copo Infantil Antivazamento com Canudo e Tampa"
"226510200","IAC_226510200_Pia para Cozinha em Mármore Sintético com Cuba em Aço Inox 120cmx55cm Aj Rorato","G:\Drives compartilhados\OAK-WORKSPACE\01 - JOBS\03 - IA E-COMMERCE\EM_ANDAMENTO\2026-07-JULHO\IAC_226510200_Pia para Cozinha em Mármore Sintético com Cuba em Aço Inox 120cmx55cm Aj Rorato"
"227293600","IAC_227293600_Impressora Matricial Epson FX-890II","G:\Drives compartilhados\OAK-WORKSPACE\01 - JOBS\03 - IA E-COMMERCE\EM_ANDAMENTO\2026-07-JULHO\IAC_227293600_Impressora Matricial Epson FX-890II"
"226298000","IAC_226298000_Frigideira Antiaderente Tramontina de Alumínio Mônaco Induction Preta 26cm","G:\Drives compartilhados\OAK-WORKSPACE\01 - JOBS\03 - IA E-COMMERCE\EM_ANDAMENTO\2026-07-JULHO\IAC_226298000_Frigideira Antiaderente Tramontina de Alumínio Mônaco Induction Preta 26cm"
"225421900","IAC_225421900_Máquina de Cortar Cabelo Philips sem Fio - Hair Clipper Série 5000 28 Níveis de Altura","G:\Drives compartilhados\OAK-WORKSPACE\01 - JOBS\03 - IA E-COMMERCE\EM_ANDAMENTO\2026-07-JULHO\IAC_225421900_Máquina de Cortar Cabelo Philips sem Fio - Hair Clipper Série 5000 28 Níveis de Altura"
"224993500","IAC_224993500_Fechadura Digital Intelbras FR 10 com Senha","G:\Drives compartilhados\OAK-WORKSPACE\01 - JOBS\03 - IA E-COMMERCE\EM_ANDAMENTO\2026-07-JULHO\IAC_224993500_Fechadura Digital Intelbras FR 10 com Senha"
"225274400","IAC_225274400_Pneu Aro 17 Bridgestone 225-45 R17 91Y Turanza T005","G:\Drives compartilhados\OAK-WORKSPACE\01 - JOBS\03 - IA E-COMMERCE\EM_ANDAMENTO\2026-07-JULHO\IAC_225274400_Pneu Aro 17 Bridgestone 225-45 R17 91Y Turanza T005"
"225547400","IAC_225547400_Papel Higiênico Folha Dupla Sublime Softys 24 Rolos 30m","G:\Drives compartilhados\OAK-WORKSPACE\01 - JOBS\03 - IA E-COMMERCE\EM_ANDAMENTO\2026-07-JULHO\IAC_225547400_Papel Higiênico Folha Dupla Sublime Softys 24 Rolos 30m"
"225182300","IAC_225182300_Extratora 3 em 1 Wap Carpet Cleaner Pro 50 40L","G:\Drives compartilhados\OAK-WORKSPACE\01 - JOBS\03 - IA E-COMMERCE\EM_ANDAMENTO\2026-07-JULHO\IAC_225182300_Extratora 3 em 1 Wap Carpet Cleaner Pro 50 40L"
"224820700","IAC_224820700_Cômoda Sapateira 2 Portas 5 Gavetas","G:\Drives compartilhados\OAK-WORKSPACE\01 - JOBS\03 - IA E-COMMERCE\EM_ANDAMENTO\2026-07-JULHO\IAC_224820700_Cômoda Sapateira 2 Portas 5 Gavetas"
"225415700","IAC_225415700_Sofá 2 Lugares Suede Decore Cascaya Linoforte","G:\Drives compartilhados\OAK-WORKSPACE\01 - JOBS\03 - IA E-COMMERCE\EM_ANDAMENTO\2026-07-JULHO\IAC_225415700_Sofá 2 Lugares Suede Decore Cascaya Linoforte"
"225520200","IAC_225520200_Cooktop 4 Bocas Electrolux a Gás GLP Preto","G:\Drives compartilhados\OAK-WORKSPACE\01 - JOBS\03 - IA E-COMMERCE\EM_ANDAMENTO\2026-07-JULHO\IAC_225520200_Cooktop 4 Bocas Electrolux a Gás GLP Preto"
"224952500","IAC_224952500_Esmerilhadeira Tramontina Angular 4.1-2” 800W - 42.507-01","G:\Drives compartilhados\OAK-WORKSPACE\01 - JOBS\03 - IA E-COMMERCE\EM_ANDAMENTO\2026-07-JULHO\IAC_224952500_Esmerilhadeira Tramontina Angular 4.1-2” 800W - 42.507-01"
"224817900","IAC_224817900_Guarda-roupa Casal 6 Portas 3 Gavetas Móveis Lanza - Genova","G:\Drives compartilhados\OAK-WORKSPACE\01 - JOBS\03 - IA E-COMMERCE\EM_ANDAMENTO\2026-07-JULHO\IAC_224817900_Guarda-roupa Casal 6 Portas 3 Gavetas Móveis Lanza - Genova"
"225469800","IAC_225469800_Refrigerante Lata Guaraná Antarctica Zero Diet - 12 Unidades 350ml","G:\Drives compartilhados\OAK-WORKSPACE\01 - JOBS\03 - IA E-COMMERCE\EM_ANDAMENTO\2026-07-JULHO\IAC_225469800_Refrigerante Lata Guaraná Antarctica Zero Diet - 12 Unidades 350ml"
"225588700","IAC_225588700_Frigideira Antiaderente Hercules de Alumínio","G:\Drives compartilhados\OAK-WORKSPACE\01 - JOBS\03 - IA E-COMMERCE\EM_ANDAMENTO\2026-07-JULHO\IAC_225588700_Frigideira Antiaderente Hercules de Alumínio"
"225240600","IAC_225240600_Kit Vaso Sanitário + Caixa Acoplada + Acessórios de Fixação Celite Like Branco","G:\Drives compartilhados\OAK-WORKSPACE\01 - JOBS\03 - IA E-COMMERCE\EM_ANDAMENTO\2026-07-JULHO\IAC_225240600_Kit Vaso Sanitário + Caixa Acoplada + Acessórios de Fixação Celite Like Branco"
"224821900","IAC_224821900_Cama Casal Móveis Lanza Montreal","G:\Drives compartilhados\OAK-WORKSPACE\01 - JOBS\03 - IA E-COMMERCE\EM_ANDAMENTO\2026-07-JULHO\IAC_224821900_Cama Casal Móveis Lanza Montreal"
"225512700","IAC_225512700_Sofá Retrátil Reclinável 3 Lugares Suede Moviment Artesano Linoforte","G:\Drives compartilhados\OAK-WORKSPACE\01 - JOBS\03 - IA E-COMMERCE\EM_ANDAMENTO\2026-07-JULHO\IAC_225512700_Sofá Retrátil Reclinável 3 Lugares Suede Moviment Artesano Linoforte"
"225512300","IAC_225512300_Sofá Retrátil Reclinável 3 Lugares Suede Moviment Grazzia Linoforte","G:\Drives compartilhados\OAK-WORKSPACE\01 - JOBS\03 - IA E-COMMERCE\EM_ANDAMENTO\2026-07-JULHO\IAC_225512300_Sofá Retrátil Reclinável 3 Lugares Suede Moviment Grazzia Linoforte"
"224821100","IAC_224821100_Cômoda Sapateira 1 Porta 2 Gavetas Móveis Lanza","G:\Drives compartilhados\OAK-WORKSPACE\01 - JOBS\03 - IA E-COMMERCE\EM_ANDAMENTO\2026-07-JULHO\IAC_224821100_Cômoda Sapateira 1 Porta 2 Gavetas Móveis Lanza"
"225420900","IAC_225420900_Cooktop 4 Bocas Continental a Gás GLP Preto","G:\Drives compartilhados\OAK-WORKSPACE\01 - JOBS\03 - IA E-COMMERCE\EM_ANDAMENTO\2026-07-JULHO\IAC_225420900_Cooktop 4 Bocas Continental a Gás GLP Preto"
"224958900","IAC_224958900_Sofá-cama Casal 3 Lugares Reclinável Veludo Light Matrix Salomé","G:\Drives compartilhados\OAK-WORKSPACE\01 - JOBS\03 - IA E-COMMERCE\EM_ANDAMENTO\2026-07-JULHO\IAC_224958900_Sofá-cama Casal 3 Lugares Reclinável Veludo Light Matrix Salomé"
"224634500","IAC_224634500_Central Multimídia Pioneer DMH-G228BT Bluetooth - Touch 6,2” USB Auxiliar Câmera de Ré","G:\Drives compartilhados\OAK-WORKSPACE\01 - JOBS\03 - IA E-COMMERCE\EM_ANDAMENTO\2026-07-JULHO\IAC_224634500_Central Multimídia Pioneer DMH-G228BT Bluetooth - Touch 6,2” USB Auxiliar Câmera de Ré"
"225533400","IAC_225533400_Carrinho de Bebê Burigotto Ecco Preto Cobre Capota Removível","G:\Drives compartilhados\OAK-WORKSPACE\01 - JOBS\03 - IA E-COMMERCE\EM_ANDAMENTO\2026-07-JULHO\IAC_225533400_Carrinho de Bebê Burigotto Ecco Preto Cobre Capota Removível"
"225512500","IAC_225512500_Sofá Retrátil Reclinável 4 Lugares Suede Moviment Artesano Linoforte","G:\Drives compartilhados\OAK-WORKSPACE\01 - JOBS\03 - IA E-COMMERCE\EM_ANDAMENTO\2026-07-JULHO\IAC_225512500_Sofá Retrátil Reclinável 4 Lugares Suede Moviment Artesano Linoforte"
"225415400","IAC_225415400_Sofá 3 Lugares Suede Decore Cascaya Linoforte","G:\Drives compartilhados\OAK-WORKSPACE\01 - JOBS\03 - IA E-COMMERCE\EM_ANDAMENTO\2026-07-JULHO\IAC_225415400_Sofá 3 Lugares Suede Decore Cascaya Linoforte"
"225606700","IAC_225606700_Smart TV 4K QLED 55” Samsung Q80TA Alexa Built In","G:\Drives compartilhados\OAK-WORKSPACE\01 - JOBS\03 - IA E-COMMERCE\EM_ANDAMENTO\2026-07-JULHO\IAC_225606700_Smart TV 4K QLED 55” Samsung Q80TA Alexa Built In"
"225274200","IAC_225274200_Pneu Bridgestone Aro 17 Turanza T005 215-50R17 95W","G:\Drives compartilhados\OAK-WORKSPACE\01 - JOBS\03 - IA E-COMMERCE\EM_ANDAMENTO\2026-07-JULHO\IAC_225274200_Pneu Bridgestone Aro 17 Turanza T005 215-50R17 95W"
"225274100","IAC_225274100_Jogo 4 Pneus Bridgestone Aro 17 Turanza T005 205-50R17 93W","G:\Drives compartilhados\OAK-WORKSPACE\01 - JOBS\03 - IA E-COMMERCE\EM_ANDAMENTO\2026-07-JULHO\IAC_225274100_Jogo 4 Pneus Bridgestone Aro 17 Turanza T005 205-50R17 93W"
"224930600","IAC_224930600_Berço-Mini Cama Grade Fixa 2 Níveis de Altura Henn Bala de Menta","G:\Drives compartilhados\OAK-WORKSPACE\01 - JOBS\03 - IA E-COMMERCE\EM_ANDAMENTO\2026-07-JULHO\IAC_224930600_Berço-Mini Cama Grade Fixa 2 Níveis de Altura Henn Bala de Menta"
"226287000","IAC_226287000_Caçarola Tramontina Antiaderente com Tampa Chumbo 2L 18cm Turim","G:\Drives compartilhados\OAK-WORKSPACE\01 - JOBS\03 - IA E-COMMERCE\EM_ANDAMENTO\2026-07-JULHO\IAC_226287000_Caçarola Tramontina Antiaderente com Tampa Chumbo 2L 18cm Turim"
"224822200","IAC_224822200_Cama Solteiro Móveis Lanza Siena","G:\Drives compartilhados\OAK-WORKSPACE\01 - JOBS\03 - IA E-COMMERCE\EM_ANDAMENTO\2026-07-JULHO\IAC_224822200_Cama Solteiro Móveis Lanza Siena"
"225320600","IAC_225320600_Pneu Pirelli Aro 14 Cinturato P1 175-65R14 82T","G:\Drives compartilhados\OAK-WORKSPACE\01 - JOBS\03 - IA E-COMMERCE\EM_ANDAMENTO\2026-07-JULHO\IAC_225320600_Pneu Pirelli Aro 14 Cinturato P1 175-65R14 82T"
"224893300","IAC_224893300_Elástico de Cabelo 4 Unidades Lanossi Hair Ties Mermaid","G:\Drives compartilhados\OAK-WORKSPACE\01 - JOBS\03 - IA E-COMMERCE\EM_ANDAMENTO\2026-07-JULHO\IAC_224893300_Elástico de Cabelo 4 Unidades Lanossi Hair Ties Mermaid"
"228062000","IAC_228062000_Fone de ouvido sem fio TWS Philips TAT1209BK00 na cor preto, bluetooth, microfone, IPX4 e 18h","G:\Drives compartilhados\OAK-WORKSPACE\01 - JOBS\03 - IA E-COMMERCE\EM_ANDAMENTO\2026-07-JULHO\IAC_228062000_Fone de ouvido sem fio TWS Philips TAT1209BK00 na cor preto, bluetooth, microfone, IPX4 e 18h"
"227757000","IAC_227757000_Cooktop 4 Bocas Philco a Gás GLP Inox PCT04I","G:\Drives compartilhados\OAK-WORKSPACE\01 - JOBS\03 - IA E-COMMERCE\EM_ANDAMENTO\2026-07-JULHO\IAC_227757000_Cooktop 4 Bocas Philco a Gás GLP Inox PCT04I"
"230023200","IAC_230023200_Ducha loren shower elet 6800w br","G:\Drives compartilhados\OAK-WORKSPACE\01 - JOBS\03 - IA E-COMMERCE\EM_ANDAMENTO\2026-07-JULHO\IAC_230023200_Ducha loren shower elet 6800w br"
"228701800","IAC_228701800_Funko Pop! Runaways Molly Hernandez N32669","G:\Drives compartilhados\OAK-WORKSPACE\01 - JOBS\03 - IA E-COMMERCE\EM_ANDAMENTO\2026-07-JULHO\IAC_228701800_Funko Pop! Runaways Molly Hernandez N32669"
"228879300","IAC_228879300_Frigideira Wok Antiaderente Multiflon","G:\Drives compartilhados\OAK-WORKSPACE\01 - JOBS\03 - IA E-COMMERCE\EM_ANDAMENTO\2026-07-JULHO\IAC_228879300_Frigideira Wok Antiaderente Multiflon"
"228705000","IAC_228705000_Funko Pop! Movies Zombieland Wichita 49102","G:\Drives compartilhados\OAK-WORKSPACE\01 - JOBS\03 - IA E-COMMERCE\EM_ANDAMENTO\2026-07-JULHO\IAC_228705000_Funko Pop! Movies Zombieland Wichita 49102"
"228857000","IAC_228857000_Aquecedor A Ar Mondial Cinza e Branco 2000W A08","G:\Drives compartilhados\OAK-WORKSPACE\01 - JOBS\03 - IA E-COMMERCE\EM_ANDAMENTO\2026-07-JULHO\IAC_228857000_Aquecedor A Ar Mondial Cinza e Branco 2000W A08"
"227059400","IAC_227059400_Andador Infantil Sonoro Musical Bebê Softway Rosa Menina Styll Baby","G:\Drives compartilhados\OAK-WORKSPACE\01 - JOBS\03 - IA E-COMMERCE\EM_ANDAMENTO\2026-07-JULHO\IAC_227059400_Andador Infantil Sonoro Musical Bebê Softway Rosa Menina Styll Baby"
"227132100","IAC_227132100_Forno Elétrico de Bancada Dako 44L Supreme","G:\Drives compartilhados\OAK-WORKSPACE\01 - JOBS\03 - IA E-COMMERCE\EM_ANDAMENTO\2026-07-JULHO\IAC_227132100_Forno Elétrico de Bancada Dako 44L Supreme"
"228060200","IAC_228060200_Compressor de Ar Direto Tekna 0,25 HP 1,2 pés","G:\Drives compartilhados\OAK-WORKSPACE\01 - JOBS\03 - IA E-COMMERCE\EM_ANDAMENTO\2026-07-JULHO\IAC_228060200_Compressor de Ar Direto Tekna 0,25 HP 1,2 pés"
"227154200","IAC_227154200_Ventilador de Coluna Britânia Super Turbo 40 INOX","G:\Drives compartilhados\OAK-WORKSPACE\01 - JOBS\03 - IA E-COMMERCE\EM_ANDAMENTO\2026-07-JULHO\IAC_227154200_Ventilador de Coluna Britânia Super Turbo 40 INOX"
"228697000","IAC_228697000_Funko Pop! Movies Zombieland Columbus 49101","G:\Drives compartilhados\OAK-WORKSPACE\01 - JOBS\03 - IA E-COMMERCE\EM_ANDAMENTO\2026-07-JULHO\IAC_228697000_Funko Pop! Movies Zombieland Columbus 49101"
"228696100","IAC_228696100_Funko Pop! Movies Zombieland Bill Murray 49199","G:\Drives compartilhados\OAK-WORKSPACE\01 - JOBS\03 - IA E-COMMERCE\EM_ANDAMENTO\2026-07-JULHO\IAC_228696100_Funko Pop! Movies Zombieland Bill Murray 49199"
"228879200","IAC_228879200_Frigideira Wok Antiaderente Multiflon","G:\Drives compartilhados\OAK-WORKSPACE\01 - JOBS\03 - IA E-COMMERCE\EM_ANDAMENTO\2026-07-JULHO\IAC_228879200_Frigideira Wok Antiaderente Multiflon"
"228027900","IAC_228027900_Chá Lipton Ice Tea Pêssego 1,5L Garrafa","G:\Drives compartilhados\OAK-WORKSPACE\01 - JOBS\03 - IA E-COMMERCE\EM_ANDAMENTO\2026-07-JULHO\IAC_228027900_Chá Lipton Ice Tea Pêssego 1,5L Garrafa"
"228025700","IAC_228025700_Refrigerante Guaraná Antarctica Sem Açúcar 2L Garrafa","G:\Drives compartilhados\OAK-WORKSPACE\01 - JOBS\03 - IA E-COMMERCE\EM_ANDAMENTO\2026-07-JULHO\IAC_228025700_Refrigerante Guaraná Antarctica Sem Açúcar 2L Garrafa"
"228026100","IAC_228026100_Isotônico Gatorade Tangerina 500ml Garrafa","G:\Drives compartilhados\OAK-WORKSPACE\01 - JOBS\03 - IA E-COMMERCE\EM_ANDAMENTO\2026-07-JULHO\IAC_228026100_Isotônico Gatorade Tangerina 500ml Garrafa"
"230255300","IAC_230255300_Funko Pop! Animation Dragon Ball Super Gohan N48582","G:\Drives compartilhados\OAK-WORKSPACE\01 - JOBS\03 - IA E-COMMERCE\EM_ANDAMENTO\2026-07-JULHO\IAC_230255300_Funko Pop! Animation Dragon Ball Super Gohan N48582"
"228018400","IAC_228018400_Câmera de Segurança Inteligente Wi-Fi Elsys","G:\Drives compartilhados\OAK-WORKSPACE\01 - JOBS\03 - IA E-COMMERCE\EM_ANDAMENTO\2026-07-JULHO\IAC_228018400_Câmera de Segurança Inteligente Wi-Fi Elsys"
"228886800","IAC_228886800_Back 4 Blood para Xbox One e Xbox Series X","G:\Drives compartilhados\OAK-WORKSPACE\01 - JOBS\03 - IA E-COMMERCE\EM_ANDAMENTO\2026-07-JULHO\IAC_228886800_Back 4 Blood para Xbox One e Xbox Series X"
"230066300","IAC_230066300_Escova Secadora Multilaser Essenza EB088 1200W","G:\Drives compartilhados\OAK-WORKSPACE\01 - JOBS\03 - IA E-COMMERCE\EM_ANDAMENTO\2026-07-JULHO\IAC_230066300_Escova Secadora Multilaser Essenza EB088 1200W"
"227664500","IAC_227664500_Freezer-Refrigerador Vertical Philco PFV205B 2 em 1 201L Dupla Função","G:\Drives compartilhados\OAK-WORKSPACE\01 - JOBS\03 - IA E-COMMERCE\EM_ANDAMENTO\2026-07-JULHO\IAC_227664500_Freezer-Refrigerador Vertical Philco PFV205B 2 em 1 201L Dupla Função"
"227696900","IAC_227696900_Papel de Parede Infantil Creme Balões Vinílico","G:\Drives compartilhados\OAK-WORKSPACE\01 - JOBS\03 - IA E-COMMERCE\EM_ANDAMENTO\2026-07-JULHO\IAC_227696900_Papel de Parede Infantil Creme Balões Vinílico"
"230436600","IAC_230436600_Pneu 185-60R15 Xbri Ecology 88H","G:\Drives compartilhados\OAK-WORKSPACE\01 - JOBS\03 - IA E-COMMERCE\EM_ANDAMENTO\2026-07-JULHO\IAC_230436600_Pneu 185-60R15 Xbri Ecology 88H"
"226984500","IAC_226984500_Sabão Líquido Omo 7L Lavanderia Profissional Lavagem Perfeita Profissional","G:\Drives compartilhados\OAK-WORKSPACE\01 - JOBS\03 - IA E-COMMERCE\EM_ANDAMENTO\2026-07-JULHO\IAC_226984500_Sabão Líquido Omo 7L Lavanderia Profissional Lavagem Perfeita Profissional"
"226966300","IAC_226966300_Sofá-cama Casal 3 Lugares Reclinável Suede Linoforte Jade A2","G:\Drives compartilhados\OAK-WORKSPACE\01 - JOBS\03 - IA E-COMMERCE\EM_ANDAMENTO\2026-07-JULHO\IAC_226966300_Sofá-cama Casal 3 Lugares Reclinável Suede Linoforte Jade A2"
"227008900","IAC_227008900_Kit Alimentação Infantil 3 Peças Buba Animal Fun Unicórnio","G:\Drives compartilhados\OAK-WORKSPACE\01 - JOBS\03 - IA E-COMMERCE\EM_ANDAMENTO\2026-07-JULHO\IAC_227008900_Kit Alimentação Infantil 3 Peças Buba Animal Fun Unicórnio"
"227554800","IAC_227554800_Furadeira de Impacto Philco Force 650W Velocidade","G:\Drives compartilhados\OAK-WORKSPACE\01 - JOBS\03 - IA E-COMMERCE\EM_ANDAMENTO\2026-07-JULHO\IAC_227554800_Furadeira de Impacto Philco Force 650W Velocidade"
"227696700","IAC_227696700_Papel de Parede Infantil Verde Balões Vinílico","G:\Drives compartilhados\OAK-WORKSPACE\01 - JOBS\03 - IA E-COMMERCE\EM_ANDAMENTO\2026-07-JULHO\IAC_227696700_Papel de Parede Infantil Verde Balões Vinílico"
"227503000","IAC_227503000_Coifa de Ilha Franke 90cm 6 Bocas Inox","G:\Drives compartilhados\OAK-WORKSPACE\01 - JOBS\03 - IA E-COMMERCE\EM_ANDAMENTO\2026-07-JULHO\IAC_227503000_Coifa de Ilha Franke 90cm 6 Bocas Inox"
"226773100","IAC_226773100_Skate Hot Wheels Fun com Kit de Proteção","G:\Drives compartilhados\OAK-WORKSPACE\01 - JOBS\03 - IA E-COMMERCE\EM_ANDAMENTO\2026-07-JULHO\IAC_226773100_Skate Hot Wheels Fun com Kit de Proteção"
"226911600","IAC_226911600_Aspirador de Pó Portátil e Vertical Britânia","G:\Drives compartilhados\OAK-WORKSPACE\01 - JOBS\03 - IA E-COMMERCE\EM_ANDAMENTO\2026-07-JULHO\IAC_226911600_Aspirador de Pó Portátil e Vertical Britânia"
"226479400","IAC_226479400_Smart TV 4K OLED IPS 65” LG OLED65CXPSA","G:\Drives compartilhados\OAK-WORKSPACE\01 - JOBS\03 - IA E-COMMERCE\EM_ANDAMENTO\2026-07-JULHO\IAC_226479400_Smart TV 4K OLED IPS 65” LG OLED65CXPSA"
"227421700","IAC_227421700_Smartphone Samsung Galaxy S20 FE 256GB Cloud Navy","G:\Drives compartilhados\OAK-WORKSPACE\01 - JOBS\03 - IA E-COMMERCE\EM_ANDAMENTO\2026-07-JULHO\IAC_227421700_Smartphone Samsung Galaxy S20 FE 256GB Cloud Navy"
"227696800","IAC_227696800_Papel de Parede Infantil Azul Balões Vinílico - Evolux 53x1000cm","G:\Drives compartilhados\OAK-WORKSPACE\01 - JOBS\03 - IA E-COMMERCE\EM_ANDAMENTO\2026-07-JULHO\IAC_227696800_Papel de Parede Infantil Azul Balões Vinílico - Evolux 53x1000cm"
"226966500","IAC_226966500_Sofá-cama Casal 3 Lugares Suede Linoforte Jade BPM A2","G:\Drives compartilhados\OAK-WORKSPACE\01 - JOBS\03 - IA E-COMMERCE\EM_ANDAMENTO\2026-07-JULHO\IAC_226966500_Sofá-cama Casal 3 Lugares Suede Linoforte Jade BPM A2"
"230921200","IAC_230921200_100% Whey Protein Concentrado Max Titanium 900g - Cookies & Cream","G:\Drives compartilhados\OAK-WORKSPACE\01 - JOBS\03 - IA E-COMMERCE\EM_ANDAMENTO\2026-07-JULHO\IAC_230921200_100% Whey Protein Concentrado Max Titanium 900g - Cookies & Cream"
"231656500","IAC_231656500_Funko Pop! Ultraman Kanegon","G:\Drives compartilhados\OAK-WORKSPACE\01 - JOBS\03 - IA E-COMMERCE\EM_ANDAMENTO\2026-07-JULHO\IAC_231656500_Funko Pop! Ultraman Kanegon"
"231159600","IAC_231159600_Patins 4 Rodas Infantil Fun F0010-3 Branco e Rosa","G:\Drives compartilhados\OAK-WORKSPACE\01 - JOBS\03 - IA E-COMMERCE\EM_ANDAMENTO\2026-07-JULHO\IAC_231159600_Patins 4 Rodas Infantil Fun F0010-3 Branco e Rosa"
"231644000","IAC_231644000_Projetor Infantil Musical Chicco Rainbow Bear Neutral","G:\Drives compartilhados\OAK-WORKSPACE\01 - JOBS\03 - IA E-COMMERCE\EM_ANDAMENTO\2026-07-JULHO\IAC_231644000_Projetor Infantil Musical Chicco Rainbow Bear Neutral"
"231242800","IAC_231242800_Cafeteira Filtro Digital Arno New Element 1,8L","G:\Drives compartilhados\OAK-WORKSPACE\01 - JOBS\03 - IA E-COMMERCE\EM_ANDAMENTO\2026-07-JULHO\IAC_231242800_Cafeteira Filtro Digital Arno New Element 1,8L"
"230924900","IAC_230924900_Hipercalórico Max Titanium Sugar Gainers em Pó","G:\Drives compartilhados\OAK-WORKSPACE\01 - JOBS\03 - IA E-COMMERCE\EM_ANDAMENTO\2026-07-JULHO\IAC_230924900_Hipercalórico Max Titanium Sugar Gainers em Pó"
"231656800","IAC_231656800_Funko Pop! Marvel Zombie Doctor Doom","G:\Drives compartilhados\OAK-WORKSPACE\01 - JOBS\03 - IA E-COMMERCE\EM_ANDAMENTO\2026-07-JULHO\IAC_231656800_Funko Pop! Marvel Zombie Doctor Doom"
"231166500","IAC_231166500_Funko Marvel Zombie Morbius 506","G:\Drives compartilhados\OAK-WORKSPACE\01 - JOBS\03 - IA E-COMMERCE\EM_ANDAMENTO\2026-07-JULHO\IAC_231166500_Funko Marvel Zombie Morbius 506"
"230924800","IAC_230924800_Hipercalórico Max Titanium Sugar Gainers em Pó","G:\Drives compartilhados\OAK-WORKSPACE\01 - JOBS\03 - IA E-COMMERCE\EM_ANDAMENTO\2026-07-JULHO\IAC_230924800_Hipercalórico Max Titanium Sugar Gainers em Pó"
"231253200","IAC_231253200_Ventilador de Teto Philco Silencioso 145W Easy Fitting PVT07B","G:\Drives compartilhados\OAK-WORKSPACE\01 - JOBS\03 - IA E-COMMERCE\EM_ANDAMENTO\2026-07-JULHO\IAC_231253200_Ventilador de Teto Philco Silencioso 145W Easy Fitting PVT07B"
"228875500","IAC_228875500_Máquina Overlock Singer Over S0105 Portátil","G:\Drives compartilhados\OAK-WORKSPACE\01 - JOBS\03 - IA E-COMMERCE\EM_ANDAMENTO\2026-07-JULHO\IAC_228875500_Máquina Overlock Singer Over S0105 Portátil"
"229875700","IAC_229875700_Kit Creme de Avelã com Cacau Nutella Ferrero - 650g 2 Unidades","G:\Drives compartilhados\OAK-WORKSPACE\01 - JOBS\03 - IA E-COMMERCE\EM_ANDAMENTO\2026-07-JULHO\IAC_229875700_Kit Creme de Avelã com Cacau Nutella Ferrero - 650g 2 Unidades"
"231224600","IAC_231224600_Batedeira Planetária Mondial Preta 700W","G:\Drives compartilhados\OAK-WORKSPACE\01 - JOBS\03 - IA E-COMMERCE\EM_ANDAMENTO\2026-07-JULHO\IAC_231224600_Batedeira Planetária Mondial Preta 700W"
"231204700","IAC_231204700_Ventilador de Mesa Mondial Super Turbo VTX-40 Chrome 40cm 8 Pás 3 Velocidades","G:\Drives compartilhados\OAK-WORKSPACE\01 - JOBS\03 - IA E-COMMERCE\EM_ANDAMENTO\2026-07-JULHO\IAC_231204700_Ventilador de Mesa Mondial Super Turbo VTX-40 Chrome 40cm 8 Pás 3 Velocidades"
"231657000","IAC_231657000_Funko Pop! Marvel Zombie MODOK","G:\Drives compartilhados\OAK-WORKSPACE\01 - JOBS\03 - IA E-COMMERCE\EM_ANDAMENTO\2026-07-JULHO\IAC_231657000_Funko Pop! Marvel Zombie MODOK"
"231155700","IAC_231155700_Canguru para Bebê Safety 1st Freedom 4 Posições","G:\Drives compartilhados\OAK-WORKSPACE\01 - JOBS\03 - IA E-COMMERCE\EM_ANDAMENTO\2026-07-JULHO\IAC_231155700_Canguru para Bebê Safety 1st Freedom 4 Posições"
"231657100","IAC_231657100_Funko Pop! Marvel Zombie Red Hulk","G:\Drives compartilhados\OAK-WORKSPACE\01 - JOBS\03 - IA E-COMMERCE\EM_ANDAMENTO\2026-07-JULHO\IAC_231657100_Funko Pop! Marvel Zombie Red Hulk"
"231157800","IAC_231157800_Pneu Aro 18” XBRI LT275-65R18 123-120R Brutus T-","G:\Drives compartilhados\OAK-WORKSPACE\01 - JOBS\03 - IA E-COMMERCE\EM_ANDAMENTO\2026-07-JULHO\IAC_231157800_Pneu Aro 18” XBRI LT275-65R18 123-120R Brutus T-"
"231656900","IAC_231656900_Funko Pop! Marvel Zombie Gambit","G:\Drives compartilhados\OAK-WORKSPACE\01 - JOBS\03 - IA E-COMMERCE\EM_ANDAMENTO\2026-07-JULHO\IAC_231656900_Funko Pop! Marvel Zombie Gambit"
"231654400","IAC_231654400_Funko Pop! Dragon Ball Kefla Super Saiyan","G:\Drives compartilhados\OAK-WORKSPACE\01 - JOBS\03 - IA E-COMMERCE\EM_ANDAMENTO\2026-07-JULHO\IAC_231654400_Funko Pop! Dragon Ball Kefla Super Saiyan"
"228816900","IAC_228816900_Balcão de Cozinha com Tampo Cozinhas Nesher - 100% MDF 1 Porta 1 Gaveta Realeza","G:\Drives compartilhados\OAK-WORKSPACE\01 - JOBS\03 - IA E-COMMERCE\EM_ANDAMENTO\2026-07-JULHO\IAC_228816900_Balcão de Cozinha com Tampo Cozinhas Nesher - 100% MDF 1 Porta 1 Gaveta Realeza"
"228875200","IAC_228875200_Máquina de Costura Singer Heavy Duty HD6605 Portátil Eletrônica 100 Pontos","G:\Drives compartilhados\OAK-WORKSPACE\01 - JOBS\03 - IA E-COMMERCE\EM_ANDAMENTO\2026-07-JULHO\IAC_228875200_Máquina de Costura Singer Heavy Duty HD6605 Portátil Eletrônica 100 Pontos"
"230560100","IAC_230560100_Cortina Lartex Voil Gelo End 180x280cm","G:\Drives compartilhados\OAK-WORKSPACE\01 - JOBS\03 - IA E-COMMERCE\EM_ANDAMENTO\2026-07-JULHO\IAC_230560100_Cortina Lartex Voil Gelo End 180x280cm"
"230459800","IAC_230459800_Cafeteira Elétrica Oster 2Day 2 em 1 OCAF200","G:\Drives compartilhados\OAK-WORKSPACE\01 - JOBS\03 - IA E-COMMERCE\EM_ANDAMENTO\2026-07-JULHO\IAC_230459800_Cafeteira Elétrica Oster 2Day 2 em 1 OCAF200"
"228875400","IAC_228875400_Máquina de Costura Singer Heavy Duty HD6805 Portátil Eletrônica 300 Pontos","G:\Drives compartilhados\OAK-WORKSPACE\01 - JOBS\03 - IA E-COMMERCE\EM_ANDAMENTO\2026-07-JULHO\IAC_228875400_Máquina de Costura Singer Heavy Duty HD6805 Portátil Eletrônica 300 Pontos"
"230498200","IAC_230498200_Carrinho de Passeio Infantil Jipe Diipi com Pedal - com Empurrador Calesita","G:\Drives compartilhados\OAK-WORKSPACE\01 - JOBS\03 - IA E-COMMERCE\EM_ANDAMENTO\2026-07-JULHO\IAC_230498200_Carrinho de Passeio Infantil Jipe Diipi com Pedal - com Empurrador Calesita"
"231136500","IAC_231136500_Pneu 205-50R17 Xbri Sport+ 2 93W","G:\Drives compartilhados\OAK-WORKSPACE\01 - JOBS\03 - IA E-COMMERCE\EM_ANDAMENTO\2026-07-JULHO\IAC_231136500_Pneu 205-50R17 Xbri Sport+ 2 93W"
"230436000","IAC_230436000_Pneu Aro 15” Linglong 195-60R15 88H Green-Max HP0","G:\Drives compartilhados\OAK-WORKSPACE\01 - JOBS\03 - IA E-COMMERCE\EM_ANDAMENTO\2026-07-JULHO\IAC_230436000_Pneu Aro 15” Linglong 195-60R15 88H Green-Max HP0"
"230437000","IAC_230437000_Pneu Aro 16 Xbri 205-55 R16 TL 91V Ecology","G:\Drives compartilhados\OAK-WORKSPACE\01 - JOBS\03 - IA E-COMMERCE\EM_ANDAMENTO\2026-07-JULHO\IAC_230437000_Pneu Aro 16 Xbri 205-55 R16 TL 91V Ecology"
"229910300","IAC_229910300_Cama Box Queen (Box + Colchão) Ortobom de Mola - Ortotech 61cm de Altura + 2 Travesseiros Nápoles","G:\Drives compartilhados\OAK-WORKSPACE\01 - JOBS\03 - IA E-COMMERCE\EM_ANDAMENTO\2026-07-JULHO\IAC_229910300_Cama Box Queen (Box + Colchão) Ortobom de Mola - Ortotech 61cm de Altura + 2 Travesseiros Nápoles"
"230006000","IAC_230006000_Gerador de Energia a Gasolina Toyama Monofásico","G:\Drives compartilhados\OAK-WORKSPACE\01 - JOBS\03 - IA E-COMMERCE\EM_ANDAMENTO\2026-07-JULHO\IAC_230006000_Gerador de Energia a Gasolina Toyama Monofásico"
"228096500","IAC_228096500_Berço Portátil Cosco Kids Cobed Pluggy","G:\Drives compartilhados\OAK-WORKSPACE\01 - JOBS\03 - IA E-COMMERCE\EM_ANDAMENTO\2026-07-JULHO\IAC_228096500_Berço Portátil Cosco Kids Cobed Pluggy"
"229909000","IAC_229909000_Cama Box Casal (Box + Colchão) Gazin de Mola - Ensacada 59cm de Altura + 2 Travesseiros Ortobom","G:\Drives compartilhados\OAK-WORKSPACE\01 - JOBS\03 - IA E-COMMERCE\EM_ANDAMENTO\2026-07-JULHO\IAC_229909000_Cama Box Casal (Box + Colchão) Gazin de Mola - Ensacada 59cm de Altura + 2 Travesseiros Ortobom"
"228851800","IAC_228851800_Multiprocessador de Alimentos Britânia Preto","G:\Drives compartilhados\OAK-WORKSPACE\01 - JOBS\03 - IA E-COMMERCE\EM_ANDAMENTO\2026-07-JULHO\IAC_228851800_Multiprocessador de Alimentos Britânia Preto"
"231155500","IAC_231155500_Troninho Infantil Safety 1st Kingdom 3 em 1","G:\Drives compartilhados\OAK-WORKSPACE\01 - JOBS\03 - IA E-COMMERCE\EM_ANDAMENTO\2026-07-JULHO\IAC_231155500_Troninho Infantil Safety 1st Kingdom 3 em 1"
"229945000","IAC_229945000_Kit 4 Pneus Aro 13” 175-75R13 XBRI 84T  - Fastway A5","G:\Drives compartilhados\OAK-WORKSPACE\01 - JOBS\03 - IA E-COMMERCE\EM_ANDAMENTO\2026-07-JULHO\IAC_229945000_Kit 4 Pneus Aro 13” 175-75R13 XBRI 84T  - Fastway A5"
"228069400","IAC_228069400_Smart TV UHD D-LED 86” PTV86P50AGSG Android","G:\Drives compartilhados\OAK-WORKSPACE\01 - JOBS\03 - IA E-COMMERCE\EM_ANDAMENTO\2026-07-JULHO\IAC_228069400_Smart TV UHD D-LED 86” PTV86P50AGSG Android"
"230560000","IAC_230560000_Cortina Lartex Voil Gelo Soul 180x280cm","G:\Drives compartilhados\OAK-WORKSPACE\01 - JOBS\03 - IA E-COMMERCE\EM_ANDAMENTO\2026-07-JULHO\IAC_230560000_Cortina Lartex Voil Gelo Soul 180x280cm"
"231135600","IAC_231135600_Pneu 175-75R13 XBRI FORZA A-T 2 84T","G:\Drives compartilhados\OAK-WORKSPACE\01 - JOBS\03 - IA E-COMMERCE\EM_ANDAMENTO\2026-07-JULHO\IAC_231135600_Pneu 175-75R13 XBRI FORZA A-T 2 84T"
"229139200","IAC_229139200_Kit Sabão Líquido Omo Multiação Lavagem Perfeita - 5L 2 Unidades","G:\Drives compartilhados\OAK-WORKSPACE\01 - JOBS\03 - IA E-COMMERCE\EM_ANDAMENTO\2026-07-JULHO\IAC_229139200_Kit Sabão Líquido Omo Multiação Lavagem Perfeita - 5L 2 Unidades"
"228731900","IAC_228731900_Forno Industrial Elétrico Progás 39L PRP-004 - Plus Fast Over","G:\Drives compartilhados\OAK-WORKSPACE\01 - JOBS\03 - IA E-COMMERCE\EM_ANDAMENTO\2026-07-JULHO\IAC_228731900_Forno Industrial Elétrico Progás 39L PRP-004 - Plus Fast Over"
"230435900","IAC_230435900_Pneu Aro 14” LINGLONG 185-60R14 82H CROSSWIND HP0","G:\Drives compartilhados\OAK-WORKSPACE\01 - JOBS\03 - IA E-COMMERCE\EM_ANDAMENTO\2026-07-JULHO\IAC_230435900_Pneu Aro 14” LINGLONG 185-60R14 82H CROSSWIND HP0"
"230610600","IAC_230610600_Escrivaninha 1 Gaveta 1 Porta Demobile Vitória","G:\Drives compartilhados\OAK-WORKSPACE\01 - JOBS\03 - IA E-COMMERCE\EM_ANDAMENTO\2026-07-JULHO\IAC_230610600_Escrivaninha 1 Gaveta 1 Porta Demobile Vitória"
"231136600","IAC_231136600_Pneu 205-60R16 Xbri Brutus T-A 92R RWL Letra Branca","G:\Drives compartilhados\OAK-WORKSPACE\01 - JOBS\03 - IA E-COMMERCE\EM_ANDAMENTO\2026-07-JULHO\IAC_231136600_Pneu 205-60R16 Xbri Brutus T-A 92R RWL Letra Branca"
"228199600","IAC_228199600_Forno Industrial Elétrico Progás 39L","G:\Drives compartilhados\OAK-WORKSPACE\01 - JOBS\03 - IA E-COMMERCE\EM_ANDAMENTO\2026-07-JULHO\IAC_228199600_Forno Industrial Elétrico Progás 39L"
"231131600","IAC_231131600_Pneu General Tire by Continental Aro 15 Altimax One S 195-55R15 85V","G:\Drives compartilhados\OAK-WORKSPACE\01 - JOBS\03 - IA E-COMMERCE\EM_ANDAMENTO\2026-07-JULHO\IAC_231131600_Pneu General Tire by Continental Aro 15 Altimax One S 195-55R15 85V"
"228182700","IAC_228182700_Batedeira Planetária Branca 750W SuperChef KM00 15 Velocidades","G:\Drives compartilhados\OAK-WORKSPACE\01 - JOBS\03 - IA E-COMMERCE\EM_ANDAMENTO\2026-07-JULHO\IAC_228182700_Batedeira Planetária Branca 750W SuperChef KM00 15 Velocidades"
"231137300","IAC_231137300_Pneu Xbri Aro 17.5 215-75r17.5 135-133j 16pr Ecoplus A2 Liso","G:\Drives compartilhados\OAK-WORKSPACE\01 - JOBS\03 - IA E-COMMERCE\EM_ANDAMENTO\2026-07-JULHO\IAC_231137300_Pneu Xbri Aro 17.5 215-75r17.5 135-133j 16pr Ecoplus A2 Liso"
"230562400","IAC_230562400_Pneu Aro 15” Linglong 185-60 R15 84H Crosswind HP01","G:\Drives compartilhados\OAK-WORKSPACE\01 - JOBS\03 - IA E-COMMERCE\EM_ANDAMENTO\2026-07-JULHO\IAC_230562400_Pneu Aro 15” Linglong 185-60 R15 84H Crosswind HP01"
"228817400","IAC_228817400_Armário de Cozinha Completa Nesher Loft Imperatriz - 6 Portas 2 Gavetas 100% MDF","G:\Drives compartilhados\OAK-WORKSPACE\01 - JOBS\03 - IA E-COMMERCE\EM_ANDAMENTO\2026-07-JULHO\IAC_228817400_Armário de Cozinha Completa Nesher Loft Imperatriz - 6 Portas 2 Gavetas 100% MDF"
"231131700","IAC_231131700_Kit 4 Pneu General by Continental Aro 15 195-60r15 88h Tl Al","G:\Drives compartilhados\OAK-WORKSPACE\01 - JOBS\03 - IA E-COMMERCE\EM_ANDAMENTO\2026-07-JULHO\IAC_231131700_Kit 4 Pneu General by Continental Aro 15 195-60r15 88h Tl Al"
"231158000","IAC_231158000_Pneu 285-70R17LT Xbri Brutus T-A RWL 121-118R 10 Lonas Letra Branca","G:\Drives compartilhados\OAK-WORKSPACE\01 - JOBS\03 - IA E-COMMERCE\EM_ANDAMENTO\2026-07-JULHO\IAC_231158000_Pneu 285-70R17LT Xbri Brutus T-A RWL 121-118R 10 Lonas Letra Branca"
"228553400","IAC_228553400_Escova Secadora Britânia Soft 4 em 1 1300W Bivolt BES13VD","G:\Drives compartilhados\OAK-WORKSPACE\01 - JOBS\03 - IA E-COMMERCE\EM_ANDAMENTO\2026-07-JULHO\IAC_228553400_Escova Secadora Britânia Soft 4 em 1 1300W Bivolt BES13VD"
"228814200","IAC_228814200_Saco de Lixo Preto 200L Reforçado Embalixo Profissional 20 Unidades","G:\Drives compartilhados\OAK-WORKSPACE\01 - JOBS\03 - IA E-COMMERCE\EM_ANDAMENTO\2026-07-JULHO\IAC_228814200_Saco de Lixo Preto 200L Reforçado Embalixo Profissional 20 Unidades"
"231137600","IAC_231137600_Pneu 235-60R16 Xbri Ecology 100H","G:\Drives compartilhados\OAK-WORKSPACE\01 - JOBS\03 - IA E-COMMERCE\EM_ANDAMENTO\2026-07-JULHO\IAC_231137600_Pneu 235-60R16 Xbri Ecology 100H"
"232060100","IAC_232060100_Extrator de Polpa Inox Tramontina Utilitá","G:\Drives compartilhados\OAK-WORKSPACE\01 - JOBS\03 - IA E-COMMERCE\EM_ANDAMENTO\2026-07-JULHO\IAC_232060100_Extrator de Polpa Inox Tramontina Utilitá"
"232085800","IAC_232085800_Pegador Multiuso Nylon Tramontina Ability Preto","G:\Drives compartilhados\OAK-WORKSPACE\01 - JOBS\03 - IA E-COMMERCE\EM_ANDAMENTO\2026-07-JULHO\IAC_232085800_Pegador Multiuso Nylon Tramontina Ability Preto"
"232068400","IAC_232068400_Faca para Pão Tramontina Inox 7” Plenus","G:\Drives compartilhados\OAK-WORKSPACE\01 - JOBS\03 - IA E-COMMERCE\EM_ANDAMENTO\2026-07-JULHO\IAC_232068400_Faca para Pão Tramontina Inox 7” Plenus"
"232088700","IAC_232088700_Colher de Servir Tramontina Ability Preto","G:\Drives compartilhados\OAK-WORKSPACE\01 - JOBS\03 - IA E-COMMERCE\EM_ANDAMENTO\2026-07-JULHO\IAC_232088700_Colher de Servir Tramontina Ability Preto"
"232067500","IAC_232067500_Faca para Frutas e Legumes Tramontina Inox 3” Plenus 2341910","G:\Drives compartilhados\OAK-WORKSPACE\01 - JOBS\03 - IA E-COMMERCE\EM_ANDAMENTO\2026-07-JULHO\IAC_232067500_Faca para Frutas e Legumes Tramontina Inox 3” Plenus 2341910"
"232087700","IAC_232087700_Colher de Servir Tramontina Ability Vermelho","G:\Drives compartilhados\OAK-WORKSPACE\01 - JOBS\03 - IA E-COMMERCE\EM_ANDAMENTO\2026-07-JULHO\IAC_232087700_Colher de Servir Tramontina Ability Vermelho"
"232059900","IAC_232059900_Espátula para Manteiga Inox Tramontina","G:\Drives compartilhados\OAK-WORKSPACE\01 - JOBS\03 - IA E-COMMERCE\EM_ANDAMENTO\2026-07-JULHO\IAC_232059900_Espátula para Manteiga Inox Tramontina"
"232058800","IAC_232058800_Espátula para Ovo Tramontina Ability","G:\Drives compartilhados\OAK-WORKSPACE\01 - JOBS\03 - IA E-COMMERCE\EM_ANDAMENTO\2026-07-JULHO\IAC_232058800_Espátula para Ovo Tramontina Ability"
"232060000","IAC_232060000_Espátula para Manteiga Inox Tramontina","G:\Drives compartilhados\OAK-WORKSPACE\01 - JOBS\03 - IA E-COMMERCE\EM_ANDAMENTO\2026-07-JULHO\IAC_232060000_Espátula para Manteiga Inox Tramontina"
"232059800","IAC_232059800_Espátula Inox Tramontina Utilità","G:\Drives compartilhados\OAK-WORKSPACE\01 - JOBS\03 - IA E-COMMERCE\EM_ANDAMENTO\2026-07-JULHO\IAC_232059800_Espátula Inox Tramontina Utilità"
"232068000","IAC_232068000_Faca para Legumes Tramontina Inox 3” Plenus 2342016","G:\Drives compartilhados\OAK-WORKSPACE\01 - JOBS\03 - IA E-COMMERCE\EM_ANDAMENTO\2026-07-JULHO\IAC_232068000_Faca para Legumes Tramontina Inox 3” Plenus 2342016"
"232086000","IAC_232086000_Pegador Multiuso Nylon Tramontina Ability Vermelho","G:\Drives compartilhados\OAK-WORKSPACE\01 - JOBS\03 - IA E-COMMERCE\EM_ANDAMENTO\2026-07-JULHO\IAC_232086000_Pegador Multiuso Nylon Tramontina Ability Vermelho"
"232059700","IAC_232059700_Espátula Inox Tramontina Utilità","G:\Drives compartilhados\OAK-WORKSPACE\01 - JOBS\03 - IA E-COMMERCE\EM_ANDAMENTO\2026-07-JULHO\IAC_232059700_Espátula Inox Tramontina Utilità"
"232056600","IAC_232056600_Boleador 2,9cm Tramontina Utilitá Vermelho","G:\Drives compartilhados\OAK-WORKSPACE\01 - JOBS\03 - IA E-COMMERCE\EM_ANDAMENTO\2026-07-JULHO\IAC_232056600_Boleador 2,9cm Tramontina Utilitá Vermelho"
"232088900","IAC_232088900_Colher de Servir Tramontina Ability Vermelho","G:\Drives compartilhados\OAK-WORKSPACE\01 - JOBS\03 - IA E-COMMERCE\EM_ANDAMENTO\2026-07-JULHO\IAC_232088900_Colher de Servir Tramontina Ability Vermelho"
"232058500","IAC_232058500_Espátula para Bolo Tramontina Ability","G:\Drives compartilhados\OAK-WORKSPACE\01 - JOBS\03 - IA E-COMMERCE\EM_ANDAMENTO\2026-07-JULHO\IAC_232058500_Espátula para Bolo Tramontina Ability"
"232068600","IAC_232068600_Faca para Pão Tramontina Inox 7” Plenus","G:\Drives compartilhados\OAK-WORKSPACE\01 - JOBS\03 - IA E-COMMERCE\EM_ANDAMENTO\2026-07-JULHO\IAC_232068600_Faca para Pão Tramontina Inox 7” Plenus"
"232070700","IAC_232070700_Faca para Tomate Tramontina Plenus Inox Preto 5- 23428105","G:\Drives compartilhados\OAK-WORKSPACE\01 - JOBS\03 - IA E-COMMERCE\EM_ANDAMENTO\2026-07-JULHO\IAC_232070700_Faca para Tomate Tramontina Plenus Inox Preto 5- 23428105"
"232067900","IAC_232067900_Faca para Legumes Tramontina Inox 3”","G:\Drives compartilhados\OAK-WORKSPACE\01 - JOBS\03 - IA E-COMMERCE\EM_ANDAMENTO\2026-07-JULHO\IAC_232067900_Faca para Legumes Tramontina Inox 3”"
"232067700","IAC_232067700_Faca para Frutas e Legumes Tramontina Inox 3”","G:\Drives compartilhados\OAK-WORKSPACE\01 - JOBS\03 - IA E-COMMERCE\EM_ANDAMENTO\2026-07-JULHO\IAC_232067700_Faca para Frutas e Legumes Tramontina Inox 3”"
"232087500","IAC_232087500_Colher de Servir Tramontina Ability Preto","G:\Drives compartilhados\OAK-WORKSPACE\01 - JOBS\03 - IA E-COMMERCE\EM_ANDAMENTO\2026-07-JULHO\IAC_232087500_Colher de Servir Tramontina Ability Preto"
"231614900","IAC_231614900_Carboidrato Probiótica Carb Up Gel Black","G:\Drives compartilhados\OAK-WORKSPACE\01 - JOBS\03 - IA E-COMMERCE\EM_ANDAMENTO\2026-07-JULHO\IAC_231614900_Carboidrato Probiótica Carb Up Gel Black"
"232049400","IAC_232049400_Faca para Churrasco Tramontina Inox 4”","G:\Drives compartilhados\OAK-WORKSPACE\01 - JOBS\03 - IA E-COMMERCE\EM_ANDAMENTO\2026-07-JULHO\IAC_232049400_Faca para Churrasco Tramontina Inox 4”"
"232057600","IAC_232057600_Descascador de Batata Tramontina Inox Utilità","G:\Drives compartilhados\OAK-WORKSPACE\01 - JOBS\03 - IA E-COMMERCE\EM_ANDAMENTO\2026-07-JULHO\IAC_232057600_Descascador de Batata Tramontina Inox Utilità"
"232049500","IAC_232049500_Faca para Churrasco Tramontina Inox 4”","G:\Drives compartilhados\OAK-WORKSPACE\01 - JOBS\03 - IA E-COMMERCE\EM_ANDAMENTO\2026-07-JULHO\IAC_232049500_Faca para Churrasco Tramontina Inox 4”"
"232058700","IAC_232058700_Espátula para Bolo Tramontina Ability","G:\Drives compartilhados\OAK-WORKSPACE\01 - JOBS\03 - IA E-COMMERCE\EM_ANDAMENTO\2026-07-JULHO\IAC_232058700_Espátula para Bolo Tramontina Ability"
"232049200","IAC_232049200_Faca para Churrasco Tramontina Inox 4” New Color","G:\Drives compartilhados\OAK-WORKSPACE\01 - JOBS\03 - IA E-COMMERCE\EM_ANDAMENTO\2026-07-JULHO\IAC_232049200_Faca para Churrasco Tramontina Inox 4” New Color"
"232057100","IAC_232057100_Chaira Lisa Profissional 12” Tramontina Master","G:\Drives compartilhados\OAK-WORKSPACE\01 - JOBS\03 - IA E-COMMERCE\EM_ANDAMENTO\2026-07-JULHO\IAC_232057100_Chaira Lisa Profissional 12” Tramontina Master"
"232059300","IAC_232059300_Espátula para Pizza Inox Tramontina Utilità","G:\Drives compartilhados\OAK-WORKSPACE\01 - JOBS\03 - IA E-COMMERCE\EM_ANDAMENTO\2026-07-JULHO\IAC_232059300_Espátula para Pizza Inox Tramontina Utilità"
"232049000","IAC_232049000_Faca para Churrasco Tramontina Inox 4” New Color","G:\Drives compartilhados\OAK-WORKSPACE\01 - JOBS\03 - IA E-COMMERCE\EM_ANDAMENTO\2026-07-JULHO\IAC_232049000_Faca para Churrasco Tramontina Inox 4” New Color"
"232059500","IAC_232059500_Espátula Inox Tramontina Utilità","G:\Drives compartilhados\OAK-WORKSPACE\01 - JOBS\03 - IA E-COMMERCE\EM_ANDAMENTO\2026-07-JULHO\IAC_232059500_Espátula Inox Tramontina Utilità"
"232057500","IAC_232057500_Descascador de Batata Tramontina Inox Utilità","G:\Drives compartilhados\OAK-WORKSPACE\01 - JOBS\03 - IA E-COMMERCE\EM_ANDAMENTO\2026-07-JULHO\IAC_232057500_Descascador de Batata Tramontina Inox Utilità"
"231615000","IAC_231615000_Carboidrato Probiótica Carb Up Gel Black 10 Sachês 30g Morango","G:\Drives compartilhados\OAK-WORKSPACE\01 - JOBS\03 - IA E-COMMERCE\EM_ANDAMENTO\2026-07-JULHO\IAC_231615000_Carboidrato Probiótica Carb Up Gel Black 10 Sachês 30g Morango"
"232055700","IAC_232055700_Alinhador de Fio Profissional Tramontina Branco","G:\Drives compartilhados\OAK-WORKSPACE\01 - JOBS\03 - IA E-COMMERCE\EM_ANDAMENTO\2026-07-JULHO\IAC_232055700_Alinhador de Fio Profissional Tramontina Branco"
"231232200","IAC_231232200_Mixer Electrolux 3 em 1 Preto com Haste em Aço Inox 600W EIB20","G:\Drives compartilhados\OAK-WORKSPACE\01 - JOBS\03 - IA E-COMMERCE\EM_ANDAMENTO\2026-07-JULHO\IAC_231232200_Mixer Electrolux 3 em 1 Preto com Haste em Aço Inox 600W EIB20"
"231525400","IAC_231525400_Smartphone Motorola Edge 20 128GB Preto 5G 8GB RAM Tela 6,7” Câm. Tripla + Selfie 32M","G:\Drives compartilhados\OAK-WORKSPACE\01 - JOBS\03 - IA E-COMMERCE\EM_ANDAMENTO\2026-07-JULHO\IAC_231525400_Smartphone Motorola Edge 20 128GB Preto 5G 8GB RAM Tela 6,7” Câm. Tripla + Selfie 32M"
"232057200","IAC_232057200_Chaira Lisa Profissional 12” Tramontina Master","G:\Drives compartilhados\OAK-WORKSPACE\01 - JOBS\03 - IA E-COMMERCE\EM_ANDAMENTO\2026-07-JULHO\IAC_232057200_Chaira Lisa Profissional 12” Tramontina Master"
"232059100","IAC_232059100_Espátula para Pizza Inox Tramontina Utilità","G:\Drives compartilhados\OAK-WORKSPACE\01 - JOBS\03 - IA E-COMMERCE\EM_ANDAMENTO\2026-07-JULHO\IAC_232059100_Espátula para Pizza Inox Tramontina Utilità"
"232055600","IAC_232055600_Alinhador de Fio Profissional Tramontina Amarelo","G:\Drives compartilhados\OAK-WORKSPACE\01 - JOBS\03 - IA E-COMMERCE\EM_ANDAMENTO\2026-07-JULHO\IAC_232055600_Alinhador de Fio Profissional Tramontina Amarelo"
"232059000","IAC_232059000_Espátula para Ovo Tramontina Ability","G:\Drives compartilhados\OAK-WORKSPACE\01 - JOBS\03 - IA E-COMMERCE\EM_ANDAMENTO\2026-07-JULHO\IAC_232059000_Espátula para Ovo Tramontina Ability"
"232056200","IAC_232056200_Boleador 2,9cm Tramontina Utilitá Preto","G:\Drives compartilhados\OAK-WORKSPACE\01 - JOBS\03 - IA E-COMMERCE\EM_ANDAMENTO\2026-07-JULHO\IAC_232056200_Boleador 2,9cm Tramontina Utilitá Preto"
"232049700","IAC_232049700_Faca para Churrasco Tramontina Inox 4”","G:\Drives compartilhados\OAK-WORKSPACE\01 - JOBS\03 - IA E-COMMERCE\EM_ANDAMENTO\2026-07-JULHO\IAC_232049700_Faca para Churrasco Tramontina Inox 4”"
"232048900","IAC_232048900_Faca para Churrasco Tramontina Inox 4” New Color","G:\Drives compartilhados\OAK-WORKSPACE\01 - JOBS\03 - IA E-COMMERCE\EM_ANDAMENTO\2026-07-JULHO\IAC_232048900_Faca para Churrasco Tramontina Inox 4” New Color"
"232059400","IAC_232059400_Espátula para Pizza Inox Tramontina Utilità","G:\Drives compartilhados\OAK-WORKSPACE\01 - JOBS\03 - IA E-COMMERCE\EM_ANDAMENTO\2026-07-JULHO\IAC_232059400_Espátula para Pizza Inox Tramontina Utilità"
"232056800","IAC_232056800_Boleador 2,9cm Tramontina Utilitá Branco","G:\Drives compartilhados\OAK-WORKSPACE\01 - JOBS\03 - IA E-COMMERCE\EM_ANDAMENTO\2026-07-JULHO\IAC_232056800_Boleador 2,9cm Tramontina Utilitá Branco"
"231343100","IAC_231343100_Banheira de Bebê Burigotto Millenia+ Branca com Trocador","G:\Drives compartilhados\OAK-WORKSPACE\01 - JOBS\03 - IA E-COMMERCE\EM_ANDAMENTO\2026-07-JULHO\IAC_231343100_Banheira de Bebê Burigotto Millenia+ Branca com Trocador"
"231657200","IAC_231657200_Funko Pop! Marvel Zombie Thor","G:\Drives compartilhados\OAK-WORKSPACE\01 - JOBS\03 - IA E-COMMERCE\EM_ANDAMENTO\2026-07-JULHO\IAC_231657200_Funko Pop! Marvel Zombie Thor"
"231654900","IAC_231654900_Funko Pop! Ultraman Jack","G:\Drives compartilhados\OAK-WORKSPACE\01 - JOBS\03 - IA E-COMMERCE\EM_ANDAMENTO\2026-07-JULHO\IAC_231654900_Funko Pop! Ultraman Jack"
"232096300","IAC_232096300_Jogo de Colher Tramontina New Kolor Vermelho 3 Peças","G:\Drives compartilhados\OAK-WORKSPACE\01 - JOBS\03 - IA E-COMMERCE\EM_ANDAMENTO\2026-07-JULHO\IAC_232096300_Jogo de Colher Tramontina New Kolor Vermelho 3 Peças"
"232086200","IAC_232086200_Pegador de Massas Inox e Nylon Tramontina Utilitá","G:\Drives compartilhados\OAK-WORKSPACE\01 - JOBS\03 - IA E-COMMERCE\EM_ANDAMENTO\2026-07-JULHO\IAC_232086200_Pegador de Massas Inox e Nylon Tramontina Utilitá"
"232089700","IAC_232089700_Escumadeira Inox Tramontina Utilitá","G:\Drives compartilhados\OAK-WORKSPACE\01 - JOBS\03 - IA E-COMMERCE\EM_ANDAMENTO\2026-07-JULHO\IAC_232089700_Escumadeira Inox Tramontina Utilitá"
"232085100","IAC_232085100_Pá para Bolo Inox Tramontina Utilitá","G:\Drives compartilhados\OAK-WORKSPACE\01 - JOBS\03 - IA E-COMMERCE\EM_ANDAMENTO\2026-07-JULHO\IAC_232085100_Pá para Bolo Inox Tramontina Utilitá"
"232095100","IAC_232095100_Jogo de Colher de Chá Tramontina Dynamic Castanho e Prata 3 Peças","G:\Drives compartilhados\OAK-WORKSPACE\01 - JOBS\03 - IA E-COMMERCE\EM_ANDAMENTO\2026-07-JULHO\IAC_232095100_Jogo de Colher de Chá Tramontina Dynamic Castanho e Prata 3 Peças"
"232095200","IAC_232095200_Jogo de Colher de Chá Tramontina Dynamic Castanho e Prata 12 Peças","G:\Drives compartilhados\OAK-WORKSPACE\01 - JOBS\03 - IA E-COMMERCE\EM_ANDAMENTO\2026-07-JULHO\IAC_232095200_Jogo de Colher de Chá Tramontina Dynamic Castanho e Prata 12 Peças"
"232094900","IAC_232094900_Jogo de Colher Tramontina Dynamic Castanho 3 Peças","G:\Drives compartilhados\OAK-WORKSPACE\01 - JOBS\03 - IA E-COMMERCE\EM_ANDAMENTO\2026-07-JULHO\IAC_232094900_Jogo de Colher Tramontina Dynamic Castanho 3 Peças"
"232095400","IAC_232095400_Jogo de Colher Tramontina New Kolor 3 Peças","G:\Drives compartilhados\OAK-WORKSPACE\01 - JOBS\03 - IA E-COMMERCE\EM_ANDAMENTO\2026-07-JULHO\IAC_232095400_Jogo de Colher Tramontina New Kolor 3 Peças"
"232096600","IAC_232096600_Jogo de Colher Tramontina Leme Preto 3 Peças","G:\Drives compartilhados\OAK-WORKSPACE\01 - JOBS\03 - IA E-COMMERCE\EM_ANDAMENTO\2026-07-JULHO\IAC_232096600_Jogo de Colher Tramontina Leme Preto 3 Peças"
"232089900","IAC_232089900_Escumadeira Inox Tramontina Utilitá","G:\Drives compartilhados\OAK-WORKSPACE\01 - JOBS\03 - IA E-COMMERCE\EM_ANDAMENTO\2026-07-JULHO\IAC_232089900_Escumadeira Inox Tramontina Utilitá"
"232090300","IAC_232090300_Concha de Feijão e Sopa Inox Tramontina Utilitá","G:\Drives compartilhados\OAK-WORKSPACE\01 - JOBS\03 - IA E-COMMERCE\EM_ANDAMENTO\2026-07-JULHO\IAC_232090300_Concha de Feijão e Sopa Inox Tramontina Utilitá"
"232096100","IAC_232096100_Jogo de Colher Tramontina New Kolor Azul 3 Peças","G:\Drives compartilhados\OAK-WORKSPACE\01 - JOBS\03 - IA E-COMMERCE\EM_ANDAMENTO\2026-07-JULHO\IAC_232096100_Jogo de Colher Tramontina New Kolor Azul 3 Peças"
"232095300","IAC_232095300_Jogo de Colher Tramontina New Kolor 3 Peças","G:\Drives compartilhados\OAK-WORKSPACE\01 - JOBS\03 - IA E-COMMERCE\EM_ANDAMENTO\2026-07-JULHO\IAC_232095300_Jogo de Colher Tramontina New Kolor 3 Peças"
"232095000","IAC_232095000_Jogo de Colher Tramontina Dynamic Castanho 12 Peças","G:\Drives compartilhados\OAK-WORKSPACE\01 - JOBS\03 - IA E-COMMERCE\EM_ANDAMENTO\2026-07-JULHO\IAC_232095000_Jogo de Colher Tramontina Dynamic Castanho 12 Peças"
"232097200","IAC_232097200_Jogo de Colher Tramontina Leme Preto 12 Peças","G:\Drives compartilhados\OAK-WORKSPACE\01 - JOBS\03 - IA E-COMMERCE\EM_ANDAMENTO\2026-07-JULHO\IAC_232097200_Jogo de Colher Tramontina Leme Preto 12 Peças"
"232096800","IAC_232096800_Jogo de Colher Tramontina Leme Vermelho 3 Peças","G:\Drives compartilhados\OAK-WORKSPACE\01 - JOBS\03 - IA E-COMMERCE\EM_ANDAMENTO\2026-07-JULHO\IAC_232096800_Jogo de Colher Tramontina Leme Vermelho 3 Peças"
"232097400","IAC_232097400_Jogo de Colher Tramontina Leme Vermelho 12 Peças","G:\Drives compartilhados\OAK-WORKSPACE\01 - JOBS\03 - IA E-COMMERCE\EM_ANDAMENTO\2026-07-JULHO\IAC_232097400_Jogo de Colher Tramontina Leme Vermelho 12 Peças"
"232096900","IAC_232096900_Jogo de Colher Tramontina Leme 3 Peças","G:\Drives compartilhados\OAK-WORKSPACE\01 - JOBS\03 - IA E-COMMERCE\EM_ANDAMENTO\2026-07-JULHO\IAC_232096900_Jogo de Colher Tramontina Leme 3 Peças"
"232069100","IAC_232069100_Faca para Churrasco Tramontina Inox 6” Plenus","G:\Drives compartilhados\OAK-WORKSPACE\01 - JOBS\03 - IA E-COMMERCE\EM_ANDAMENTO\2026-07-JULHO\IAC_232069100_Faca para Churrasco Tramontina Inox 6” Plenus"
"232069900","IAC_232069900_Faca Chef Inox 6” Tramontina Plenu","G:\Drives compartilhados\OAK-WORKSPACE\01 - JOBS\03 - IA E-COMMERCE\EM_ANDAMENTO\2026-07-JULHO\IAC_232069900_Faca Chef Inox 6” Tramontina Plenu"
"232070400","IAC_232070400_Faca Chef Inox 6” Tramontina Plenu","G:\Drives compartilhados\OAK-WORKSPACE\01 - JOBS\03 - IA E-COMMERCE\EM_ANDAMENTO\2026-07-JULHO\IAC_232070400_Faca Chef Inox 6” Tramontina Plenu"
"232069000","IAC_232069000_Faca para Churrasco Tramontina Inox 6” Plenu","G:\Drives compartilhados\OAK-WORKSPACE\01 - JOBS\03 - IA E-COMMERCE\EM_ANDAMENTO\2026-07-JULHO\IAC_232069000_Faca para Churrasco Tramontina Inox 6” Plenu"
"232086100","IAC_232086100_Pegador de Massas Inox e Nylon Tramontina Utilitá","G:\Drives compartilhados\OAK-WORKSPACE\01 - JOBS\03 - IA E-COMMERCE\EM_ANDAMENTO\2026-07-JULHO\IAC_232086100_Pegador de Massas Inox e Nylon Tramontina Utilitá"
"232085000","IAC_232085000_Pá para Bolo Inox Tramontina Utilitá","G:\Drives compartilhados\OAK-WORKSPACE\01 - JOBS\03 - IA E-COMMERCE\EM_ANDAMENTO\2026-07-JULHO\IAC_232085000_Pá para Bolo Inox Tramontina Utilitá"
"232090700","IAC_232090700_Colher de Servir Aço Inox Tramontina Utilitá","G:\Drives compartilhados\OAK-WORKSPACE\01 - JOBS\03 - IA E-COMMERCE\EM_ANDAMENTO\2026-07-JULHO\IAC_232090700_Colher de Servir Aço Inox Tramontina Utilitá"
"232090400","IAC_232090400_Concha de Feijão e Sopa Inox Tramontina Utilitá","G:\Drives compartilhados\OAK-WORKSPACE\01 - JOBS\03 - IA E-COMMERCE\EM_ANDAMENTO\2026-07-JULHO\IAC_232090400_Concha de Feijão e Sopa Inox Tramontina Utilitá"
"232095900","IAC_232095900_Jogo de Colher Tramontina New Kolor 12 Peças","G:\Drives compartilhados\OAK-WORKSPACE\01 - JOBS\03 - IA E-COMMERCE\EM_ANDAMENTO\2026-07-JULHO\IAC_232095900_Jogo de Colher Tramontina New Kolor 12 Peças"
"232091800","IAC_232091800_Colher de Servir Tramontina Utilitá Vermelho","G:\Drives compartilhados\OAK-WORKSPACE\01 - JOBS\03 - IA E-COMMERCE\EM_ANDAMENTO\2026-07-JULHO\IAC_232091800_Colher de Servir Tramontina Utilitá Vermelho"
"232089200","IAC_232089200_Concha de Sorvete Inox Utilitá 21,1cm","G:\Drives compartilhados\OAK-WORKSPACE\01 - JOBS\03 - IA E-COMMERCE\EM_ANDAMENTO\2026-07-JULHO\IAC_232089200_Concha de Sorvete Inox Utilitá 21,1cm"
"232095600","IAC_232095600_Jogo de Colher Tramontina New Kolor 3 Peças","G:\Drives compartilhados\OAK-WORKSPACE\01 - JOBS\03 - IA E-COMMERCE\EM_ANDAMENTO\2026-07-JULHO\IAC_232095600_Jogo de Colher Tramontina New Kolor 3 Peças"
"232090800","IAC_232090800_Colher de Servir Aço Inox Tramontina Utilitá","G:\Drives compartilhados\OAK-WORKSPACE\01 - JOBS\03 - IA E-COMMERCE\EM_ANDAMENTO\2026-07-JULHO\IAC_232090800_Colher de Servir Aço Inox Tramontina Utilitá"
"232089600","IAC_232089600_Concha para Molho Inox Tramontina Utilitá Branca","G:\Drives compartilhados\OAK-WORKSPACE\01 - JOBS\03 - IA E-COMMERCE\EM_ANDAMENTO\2026-07-JULHO\IAC_232089600_Concha para Molho Inox Tramontina Utilitá Branca"
"232090500","IAC_232090500_Colher de Servir Aço Inox Tramontina Utilitá","G:\Drives compartilhados\OAK-WORKSPACE\01 - JOBS\03 - IA E-COMMERCE\EM_ANDAMENTO\2026-07-JULHO\IAC_232090500_Colher de Servir Aço Inox Tramontina Utilitá"
"232095800","IAC_232095800_Jogo de Colher Tramontina New Kolor 12 Peças","G:\Drives compartilhados\OAK-WORKSPACE\01 - JOBS\03 - IA E-COMMERCE\EM_ANDAMENTO\2026-07-JULHO\IAC_232095800_Jogo de Colher Tramontina New Kolor 12 Peças"
"232089100","IAC_232089100_Concha de Sorvete Inox Utilitá 21,1cm","G:\Drives compartilhados\OAK-WORKSPACE\01 - JOBS\03 - IA E-COMMERCE\EM_ANDAMENTO\2026-07-JULHO\IAC_232089100_Concha de Sorvete Inox Utilitá 21,1cm"
"232086900","IAC_232086900_Raspador de Limão de Inox Tramontina Utilitá","G:\Drives compartilhados\OAK-WORKSPACE\01 - JOBS\03 - IA E-COMMERCE\EM_ANDAMENTO\2026-07-JULHO\IAC_232086900_Raspador de Limão de Inox Tramontina Utilitá"
"232091700","IAC_232091700_Colher de Servir Tramontina Utilitá Preto","G:\Drives compartilhados\OAK-WORKSPACE\01 - JOBS\03 - IA E-COMMERCE\EM_ANDAMENTO\2026-07-JULHO\IAC_232091700_Colher de Servir Tramontina Utilitá Preto"
"232096400","IAC_232096400_Jogo de Colher Tramontina New Kolor Azul 12 Peças","G:\Drives compartilhados\OAK-WORKSPACE\01 - JOBS\03 - IA E-COMMERCE\EM_ANDAMENTO\2026-07-JULHO\IAC_232096400_Jogo de Colher Tramontina New Kolor Azul 12 Peças"
"232086700","IAC_232086700_Raspador de Limão de Inox Tramontina Utilitá","G:\Drives compartilhados\OAK-WORKSPACE\01 - JOBS\03 - IA E-COMMERCE\EM_ANDAMENTO\2026-07-JULHO\IAC_232086700_Raspador de Limão de Inox Tramontina Utilitá"
"232070800","IAC_232070800_Faca para Tomates Tramontina Inox 5” Plenu","G:\Drives compartilhados\OAK-WORKSPACE\01 - JOBS\03 - IA E-COMMERCE\EM_ANDAMENTO\2026-07-JULHO\IAC_232070800_Faca para Tomates Tramontina Inox 5” Plenu"
"232090100","IAC_232090100_Concha de Feijão e Sopa Inox Tramontina Utilitá Preta 30,8cm","G:\Drives compartilhados\OAK-WORKSPACE\01 - JOBS\03 - IA E-COMMERCE\EM_ANDAMENTO\2026-07-JULHO\IAC_232090100_Concha de Feijão e Sopa Inox Tramontina Utilitá Preta 30,8cm"
"232089000","IAC_232089000_Concha de Sorvete Inox Utilitá 21,1cm","G:\Drives compartilhados\OAK-WORKSPACE\01 - JOBS\03 - IA E-COMMERCE\EM_ANDAMENTO\2026-07-JULHO\IAC_232089000_Concha de Sorvete Inox Utilitá 21,1cm"
"232089500","IAC_232089500_Concha para Molho Inox Tramontina Utilitá Vermelha","G:\Drives compartilhados\OAK-WORKSPACE\01 - JOBS\03 - IA E-COMMERCE\EM_ANDAMENTO\2026-07-JULHO\IAC_232089500_Concha para Molho Inox Tramontina Utilitá Vermelha"
"232099500","IAC_232099500_Jogo de Colher Tramontina Ipanema Azul 3 Peças","G:\Drives compartilhados\OAK-WORKSPACE\01 - JOBS\03 - IA E-COMMERCE\EM_ANDAMENTO\2026-07-JULHO\IAC_232099500_Jogo de Colher Tramontina Ipanema Azul 3 Peças"
"232099400","IAC_232099400_Jogo de Colher Tramontina Ipanema Preto 3 Peças","G:\Drives compartilhados\OAK-WORKSPACE\01 - JOBS\03 - IA E-COMMERCE\EM_ANDAMENTO\2026-07-JULHO\IAC_232099400_Jogo de Colher Tramontina Ipanema Preto 3 Peças"
"232098100","IAC_232098100_Jogo de Colher Tramontina Ipanema Azul 3 Peças","G:\Drives compartilhados\OAK-WORKSPACE\01 - JOBS\03 - IA E-COMMERCE\EM_ANDAMENTO\2026-07-JULHO\IAC_232098100_Jogo de Colher Tramontina Ipanema Azul 3 Peças"
"232099300","IAC_232099300_Jogo de Colher Tramontina Ipanema Branco 12 Peças","G:\Drives compartilhados\OAK-WORKSPACE\01 - JOBS\03 - IA E-COMMERCE\EM_ANDAMENTO\2026-07-JULHO\IAC_232099300_Jogo de Colher Tramontina Ipanema Branco 12 Peças"
"232099200","IAC_232099200_Jogo de Colher Tramontina Ipanema Vermelho 12 Peças","G:\Drives compartilhados\OAK-WORKSPACE\01 - JOBS\03 - IA E-COMMERCE\EM_ANDAMENTO\2026-07-JULHO\IAC_232099200_Jogo de Colher Tramontina Ipanema Vermelho 12 Peças"
"232098500","IAC_232098500_Jogo de Colher Tramontina Ipanema Vermelho 3 Peças","G:\Drives compartilhados\OAK-WORKSPACE\01 - JOBS\03 - IA E-COMMERCE\EM_ANDAMENTO\2026-07-JULHO\IAC_232098500_Jogo de Colher Tramontina Ipanema Vermelho 3 Peças"
"232099100","IAC_232099100_Jogo de Colher Tramontina Ipanema Azul 12 Peças","G:\Drives compartilhados\OAK-WORKSPACE\01 - JOBS\03 - IA E-COMMERCE\EM_ANDAMENTO\2026-07-JULHO\IAC_232099100_Jogo de Colher Tramontina Ipanema Azul 12 Peças"
"232099000","IAC_232099000_Jogo de Colher Tramontina Ipanema Preto 12 Peças","G:\Drives compartilhados\OAK-WORKSPACE\01 - JOBS\03 - IA E-COMMERCE\EM_ANDAMENTO\2026-07-JULHO\IAC_232099000_Jogo de Colher Tramontina Ipanema Preto 12 Peças"
"232098000","IAC_232098000_Jogo de Colher Tramontina Ipanema Preto 3 Peças","G:\Drives compartilhados\OAK-WORKSPACE\01 - JOBS\03 - IA E-COMMERCE\EM_ANDAMENTO\2026-07-JULHO\IAC_232098000_Jogo de Colher Tramontina Ipanema Preto 3 Peças"
"232098600","IAC_232098600_Jogo de Colher Tramontina Ipanema Branco 3 Peças","G:\Drives compartilhados\OAK-WORKSPACE\01 - JOBS\03 - IA E-COMMERCE\EM_ANDAMENTO\2026-07-JULHO\IAC_232098600_Jogo de Colher Tramontina Ipanema Branco 3 Peças"
"232097500","IAC_232097500_Jogo de Colher Tramontina Leme Azul 12 Peças","G:\Drives compartilhados\OAK-WORKSPACE\01 - JOBS\03 - IA E-COMMERCE\EM_ANDAMENTO\2026-07-JULHO\IAC_232097500_Jogo de Colher Tramontina Leme Azul 12 Peças"
"232102600","IAC_232102600_Garfo Trinchante Tramontina Aço Inox Plenus","G:\Drives compartilhados\OAK-WORKSPACE\01 - JOBS\03 - IA E-COMMERCE\EM_ANDAMENTO\2026-07-JULHO\IAC_232102600_Garfo Trinchante Tramontina Aço Inox Plenus"
"232102800","IAC_232102800_Jogo de Garfos de Mesa Tramontina Inox New Kolor 3 Peças","G:\Drives compartilhados\OAK-WORKSPACE\01 - JOBS\03 - IA E-COMMERCE\EM_ANDAMENTO\2026-07-JULHO\IAC_232102800_Jogo de Garfos de Mesa Tramontina Inox New Kolor 3 Peças"
"232102500","IAC_232102500_Garfo Trinchante Tramontina Aço Inox Plenus","G:\Drives compartilhados\OAK-WORKSPACE\01 - JOBS\03 - IA E-COMMERCE\EM_ANDAMENTO\2026-07-JULHO\IAC_232102500_Garfo Trinchante Tramontina Aço Inox Plenus"
"232102700","IAC_232102700_Garfo Trinchante Tramontina Aço Inox Plenus 26,1cm","G:\Drives compartilhados\OAK-WORKSPACE\01 - JOBS\03 - IA E-COMMERCE\EM_ANDAMENTO\2026-07-JULHO\IAC_232102700_Garfo Trinchante Tramontina Aço Inox Plenus 26,1cm"
"232103100","IAC_232103100_Jogo de Garfos de Mesa Tramontina Inox New Kolor 3 Peças","G:\Drives compartilhados\OAK-WORKSPACE\01 - JOBS\03 - IA E-COMMERCE\EM_ANDAMENTO\2026-07-JULHO\IAC_232103100_Jogo de Garfos de Mesa Tramontina Inox New Kolor 3 Peças"
"232100000","IAC_232100000_Jogo de Colher Tramontina Ipanema Branco 3 Peças","G:\Drives compartilhados\OAK-WORKSPACE\01 - JOBS\03 - IA E-COMMERCE\EM_ANDAMENTO\2026-07-JULHO\IAC_232100000_Jogo de Colher Tramontina Ipanema Branco 3 Peças"
"232099900","IAC_232099900_Jogo de Colher Tramontina Ipanema Vermelho 3 Peças","G:\Drives compartilhados\OAK-WORKSPACE\01 - JOBS\03 - IA E-COMMERCE\EM_ANDAMENTO\2026-07-JULHO\IAC_232099900_Jogo de Colher Tramontina Ipanema Vermelho 3 Peças"
"232102400","IAC_232102400_Garfo de Mesa Tramontina Aço Inox Churrasco","G:\Drives compartilhados\OAK-WORKSPACE\01 - JOBS\03 - IA E-COMMERCE\EM_ANDAMENTO\2026-07-JULHO\IAC_232102400_Garfo de Mesa Tramontina Aço Inox Churrasco"
"232100600","IAC_232100600_Jogo de Colher Tramontina Ipanema Vermelho 12 Peças","G:\Drives compartilhados\OAK-WORKSPACE\01 - JOBS\03 - IA E-COMMERCE\EM_ANDAMENTO\2026-07-JULHO\IAC_232100600_Jogo de Colher Tramontina Ipanema Vermelho 12 Peças"
"232101600","IAC_232101600_Garfo de Mesa Tramontina Aço Inox Churrasco","G:\Drives compartilhados\OAK-WORKSPACE\01 - JOBS\03 - IA E-COMMERCE\EM_ANDAMENTO\2026-07-JULHO\IAC_232101600_Garfo de Mesa Tramontina Aço Inox Churrasco"
"232102300","IAC_232102300_Garfo de Mesa Tramontina Aço Inox Churrasco","G:\Drives compartilhados\OAK-WORKSPACE\01 - JOBS\03 - IA E-COMMERCE\EM_ANDAMENTO\2026-07-JULHO\IAC_232102300_Garfo de Mesa Tramontina Aço Inox Churrasco"
"232100500","IAC_232100500_Jogo de Colher Tramontina Ipanema Azul 12 Peças","G:\Drives compartilhados\OAK-WORKSPACE\01 - JOBS\03 - IA E-COMMERCE\EM_ANDAMENTO\2026-07-JULHO\IAC_232100500_Jogo de Colher Tramontina Ipanema Azul 12 Peças"
"232101700","IAC_232101700_Garfo de Mesa Tramontina Aço Inox Churrasco","G:\Drives compartilhados\OAK-WORKSPACE\01 - JOBS\03 - IA E-COMMERCE\EM_ANDAMENTO\2026-07-JULHO\IAC_232101700_Garfo de Mesa Tramontina Aço Inox Churrasco"
"232100400","IAC_232100400_Jogo de Colher Tramontina Ipanema Preto 12 Peças","G:\Drives compartilhados\OAK-WORKSPACE\01 - JOBS\03 - IA E-COMMERCE\EM_ANDAMENTO\2026-07-JULHO\IAC_232100400_Jogo de Colher Tramontina Ipanema Preto 12 Peças"
"232453700","IAC_232453700_Bicicleta Aro 29 Dropp Z3 Alumínio Freio a Disco 21 Marchas Câmbio Shimano","G:\Drives compartilhados\OAK-WORKSPACE\01 - JOBS\03 - IA E-COMMERCE\EM_ANDAMENTO\2026-07-JULHO\IAC_232453700_Bicicleta Aro 29 Dropp Z3 Alumínio Freio a Disco 21 Marchas Câmbio Shimano"
"232180400","IAC_232180400_Kit Talher Infantil Tramontina Coelho Le Petit Rosa 2 Peças","G:\Drives compartilhados\OAK-WORKSPACE\01 - JOBS\03 - IA E-COMMERCE\EM_ANDAMENTO\2026-07-JULHO\IAC_232180400_Kit Talher Infantil Tramontina Coelho Le Petit Rosa 2 Peças"
"232524100","IAC_232524100_Cama Box Casal Aiam Colchões 54x138x188cm","G:\Drives compartilhados\OAK-WORKSPACE\01 - JOBS\03 - IA E-COMMERCE\EM_ANDAMENTO\2026-07-JULHO\IAC_232524100_Cama Box Casal Aiam Colchões 54x138x188cm"
"233364200","IAC_233364200_Tela Protetora de Alimentos Redonda Hauskraft","G:\Drives compartilhados\OAK-WORKSPACE\01 - JOBS\03 - IA E-COMMERCE\EM_ANDAMENTO\2026-07-JULHO\IAC_233364200_Tela Protetora de Alimentos Redonda Hauskraft"
"232451600","IAC_232451600_Bicicleta Aro 29 Dropp Z1-X Alumínio Freio a Disco 21 Marchas Câmbio Shimano","G:\Drives compartilhados\OAK-WORKSPACE\01 - JOBS\03 - IA E-COMMERCE\EM_ANDAMENTO\2026-07-JULHO\IAC_232451600_Bicicleta Aro 29 Dropp Z1-X Alumínio Freio a Disco 21 Marchas Câmbio Shimano"
"232106700","IAC_232106700_Garfo Trinchante Tramontina Aço Inox Utilità","G:\Drives compartilhados\OAK-WORKSPACE\01 - JOBS\03 - IA E-COMMERCE\EM_ANDAMENTO\2026-07-JULHO\IAC_232106700_Garfo Trinchante Tramontina Aço Inox Utilità"
"233000400","IAC_233000400_Isdin FotoUltra Active Unify Fusion Protetor Clareador Com Cor FPS99","G:\Drives compartilhados\OAK-WORKSPACE\01 - JOBS\03 - IA E-COMMERCE\EM_ANDAMENTO\2026-07-JULHO\IAC_233000400_Isdin FotoUltra Active Unify Fusion Protetor Clareador Com Cor FPS99"
"233364000","IAC_233364000_Tela Protetora de Alimentos Redonda Hauskraft","G:\Drives compartilhados\OAK-WORKSPACE\01 - JOBS\03 - IA E-COMMERCE\EM_ANDAMENTO\2026-07-JULHO\IAC_233364000_Tela Protetora de Alimentos Redonda Hauskraft"
"232180300","IAC_232180300_Kit Talher Infantil Tramontina Urso Le Petit Cinza 2 Peças","G:\Drives compartilhados\OAK-WORKSPACE\01 - JOBS\03 - IA E-COMMERCE\EM_ANDAMENTO\2026-07-JULHO\IAC_232180300_Kit Talher Infantil Tramontina Urso Le Petit Cinza 2 Peças"
"232106500","IAC_232106500_Garfo Trinchante Tramontina Aço Inox Utilità","G:\Drives compartilhados\OAK-WORKSPACE\01 - JOBS\03 - IA E-COMMERCE\EM_ANDAMENTO\2026-07-JULHO\IAC_232106500_Garfo Trinchante Tramontina Aço Inox Utilità"
"232448400","IAC_232448400_Bicicleta Aro 29 Dropp RS3 Alumínio Freio a Disco","G:\Drives compartilhados\OAK-WORKSPACE\01 - JOBS\03 - IA E-COMMERCE\EM_ANDAMENTO\2026-07-JULHO\IAC_232448400_Bicicleta Aro 29 Dropp RS3 Alumínio Freio a Disco"
"232105800","IAC_232105800_Jogo de Garfos de Mesa Tramontina Inox Ipanema 12 Peças","G:\Drives compartilhados\OAK-WORKSPACE\01 - JOBS\03 - IA E-COMMERCE\EM_ANDAMENTO\2026-07-JULHO\IAC_232105800_Jogo de Garfos de Mesa Tramontina Inox Ipanema 12 Peças"
"232105700","IAC_232105700_Jogo de Garfos de Mesa Tramontina Inox Ipanema 12 Peças","G:\Drives compartilhados\OAK-WORKSPACE\01 - JOBS\03 - IA E-COMMERCE\EM_ANDAMENTO\2026-07-JULHO\IAC_232105700_Jogo de Garfos de Mesa Tramontina Inox Ipanema 12 Peças"
"232283500","IAC_232283500_Monitor UltraWide LG 29WL500-B 29” Full HD","G:\Drives compartilhados\OAK-WORKSPACE\01 - JOBS\03 - IA E-COMMERCE\EM_ANDAMENTO\2026-07-JULHO\IAC_232283500_Monitor UltraWide LG 29WL500-B 29” Full HD"
"233363900","IAC_233363900_Tela Protetora de Alimentos Redonda Hauskraft","G:\Drives compartilhados\OAK-WORKSPACE\01 - JOBS\03 - IA E-COMMERCE\EM_ANDAMENTO\2026-07-JULHO\IAC_233363900_Tela Protetora de Alimentos Redonda Hauskraft"
"232285400","IAC_232285400_Smart TV 65” 4K UHD QNED Mini-LED LG","G:\Drives compartilhados\OAK-WORKSPACE\01 - JOBS\03 - IA E-COMMERCE\EM_ANDAMENTO\2026-07-JULHO\IAC_232285400_Smart TV 65” 4K UHD QNED Mini-LED LG"
"232118600","IAC_232118600_Monitor Gamer 144Hz Full HD 24” Samsung","G:\Drives compartilhados\OAK-WORKSPACE\01 - JOBS\03 - IA E-COMMERCE\EM_ANDAMENTO\2026-07-JULHO\IAC_232118600_Monitor Gamer 144Hz Full HD 24” Samsung"
"232106800","IAC_232106800_Garfo Trinchante Tramontina Aço Inox Utilità","G:\Drives compartilhados\OAK-WORKSPACE\01 - JOBS\03 - IA E-COMMERCE\EM_ANDAMENTO\2026-07-JULHO\IAC_232106800_Garfo Trinchante Tramontina Aço Inox Utilità"
"232105600","IAC_232105600_Jogo de Garfos de Mesa Tramontina Inox Ipanema 12 Peças","G:\Drives compartilhados\OAK-WORKSPACE\01 - JOBS\03 - IA E-COMMERCE\EM_ANDAMENTO\2026-07-JULHO\IAC_232105600_Jogo de Garfos de Mesa Tramontina Inox Ipanema 12 Peças"
"232180100","IAC_232180100_Kit Babador de Silicone Tramontina Urso Le Petit com Colher","G:\Drives compartilhados\OAK-WORKSPACE\01 - JOBS\03 - IA E-COMMERCE\EM_ANDAMENTO\2026-07-JULHO\IAC_232180100_Kit Babador de Silicone Tramontina Urso Le Petit com Colher"
"232105100","IAC_232105100_Jogo de Garfos de Mesa Tramontina Inox Ipanema 3 Peças","G:\Drives compartilhados\OAK-WORKSPACE\01 - JOBS\03 - IA E-COMMERCE\EM_ANDAMENTO\2026-07-JULHO\IAC_232105100_Jogo de Garfos de Mesa Tramontina Inox Ipanema 3 Peças"
"232103400","IAC_232103400_Jogo de Garfos de Mesa Tramontina Inox New Kolor 12 Peças","G:\Drives compartilhados\OAK-WORKSPACE\01 - JOBS\03 - IA E-COMMERCE\EM_ANDAMENTO\2026-07-JULHO\IAC_232103400_Jogo de Garfos de Mesa Tramontina Inox New Kolor 12 Peças"
"232453500","IAC_232453500_Bicicleta Aro 29 Dropp Z3 Alumínio Freio a Disco 21 Marchas Câmbio Shimano","G:\Drives compartilhados\OAK-WORKSPACE\01 - JOBS\03 - IA E-COMMERCE\EM_ANDAMENTO\2026-07-JULHO\IAC_232453500_Bicicleta Aro 29 Dropp Z3 Alumínio Freio a Disco 21 Marchas Câmbio Shimano"
"232104500","IAC_232104500_Jogo de Garfos de Mesa Tramontina Inox Leme 12 Peças","G:\Drives compartilhados\OAK-WORKSPACE\01 - JOBS\03 - IA E-COMMERCE\EM_ANDAMENTO\2026-07-JULHO\IAC_232104500_Jogo de Garfos de Mesa Tramontina Inox Leme 12 Peças"
"232105200","IAC_232105200_Jogo de Garfos de Mesa Tramontina Inox Ipanema 3 Peças","G:\Drives compartilhados\OAK-WORKSPACE\01 - JOBS\03 - IA E-COMMERCE\EM_ANDAMENTO\2026-07-JULHO\IAC_232105200_Jogo de Garfos de Mesa Tramontina Inox Ipanema 3 Peças"
"232104600","IAC_232104600_Jogo de Garfos de Mesa Tramontina Inox Ipanema 3 Peças","G:\Drives compartilhados\OAK-WORKSPACE\01 - JOBS\03 - IA E-COMMERCE\EM_ANDAMENTO\2026-07-JULHO\IAC_232104600_Jogo de Garfos de Mesa Tramontina Inox Ipanema 3 Peças"
"232104700","IAC_232104700_Jogo de Garfos de Mesa Tramontina Inox Ipanema 3 Peças","G:\Drives compartilhados\OAK-WORKSPACE\01 - JOBS\03 - IA E-COMMERCE\EM_ANDAMENTO\2026-07-JULHO\IAC_232104700_Jogo de Garfos de Mesa Tramontina Inox Ipanema 3 Peças"
"232104200","IAC_232104200_Jogo de Garfos de Mesa Tramontina Inox Leme 12 Peças","G:\Drives compartilhados\OAK-WORKSPACE\01 - JOBS\03 - IA E-COMMERCE\EM_ANDAMENTO\2026-07-JULHO\IAC_232104200_Jogo de Garfos de Mesa Tramontina Inox Leme 12 Peças"
"232180200","IAC_232180200_Kit Babador de Silicone Tramontina Coelho Le Petit com Colher","G:\Drives compartilhados\OAK-WORKSPACE\01 - JOBS\03 - IA E-COMMERCE\EM_ANDAMENTO\2026-07-JULHO\IAC_232180200_Kit Babador de Silicone Tramontina Coelho Le Petit com Colher"
"234767100","IAC_234767100_Refil de Tinta Epson EcoTank T544520-4P - 4 Unidades","G:\Drives compartilhados\OAK-WORKSPACE\01 - JOBS\03 - IA E-COMMERCE\EM_ANDAMENTO\2026-07-JULHO\IAC_234767100_Refil de Tinta Epson EcoTank T544520-4P - 4 Unidades"
"234947300","IAC_234947300_Guarda-roupa Casal com Espelho 2 Portas 4 Gavetas","G:\Drives compartilhados\OAK-WORKSPACE\01 - JOBS\03 - IA E-COMMERCE\EM_ANDAMENTO\2026-07-JULHO\IAC_234947300_Guarda-roupa Casal com Espelho 2 Portas 4 Gavetas"
"234975600","IAC_234975600_Caldeirão de Alumínio Tramontina Avelã com Tampa","G:\Drives compartilhados\OAK-WORKSPACE\01 - JOBS\03 - IA E-COMMERCE\EM_ANDAMENTO\2026-07-JULHO\IAC_234975600_Caldeirão de Alumínio Tramontina Avelã com Tampa"
"234669800","IAC_234669800_Escrivaninha 3 Prateleiras Artely Link","G:\Drives compartilhados\OAK-WORKSPACE\01 - JOBS\03 - IA E-COMMERCE\EM_ANDAMENTO\2026-07-JULHO\IAC_234669800_Escrivaninha 3 Prateleiras Artely Link"
"234975500","IAC_234975500_Caldeirão de Alumínio Tramontina Antiaderente Vermelho com Tampa 9,6L 26cm Paris","G:\Drives compartilhados\OAK-WORKSPACE\01 - JOBS\03 - IA E-COMMERCE\EM_ANDAMENTO\2026-07-JULHO\IAC_234975500_Caldeirão de Alumínio Tramontina Antiaderente Vermelho com Tampa 9,6L 26cm Paris"
"234974200","IAC_234974200_Caldeirão de Alumínio Tramontina Antiaderente Chumbo com Tampa 2,1L 16cm Paris","G:\Drives compartilhados\OAK-WORKSPACE\01 - JOBS\03 - IA E-COMMERCE\EM_ANDAMENTO\2026-07-JULHO\IAC_234974200_Caldeirão de Alumínio Tramontina Antiaderente Chumbo com Tampa 2,1L 16cm Paris"
"234974500","IAC_234974500_Caldeirão de Alumínio Tramontina Antiaderente Vermelho com Tampa 3,1L 18cm Paris","G:\Drives compartilhados\OAK-WORKSPACE\01 - JOBS\03 - IA E-COMMERCE\EM_ANDAMENTO\2026-07-JULHO\IAC_234974500_Caldeirão de Alumínio Tramontina Antiaderente Vermelho com Tampa 3,1L 18cm Paris"
"234669000","IAC_234669000_Escova Secadora 3 em 1 Mondial ES11 BI Grey Rose Keratin 1200w Design Oval Ergonômico Cerdas Flexiveis Nylon Bivolt","G:\Drives compartilhados\OAK-WORKSPACE\01 - JOBS\03 - IA E-COMMERCE\EM_ANDAMENTO\2026-07-JULHO\IAC_234669000_Escova Secadora 3 em 1 Mondial ES11 BI Grey Rose Keratin 1200w Design Oval Ergonômico Cerdas Flexiveis Nylon Bivolt"
"234767300","IAC_234767300_Refil de Tinta Epson EcoTank T544120-2P","G:\Drives compartilhados\OAK-WORKSPACE\01 - JOBS\03 - IA E-COMMERCE\EM_ANDAMENTO\2026-07-JULHO\IAC_234767300_Refil de Tinta Epson EcoTank T544120-2P"
"234975400","IAC_234975400_Caldeirão de Alumínio Tramontina Antiaderente Chumbo com Tampa 9,6L 26cm Paris","G:\Drives compartilhados\OAK-WORKSPACE\01 - JOBS\03 - IA E-COMMERCE\EM_ANDAMENTO\2026-07-JULHO\IAC_234975400_Caldeirão de Alumínio Tramontina Antiaderente Chumbo com Tampa 9,6L 26cm Paris"
"234969900","IAC_234969900_Conjunto de Utensílios de Nylon Tramontina Ability Preto 3 Peças","G:\Drives compartilhados\OAK-WORKSPACE\01 - JOBS\03 - IA E-COMMERCE\EM_ANDAMENTO\2026-07-JULHO\IAC_234969900_Conjunto de Utensílios de Nylon Tramontina Ability Preto 3 Peças"
"234974700","IAC_234974700_Caldeirão de Alumínio Tramontina Antiaderente Vermelho com Tampa 4,2L 20cm Paris","G:\Drives compartilhados\OAK-WORKSPACE\01 - JOBS\03 - IA E-COMMERCE\EM_ANDAMENTO\2026-07-JULHO\IAC_234974700_Caldeirão de Alumínio Tramontina Antiaderente Vermelho com Tampa 4,2L 20cm Paris"
"234970100","IAC_234970100_Conjunto de Utensílios de Nylon Tramontina Ability Vermelho 3 Peças","G:\Drives compartilhados\OAK-WORKSPACE\01 - JOBS\03 - IA E-COMMERCE\EM_ANDAMENTO\2026-07-JULHO\IAC_234970100_Conjunto de Utensílios de Nylon Tramontina Ability Vermelho 3 Peças"
"234976300","IAC_234976300_Espagueteira Tramontina de Alumínio Antiaderente com Tampa 7,3L 24cm Paris","G:\Drives compartilhados\OAK-WORKSPACE\01 - JOBS\03 - IA E-COMMERCE\EM_ANDAMENTO\2026-07-JULHO\IAC_234976300_Espagueteira Tramontina de Alumínio Antiaderente com Tampa 7,3L 24cm Paris"
"234975000","IAC_234975000_Caldeirão de Alumínio Tramontina Antiaderente Chumbo com Tampa 7,1L 24cm Paris","G:\Drives compartilhados\OAK-WORKSPACE\01 - JOBS\03 - IA E-COMMERCE\EM_ANDAMENTO\2026-07-JULHO\IAC_234975000_Caldeirão de Alumínio Tramontina Antiaderente Chumbo com Tampa 7,1L 24cm Paris"
"234974900","IAC_234974900_Caldeirão de Alumínio Tramontina Antiaderente Vermelho com Tampa 5,7L 22cm Paris","G:\Drives compartilhados\OAK-WORKSPACE\01 - JOBS\03 - IA E-COMMERCE\EM_ANDAMENTO\2026-07-JULHO\IAC_234974900_Caldeirão de Alumínio Tramontina Antiaderente Vermelho com Tampa 5,7L 22cm Paris"
"234974300","IAC_234974300_Caldeirão de Alumínio Tramontina Antiaderente","G:\Drives compartilhados\OAK-WORKSPACE\01 - JOBS\03 - IA E-COMMERCE\EM_ANDAMENTO\2026-07-JULHO\IAC_234974300_Caldeirão de Alumínio Tramontina Antiaderente"
"234655400","IAC_234655400_Fogão 4 Bocas Dako Preto Mesa de Vidro Diplomata","G:\Drives compartilhados\OAK-WORKSPACE\01 - JOBS\03 - IA E-COMMERCE\EM_ANDAMENTO\2026-07-JULHO\IAC_234655400_Fogão 4 Bocas Dako Preto Mesa de Vidro Diplomata"
"234976400","IAC_234976400_Espagueteira Tramontina de Alumínio Antiaderente","G:\Drives compartilhados\OAK-WORKSPACE\01 - JOBS\03 - IA E-COMMERCE\EM_ANDAMENTO\2026-07-JULHO\IAC_234976400_Espagueteira Tramontina de Alumínio Antiaderente"
"234707100","IAC_234707100_Batedeira Planetária Electrolux Preta Tigela Inox","G:\Drives compartilhados\OAK-WORKSPACE\01 - JOBS\03 - IA E-COMMERCE\EM_ANDAMENTO\2026-07-JULHO\IAC_234707100_Batedeira Planetária Electrolux Preta Tigela Inox"
"234975700","IAC_234975700_Caldeirão de Alumínio Tramontina Avelã Vermelho","G:\Drives compartilhados\OAK-WORKSPACE\01 - JOBS\03 - IA E-COMMERCE\EM_ANDAMENTO\2026-07-JULHO\IAC_234975700_Caldeirão de Alumínio Tramontina Avelã Vermelho"
"234961300","IAC_234961300_Cabeceira Queen Estofada Dobuê Movelaria Estoril Veludo Cinza","G:\Drives compartilhados\OAK-WORKSPACE\01 - JOBS\03 - IA E-COMMERCE\EM_ANDAMENTO\2026-07-JULHO\IAC_234961300_Cabeceira Queen Estofada Dobuê Movelaria Estoril Veludo Cinza"
"234975100","IAC_234975100_Caldeirão de Alumínio Tramontina Antiaderente Vermelho com Tampa 7,1L 24cm Paris","G:\Drives compartilhados\OAK-WORKSPACE\01 - JOBS\03 - IA E-COMMERCE\EM_ANDAMENTO\2026-07-JULHO\IAC_234975100_Caldeirão de Alumínio Tramontina Antiaderente Vermelho com Tampa 7,1L 24cm Paris"
"234974400","IAC_234974400_Caldeirão de Alumínio Tramontina Antiaderente Chumbo 3,1L 18cm Paris","G:\Drives compartilhados\OAK-WORKSPACE\01 - JOBS\03 - IA E-COMMERCE\EM_ANDAMENTO\2026-07-JULHO\IAC_234974400_Caldeirão de Alumínio Tramontina Antiaderente Chumbo 3,1L 18cm Paris"
"234960700","IAC_234960700_Cabeceira Casal Estofada Dobuê Movelaria Estoril Veludo Cacau","G:\Drives compartilhados\OAK-WORKSPACE\01 - JOBS\03 - IA E-COMMERCE\EM_ANDAMENTO\2026-07-JULHO\IAC_234960700_Cabeceira Casal Estofada Dobuê Movelaria Estoril Veludo Cacau"
"234974800","IAC_234974800_Caldeirão de Alumínio Tramontina Antiaderente Chumbo com Tampa 5,7L 22cm Paris","G:\Drives compartilhados\OAK-WORKSPACE\01 - JOBS\03 - IA E-COMMERCE\EM_ANDAMENTO\2026-07-JULHO\IAC_234974800_Caldeirão de Alumínio Tramontina Antiaderente Chumbo com Tampa 5,7L 22cm Paris"
"232587500","IAC_232587500_Cama Box Solteiro SMP Conjugada 46cm 88x188cm - Grécia","G:\Drives compartilhados\OAK-WORKSPACE\01 - JOBS\03 - IA E-COMMERCE\EM_ANDAMENTO\2026-07-JULHO\IAC_232587500_Cama Box Solteiro SMP Conjugada 46cm 88x188cm - Grécia"
"233915000","IAC_233915000_Smart TV 50” 4K UHD D-LED Philips 50PUG7406-78","G:\Drives compartilhados\OAK-WORKSPACE\01 - JOBS\03 - IA E-COMMERCE\EM_ANDAMENTO\2026-07-JULHO\IAC_233915000_Smart TV 50” 4K UHD D-LED Philips 50PUG7406-78"
"233544600","IAC_233544600_Espátula Hercules Joy Vazada","G:\Drives compartilhados\OAK-WORKSPACE\01 - JOBS\03 - IA E-COMMERCE\EM_ANDAMENTO\2026-07-JULHO\IAC_233544600_Espátula Hercules Joy Vazada"
"234669700","IAC_234669700_Escrivaninha 3 Prateleiras Artely Link","G:\Drives compartilhados\OAK-WORKSPACE\01 - JOBS\03 - IA E-COMMERCE\EM_ANDAMENTO\2026-07-JULHO\IAC_234669700_Escrivaninha 3 Prateleiras Artely Link"
"233519900","IAC_233519900_Copo Térmico para Cerveja Light Green 600ml","G:\Drives compartilhados\OAK-WORKSPACE\01 - JOBS\03 - IA E-COMMERCE\EM_ANDAMENTO\2026-07-JULHO\IAC_233519900_Copo Térmico para Cerveja Light Green 600ml"
"234617200","IAC_234617200_Cabeceira Solteiro-Casal-Queen com Mesinha - Caemmun Belize Buriti e Fendi","G:\Drives compartilhados\OAK-WORKSPACE\01 - JOBS\03 - IA E-COMMERCE\EM_ANDAMENTO\2026-07-JULHO\IAC_234617200_Cabeceira Solteiro-Casal-Queen com Mesinha - Caemmun Belize Buriti e Fendi"
"234616800","IAC_234616800_Colchão Solteiro Gazin de Mola Ensacada  - 30x88x188cm New Rubi","G:\Drives compartilhados\OAK-WORKSPACE\01 - JOBS\03 - IA E-COMMERCE\EM_ANDAMENTO\2026-07-JULHO\IAC_234616800_Colchão Solteiro Gazin de Mola Ensacada  - 30x88x188cm New Rubi"
"234659600","IAC_234659600_Geladeira-Refrigerador Midea Frost Free - Duplex 347L SmartSensor MD-RT468MTA041","G:\Drives compartilhados\OAK-WORKSPACE\01 - JOBS\03 - IA E-COMMERCE\EM_ANDAMENTO\2026-07-JULHO\IAC_234659600_Geladeira-Refrigerador Midea Frost Free - Duplex 347L SmartSensor MD-RT468MTA041"
"233919400","IAC_233919400_Sapateira com Espelho 2 Portas 1 Gaveta 5 Prateleiras Demóbile Grife","G:\Drives compartilhados\OAK-WORKSPACE\01 - JOBS\03 - IA E-COMMERCE\EM_ANDAMENTO\2026-07-JULHO\IAC_233919400_Sapateira com Espelho 2 Portas 1 Gaveta 5 Prateleiras Demóbile Grife"
"233520000","IAC_233520000_Copo Térmico para Cerveja Preto 600ml Coleman","G:\Drives compartilhados\OAK-WORKSPACE\01 - JOBS\03 - IA E-COMMERCE\EM_ANDAMENTO\2026-07-JULHO\IAC_233520000_Copo Térmico para Cerveja Preto 600ml Coleman"
"233519700","IAC_233519700_Copo Térmico para Cerveja Inox 600ml Coleman","G:\Drives compartilhados\OAK-WORKSPACE\01 - JOBS\03 - IA E-COMMERCE\EM_ANDAMENTO\2026-07-JULHO\IAC_233519700_Copo Térmico para Cerveja Inox 600ml Coleman"
"234362200","IAC_234362200_Kit Poltronas com Puff Moderno Matrix Dallas","G:\Drives compartilhados\OAK-WORKSPACE\01 - JOBS\03 - IA E-COMMERCE\EM_ANDAMENTO\2026-07-JULHO\IAC_234362200_Kit Poltronas com Puff Moderno Matrix Dallas"
"234346600","IAC_234346600_Jogo de Panelas Hauskraft Revestimento Cerâmico","G:\Drives compartilhados\OAK-WORKSPACE\01 - JOBS\03 - IA E-COMMERCE\EM_ANDAMENTO\2026-07-JULHO\IAC_234346600_Jogo de Panelas Hauskraft Revestimento Cerâmico"
"232991500","IAC_232991500_Smart TV 65” 8K NEO QLED Mini LED Samsung","G:\Drives compartilhados\OAK-WORKSPACE\01 - JOBS\03 - IA E-COMMERCE\EM_ANDAMENTO\2026-07-JULHO\IAC_232991500_Smart TV 65” 8K NEO QLED Mini LED Samsung"
"232529400","IAC_232529400_Colchão Solteiro Aiam Colchões de Espuma D-33","G:\Drives compartilhados\OAK-WORKSPACE\01 - JOBS\03 - IA E-COMMERCE\EM_ANDAMENTO\2026-07-JULHO\IAC_232529400_Colchão Solteiro Aiam Colchões de Espuma D-33"
"233544500","IAC_233544500_Espátula Hercules Joy Vazada","G:\Drives compartilhados\OAK-WORKSPACE\01 - JOBS\03 - IA E-COMMERCE\EM_ANDAMENTO\2026-07-JULHO\IAC_233544500_Espátula Hercules Joy Vazada"
"232524200","IAC_232524200_Cama Box Solteiro Aiam Colchões 54x88x188cm","G:\Drives compartilhados\OAK-WORKSPACE\01 - JOBS\03 - IA E-COMMERCE\EM_ANDAMENTO\2026-07-JULHO\IAC_232524200_Cama Box Solteiro Aiam Colchões 54x88x188cm"
"232529500","IAC_232529500_Colchão Casal Aiam Colchões de Espuma D-33","G:\Drives compartilhados\OAK-WORKSPACE\01 - JOBS\03 - IA E-COMMERCE\EM_ANDAMENTO\2026-07-JULHO\IAC_232529500_Colchão Casal Aiam Colchões de Espuma D-33"
"234364700","IAC_234364700_Poltrona Decorativa com Puff Moderno Matrix","G:\Drives compartilhados\OAK-WORKSPACE\01 - JOBS\03 - IA E-COMMERCE\EM_ANDAMENTO\2026-07-JULHO\IAC_234364700_Poltrona Decorativa com Puff Moderno Matrix"
"235287600","IAC_235287600_Smart TV 75” 8K Neo QLED Samsung QN75QN900B - VA 120Hz Wi-Fi Bluetooth HDR Alexa 4 HDMI 3 USB","G:\Drives compartilhados\OAK-WORKSPACE\01 - JOBS\03 - IA E-COMMERCE\EM_ANDAMENTO\2026-07-JULHO\IAC_235287600_Smart TV 75” 8K Neo QLED Samsung QN75QN900B - VA 120Hz Wi-Fi Bluetooth HDR Alexa 4 HDMI 3 USB"
"235465500","IAC_235465500_Patins In Line Gonew Fitness Abec 9","G:\Drives compartilhados\OAK-WORKSPACE\01 - JOBS\03 - IA E-COMMERCE\EM_ANDAMENTO\2026-07-JULHO\IAC_235465500_Patins In Line Gonew Fitness Abec 9"
"235288200","IAC_235288200_Smart TV 65” 8K Neo QLED Samsung QN65QN800B","G:\Drives compartilhados\OAK-WORKSPACE\01 - JOBS\03 - IA E-COMMERCE\EM_ANDAMENTO\2026-07-JULHO\IAC_235288200_Smart TV 65” 8K Neo QLED Samsung QN65QN800B"
"235316100","IAC_235316100_Pneu Aro 15” 185-60R15 Westlake 84","G:\Drives compartilhados\OAK-WORKSPACE\01 - JOBS\03 - IA E-COMMERCE\EM_ANDAMENTO\2026-07-JULHO\IAC_235316100_Pneu Aro 15” 185-60R15 Westlake 84"
"235169700","IAC_235169700_Bule Térmico de Aço Inox Preto com Tampa 750ml Tramontina Exata","G:\Drives compartilhados\OAK-WORKSPACE\01 - JOBS\03 - IA E-COMMERCE\EM_ANDAMENTO\2026-07-JULHO\IAC_235169700_Bule Térmico de Aço Inox Preto com Tampa 750ml Tramontina Exata"
"235500300","IAC_235500300_Furadeira de Impacto Tramontina 500W","G:\Drives compartilhados\OAK-WORKSPACE\01 - JOBS\03 - IA E-COMMERCE\EM_ANDAMENTO\2026-07-JULHO\IAC_235500300_Furadeira de Impacto Tramontina 500W"
"235169500","IAC_235169500_Bule Térmico de Aço Inox Preto com Tampa 300ml Tramontina Exata","G:\Drives compartilhados\OAK-WORKSPACE\01 - JOBS\03 - IA E-COMMERCE\EM_ANDAMENTO\2026-07-JULHO\IAC_235169500_Bule Térmico de Aço Inox Preto com Tampa 300ml Tramontina Exata"
"235465200","IAC_235465200_Patins In Line Gonew Fitness Abec 9 Azul","G:\Drives compartilhados\OAK-WORKSPACE\01 - JOBS\03 - IA E-COMMERCE\EM_ANDAMENTO\2026-07-JULHO\IAC_235465200_Patins In Line Gonew Fitness Abec 9 Azul"
"235287300","IAC_235287300_Escada de Alumínio Articulada Extensiva 20 Degraus","G:\Drives compartilhados\OAK-WORKSPACE\01 - JOBS\03 - IA E-COMMERCE\EM_ANDAMENTO\2026-07-JULHO\IAC_235287300_Escada de Alumínio Articulada Extensiva 20 Degraus"
"235465400","IAC_235465400_Patins In Line Gonew Fitness Abec 9 Azul","G:\Drives compartilhados\OAK-WORKSPACE\01 - JOBS\03 - IA E-COMMERCE\EM_ANDAMENTO\2026-07-JULHO\IAC_235465400_Patins In Line Gonew Fitness Abec 9 Azul"
"235025000","IAC_235025000_Jogo de Panelas Tramontina Antiaderente de Alumínio Vermelho 3 Peças Turim","G:\Drives compartilhados\OAK-WORKSPACE\01 - JOBS\03 - IA E-COMMERCE\EM_ANDAMENTO\2026-07-JULHO\IAC_235025000_Jogo de Panelas Tramontina Antiaderente de Alumínio Vermelho 3 Peças Turim"
"235207900","IAC_235207900_Escada de Alumínio Extensível 2x7 Doméstica - Mor 5203","G:\Drives compartilhados\OAK-WORKSPACE\01 - JOBS\03 - IA E-COMMERCE\EM_ANDAMENTO\2026-07-JULHO\IAC_235207900_Escada de Alumínio Extensível 2x7 Doméstica - Mor 5203"
"235286400","IAC_235286400_Escada de Alumínio Articulada Extensiva 26 Degraus Doméstica Mor 2x13","G:\Drives compartilhados\OAK-WORKSPACE\01 - JOBS\03 - IA E-COMMERCE\EM_ANDAMENTO\2026-07-JULHO\IAC_235286400_Escada de Alumínio Articulada Extensiva 26 Degraus Doméstica Mor 2x13"
"235316300","IAC_235316300_Pneu Aro 15- 195-55R15 Westlake 85V Z-108-31","G:\Drives compartilhados\OAK-WORKSPACE\01 - JOBS\03 - IA E-COMMERCE\EM_ANDAMENTO\2026-07-JULHO\IAC_235316300_Pneu Aro 15- 195-55R15 Westlake 85V Z-108-31"
"235444800","IAC_235444800_Pneu Pirelli Aro 17,5 215-75r17,5 126-124m 16pr Mc 01 Liso","G:\Drives compartilhados\OAK-WORKSPACE\01 - JOBS\03 - IA E-COMMERCE\EM_ANDAMENTO\2026-07-JULHO\IAC_235444800_Pneu Pirelli Aro 17,5 215-75r17,5 126-124m 16pr Mc 01 Liso"
"234982300","IAC_234982300_Frigideira Antiaderente Tramontina de Alumínio Paris Preta 28cm com Espátula","G:\Drives compartilhados\OAK-WORKSPACE\01 - JOBS\03 - IA E-COMMERCE\EM_ANDAMENTO\2026-07-JULHO\IAC_234982300_Frigideira Antiaderente Tramontina de Alumínio Paris Preta 28cm com Espátula"
"234977300","IAC_234977300_Fervedor Tramontina 1,9L 14cm Sicília","G:\Drives compartilhados\OAK-WORKSPACE\01 - JOBS\03 - IA E-COMMERCE\EM_ANDAMENTO\2026-07-JULHO\IAC_234977300_Fervedor Tramontina 1,9L 14cm Sicília"
"235243500","IAC_235243500_Carrinho de Passeio Infantil Smart BanJipe - com Pedal com Empurrador Bandeirante","G:\Drives compartilhados\OAK-WORKSPACE\01 - JOBS\03 - IA E-COMMERCE\EM_ANDAMENTO\2026-07-JULHO\IAC_235243500_Carrinho de Passeio Infantil Smart BanJipe - com Pedal com Empurrador Bandeirante"
"235316000","IAC_235316000_Pneu 185-60R14 Westlake ZuperEco Z-108 82H","G:\Drives compartilhados\OAK-WORKSPACE\01 - JOBS\03 - IA E-COMMERCE\EM_ANDAMENTO\2026-07-JULHO\IAC_235316000_Pneu 185-60R14 Westlake ZuperEco Z-108 82H"
"234983700","IAC_234983700_Frigideira Antiaderente Tramontina de Alumínio Paris Vermelha 26cm","G:\Drives compartilhados\OAK-WORKSPACE\01 - JOBS\03 - IA E-COMMERCE\EM_ANDAMENTO\2026-07-JULHO\IAC_234983700_Frigideira Antiaderente Tramontina de Alumínio Paris Vermelha 26cm"
"234976700","IAC_234976700_Fervedor Tramontina de Alumínio 1,2L 12cm Paris","G:\Drives compartilhados\OAK-WORKSPACE\01 - JOBS\03 - IA E-COMMERCE\EM_ANDAMENTO\2026-07-JULHO\IAC_234976700_Fervedor Tramontina de Alumínio 1,2L 12cm Paris"
"235024800","IAC_235024800_Jogo de Panelas Tramontina Antiaderente de Alumínio Vermelho 7 Peças Turim","G:\Drives compartilhados\OAK-WORKSPACE\01 - JOBS\03 - IA E-COMMERCE\EM_ANDAMENTO\2026-07-JULHO\IAC_235024800_Jogo de Panelas Tramontina Antiaderente de Alumínio Vermelho 7 Peças Turim"
"234980600","IAC_234980600_Frigideira Antiaderente Tramontina de Alumínio Paris Vermelha 18cm com Espátula","G:\Drives compartilhados\OAK-WORKSPACE\01 - JOBS\03 - IA E-COMMERCE\EM_ANDAMENTO\2026-07-JULHO\IAC_234980600_Frigideira Antiaderente Tramontina de Alumínio Paris Vermelha 18cm com Espátula"
"234985100","IAC_234985100_Panela Tramontina Paris Antiaderente de Alumínio Chumbo 20cm","G:\Drives compartilhados\OAK-WORKSPACE\01 - JOBS\03 - IA E-COMMERCE\EM_ANDAMENTO\2026-07-JULHO\IAC_234985100_Panela Tramontina Paris Antiaderente de Alumínio Chumbo 20cm"
"235071600","IAC_235071600_Aspirador de Pó Vertical Oster sem Fio a Bateria","G:\Drives compartilhados\OAK-WORKSPACE\01 - JOBS\03 - IA E-COMMERCE\EM_ANDAMENTO\2026-07-JULHO\IAC_235071600_Aspirador de Pó Vertical Oster sem Fio a Bateria"
"234976800","IAC_234976800_Fervedor Tramontina de Alumínio 1,2L 12cm Paris","G:\Drives compartilhados\OAK-WORKSPACE\01 - JOBS\03 - IA E-COMMERCE\EM_ANDAMENTO\2026-07-JULHO\IAC_234976800_Fervedor Tramontina de Alumínio 1,2L 12cm Paris"
"234984300","IAC_234984300_Panela Tramontina Paris Antiaderente de Alumínio Chumbo 16cm","G:\Drives compartilhados\OAK-WORKSPACE\01 - JOBS\03 - IA E-COMMERCE\EM_ANDAMENTO\2026-07-JULHO\IAC_234984300_Panela Tramontina Paris Antiaderente de Alumínio Chumbo 16cm"
"234980800","IAC_234980800_Frigideira Antiaderente Tramontina de Alumínio Paris Chumbo 20cm com Espátula","G:\Drives compartilhados\OAK-WORKSPACE\01 - JOBS\03 - IA E-COMMERCE\EM_ANDAMENTO\2026-07-JULHO\IAC_234980800_Frigideira Antiaderente Tramontina de Alumínio Paris Chumbo 20cm com Espátula"
"234984700","IAC_234984700_Panela Tramontina Paris Antiaderente de Alumínio Chumbo 18cm","G:\Drives compartilhados\OAK-WORKSPACE\01 - JOBS\03 - IA E-COMMERCE\EM_ANDAMENTO\2026-07-JULHO\IAC_234984700_Panela Tramontina Paris Antiaderente de Alumínio Chumbo 18cm"
"234977700","IAC_234977700_Fervedor Tramontina de Alumínio 2,7L 16cm Paris","G:\Drives compartilhados\OAK-WORKSPACE\01 - JOBS\03 - IA E-COMMERCE\EM_ANDAMENTO\2026-07-JULHO\IAC_234977700_Fervedor Tramontina de Alumínio 2,7L 16cm Paris"
"234980200","IAC_234980200_Frigideira Tramontina de Ferro Profissional Preta 26cm","G:\Drives compartilhados\OAK-WORKSPACE\01 - JOBS\03 - IA E-COMMERCE\EM_ANDAMENTO\2026-07-JULHO\IAC_234980200_Frigideira Tramontina de Ferro Profissional Preta 26cm"
"234979800","IAC_234979800_Frigideira Antiaderente Tramontina de Alumínio Sicília Avelã 28cm","G:\Drives compartilhados\OAK-WORKSPACE\01 - JOBS\03 - IA E-COMMERCE\EM_ANDAMENTO\2026-07-JULHO\IAC_234979800_Frigideira Antiaderente Tramontina de Alumínio Sicília Avelã 28cm"
"234980100","IAC_234980100_Frigideira Tramontina de Ferro Profissional Preta 24cm","G:\Drives compartilhados\OAK-WORKSPACE\01 - JOBS\03 - IA E-COMMERCE\EM_ANDAMENTO\2026-07-JULHO\IAC_234980100_Frigideira Tramontina de Ferro Profissional Preta 24cm"
"234977800","IAC_234977800_Fervedor Tramontina de Alumínio 2,7L 16cm Paris","G:\Drives compartilhados\OAK-WORKSPACE\01 - JOBS\03 - IA E-COMMERCE\EM_ANDAMENTO\2026-07-JULHO\IAC_234977800_Fervedor Tramontina de Alumínio 2,7L 16cm Paris"
"234981800","IAC_234981800_Frigideira Antiaderente Tramontina de Alumínio Paris Chumbo 26cm com Espátula","G:\Drives compartilhados\OAK-WORKSPACE\01 - JOBS\03 - IA E-COMMERCE\EM_ANDAMENTO\2026-07-JULHO\IAC_234981800_Frigideira Antiaderente Tramontina de Alumínio Paris Chumbo 26cm com Espátula"
"234980900","IAC_234980900_Frigideira Antiaderente Tramontina de Alumínio Paris Vermelha 20cm com Espátula","G:\Drives compartilhados\OAK-WORKSPACE\01 - JOBS\03 - IA E-COMMERCE\EM_ANDAMENTO\2026-07-JULHO\IAC_234980900_Frigideira Antiaderente Tramontina de Alumínio Paris Vermelha 20cm com Espátula"
"234979600","IAC_234979600_Frigideira Antiaderente Tramontina de Alumínio Sicília Avelã 24cm","G:\Drives compartilhados\OAK-WORKSPACE\01 - JOBS\03 - IA E-COMMERCE\EM_ANDAMENTO\2026-07-JULHO\IAC_234979600_Frigideira Antiaderente Tramontina de Alumínio Sicília Avelã 24cm"
"234977200","IAC_234977200_Fervedor Tramontina de Alumínio 1,9L 14cm Paris","G:\Drives compartilhados\OAK-WORKSPACE\01 - JOBS\03 - IA E-COMMERCE\EM_ANDAMENTO\2026-07-JULHO\IAC_234977200_Fervedor Tramontina de Alumínio 1,9L 14cm Paris"
"234983600","IAC_234983600_Frigideira Antiaderente Tramontina de Alumínio Paris Chumbo 26cm","G:\Drives compartilhados\OAK-WORKSPACE\01 - JOBS\03 - IA E-COMMERCE\EM_ANDAMENTO\2026-07-JULHO\IAC_234983600_Frigideira Antiaderente Tramontina de Alumínio Paris Chumbo 26cm"
"234977400","IAC_234977400_Fervedor Tramontina 1,9L 14cm Sicília","G:\Drives compartilhados\OAK-WORKSPACE\01 - JOBS\03 - IA E-COMMERCE\EM_ANDAMENTO\2026-07-JULHO\IAC_234977400_Fervedor Tramontina 1,9L 14cm Sicília"
"234881000","IAC_234881000_Bicama Solteiro Politorno - Rivieira Branca","G:\Drives compartilhados\OAK-WORKSPACE\01 - JOBS\03 - IA E-COMMERCE\EM_ANDAMENTO\2026-07-JULHO\IAC_234881000_Bicama Solteiro Politorno - Rivieira Branca"
"234977100","IAC_234977100_Fervedor Tramontina de Alumínio 1,9L 14cm Paris","G:\Drives compartilhados\OAK-WORKSPACE\01 - JOBS\03 - IA E-COMMERCE\EM_ANDAMENTO\2026-07-JULHO\IAC_234977100_Fervedor Tramontina de Alumínio 1,9L 14cm Paris"
"234983500","IAC_234983500_Frigideira Antiaderente Tramontina de Alumínio Paris Vermelha 24cm","G:\Drives compartilhados\OAK-WORKSPACE\01 - JOBS\03 - IA E-COMMERCE\EM_ANDAMENTO\2026-07-JULHO\IAC_234983500_Frigideira Antiaderente Tramontina de Alumínio Paris Vermelha 24cm"
"234983400","IAC_234983400_Frigideira Antiaderente Tramontina de Alumínio Paris Chumbo 24cm","G:\Drives compartilhados\OAK-WORKSPACE\01 - JOBS\03 - IA E-COMMERCE\EM_ANDAMENTO\2026-07-JULHO\IAC_234983400_Frigideira Antiaderente Tramontina de Alumínio Paris Chumbo 24cm"
"234981300","IAC_234981300_Frigideira Antiaderente Tramontina de Alumínio Paris Vermelha 22cm com Espátula","G:\Drives compartilhados\OAK-WORKSPACE\01 - JOBS\03 - IA E-COMMERCE\EM_ANDAMENTO\2026-07-JULHO\IAC_234981300_Frigideira Antiaderente Tramontina de Alumínio Paris Vermelha 22cm com Espátula"
"234981600","IAC_234981600_Frigideira Antiaderente Tramontina de Alumínio Paris Vermelha 24cm com Espátula","G:\Drives compartilhados\OAK-WORKSPACE\01 - JOBS\03 - IA E-COMMERCE\EM_ANDAMENTO\2026-07-JULHO\IAC_234981600_Frigideira Antiaderente Tramontina de Alumínio Paris Vermelha 24cm com Espátula"
"234985600","IAC_234985600_Panela Tramontina Paris Antiaderente de Alumínio Vermelho 22cm","G:\Drives compartilhados\OAK-WORKSPACE\01 - JOBS\03 - IA E-COMMERCE\EM_ANDAMENTO\2026-07-JULHO\IAC_234985600_Panela Tramontina Paris Antiaderente de Alumínio Vermelho 22cm"
"236187400","IAC_236187400_Hidratante Corporal Epidrat Calm Mantecorp Skincare","G:\Drives compartilhados\OAK-WORKSPACE\01 - JOBS\03 - IA E-COMMERCE\EM_ANDAMENTO\2026-07-JULHO\IAC_236187400_Hidratante Corporal Epidrat Calm Mantecorp Skincare"
"236835900","IAC_236835900_Frigideira Antiaderente Multiflon de Alumínio Color Rosa 24cm com Espátula","G:\Drives compartilhados\OAK-WORKSPACE\01 - JOBS\03 - IA E-COMMERCE\EM_ANDAMENTO\2026-07-JULHO\IAC_236835900_Frigideira Antiaderente Multiflon de Alumínio Color Rosa 24cm com Espátula"
"236836200","IAC_236836200_Frigideira Antiaderente Multiflon de Alumínio Color Azul 24cm com Espátula","G:\Drives compartilhados\OAK-WORKSPACE\01 - JOBS\03 - IA E-COMMERCE\EM_ANDAMENTO\2026-07-JULHO\IAC_236836200_Frigideira Antiaderente Multiflon de Alumínio Color Azul 24cm com Espátula"
"236323800","IAC_236323800_Monitor Samsung Série UJ590 32” 4K LED","G:\Drives compartilhados\OAK-WORKSPACE\01 - JOBS\03 - IA E-COMMERCE\EM_ANDAMENTO\2026-07-JULHO\IAC_236323800_Monitor Samsung Série UJ590 32” 4K LED"
"236836000","IAC_236836000_Frigideira Antiaderente Multiflon de Alumínio Color Azul 20cm com Espátula","G:\Drives compartilhados\OAK-WORKSPACE\01 - JOBS\03 - IA E-COMMERCE\EM_ANDAMENTO\2026-07-JULHO\IAC_236836000_Frigideira Antiaderente Multiflon de Alumínio Color Azul 20cm com Espátula"
"236707800","IAC_236707800_Kit Refeição Infantil Buba Animal Fun Leão","G:\Drives compartilhados\OAK-WORKSPACE\01 - JOBS\03 - IA E-COMMERCE\EM_ANDAMENTO\2026-07-JULHO\IAC_236707800_Kit Refeição Infantil Buba Animal Fun Leão"
"236836100","IAC_236836100_Frigideira Antiaderente Multiflon de Alumínio Color Azul 22cm com Espátula","G:\Drives compartilhados\OAK-WORKSPACE\01 - JOBS\03 - IA E-COMMERCE\EM_ANDAMENTO\2026-07-JULHO\IAC_236836100_Frigideira Antiaderente Multiflon de Alumínio Color Azul 22cm com Espátula"
"236356000","IAC_236356000_Bebê Conforto Galzerano Grid Rosa - Cadeirinha p- Carro Auto","G:\Drives compartilhados\OAK-WORKSPACE\01 - JOBS\03 - IA E-COMMERCE\EM_ANDAMENTO\2026-07-JULHO\IAC_236356000_Bebê Conforto Galzerano Grid Rosa - Cadeirinha p- Carro Auto"
"236324000","IAC_236324000_Monitor Gamer Samsung Série G40 Odyssey 25” Full HD 240Hz 1ms Display Port HDMI FreeSync","G:\Drives compartilhados\OAK-WORKSPACE\01 - JOBS\03 - IA E-COMMERCE\EM_ANDAMENTO\2026-07-JULHO\IAC_236324000_Monitor Gamer Samsung Série G40 Odyssey 25” Full HD 240Hz 1ms Display Port HDMI FreeSync"
"236835700","IAC_236835700_Frigideira Antiaderente Multiflon de Alumínio com Espátula Color Rosa 20cm","G:\Drives compartilhados\OAK-WORKSPACE\01 - JOBS\03 - IA E-COMMERCE\EM_ANDAMENTO\2026-07-JULHO\IAC_236835700_Frigideira Antiaderente Multiflon de Alumínio com Espátula Color Rosa 20cm"
"236693100","IAC_236693100_Base Cama Box King Plumatex Bipartido","G:\Drives compartilhados\OAK-WORKSPACE\01 - JOBS\03 - IA E-COMMERCE\EM_ANDAMENTO\2026-07-JULHO\IAC_236693100_Base Cama Box King Plumatex Bipartido"
"236693500","IAC_236693500_Colchão King Plumatex de Mola Ensacada","G:\Drives compartilhados\OAK-WORKSPACE\01 - JOBS\03 - IA E-COMMERCE\EM_ANDAMENTO\2026-07-JULHO\IAC_236693500_Colchão King Plumatex de Mola Ensacada"
"236693200","IAC_236693200_Colchão Solteiro Plumatex de Mola Ensacada","G:\Drives compartilhados\OAK-WORKSPACE\01 - JOBS\03 - IA E-COMMERCE\EM_ANDAMENTO\2026-07-JULHO\IAC_236693200_Colchão Solteiro Plumatex de Mola Ensacada"
"236835600","IAC_236835600_Frigideira Antiaderente Multiflon de Alumínio com Espátula Color Amarela 24cm","G:\Drives compartilhados\OAK-WORKSPACE\01 - JOBS\03 - IA E-COMMERCE\EM_ANDAMENTO\2026-07-JULHO\IAC_236835600_Frigideira Antiaderente Multiflon de Alumínio com Espátula Color Amarela 24cm"
"236693900","IAC_236693900_Base Cama Box Solteiro Plumatex 37x88x188cm Magnum Maxx","G:\Drives compartilhados\OAK-WORKSPACE\01 - JOBS\03 - IA E-COMMERCE\EM_ANDAMENTO\2026-07-JULHO\IAC_236693900_Base Cama Box Solteiro Plumatex 37x88x188cm Magnum Maxx"
"235628100","IAC_235628100_Batedeira Planetária Electrolux Preta 750W 12 Velocidades 5L Experience EKM30 com Tampa","G:\Drives compartilhados\OAK-WORKSPACE\01 - JOBS\03 - IA E-COMMERCE\EM_ANDAMENTO\2026-07-JULHO\IAC_235628100_Batedeira Planetária Electrolux Preta 750W 12 Velocidades 5L Experience EKM30 com Tampa"
"235721100","IAC_235721100_Tampa de Panela de Vidro e Inox Multiflon 18cm","G:\Drives compartilhados\OAK-WORKSPACE\01 - JOBS\03 - IA E-COMMERCE\EM_ANDAMENTO\2026-07-JULHO\IAC_235721100_Tampa de Panela de Vidro e Inox Multiflon 18cm"
"235846300","IAC_235846300_Lavadora de Alta Pressão Karcher 1740 Libras 1400W K2 Plus","G:\Drives compartilhados\OAK-WORKSPACE\01 - JOBS\03 - IA E-COMMERCE\EM_ANDAMENTO\2026-07-JULHO\IAC_235846300_Lavadora de Alta Pressão Karcher 1740 Libras 1400W K2 Plus"
"235630500","IAC_235630500_Ventilador de Coluna Arno 50cm VB52 X-Treme Force Breeze Preto e Azul Escuro 127V","G:\Drives compartilhados\OAK-WORKSPACE\01 - JOBS\03 - IA E-COMMERCE\EM_ANDAMENTO\2026-07-JULHO\IAC_235630500_Ventilador de Coluna Arno 50cm VB52 X-Treme Force Breeze Preto e Azul Escuro 127V"
"235721600","IAC_235721600_Tampa de Panela de Vidro e Inox Multiflon 28cm","G:\Drives compartilhados\OAK-WORKSPACE\01 - JOBS\03 - IA E-COMMERCE\EM_ANDAMENTO\2026-07-JULHO\IAC_235721600_Tampa de Panela de Vidro e Inox Multiflon 28cm"
"235720800","IAC_235720800_Tampa de Panela de Vidro e Inox Multiflon 10cm","G:\Drives compartilhados\OAK-WORKSPACE\01 - JOBS\03 - IA E-COMMERCE\EM_ANDAMENTO\2026-07-JULHO\IAC_235720800_Tampa de Panela de Vidro e Inox Multiflon 10cm"
"235609500","IAC_235609500_Sofá-cama Casal 3 Lugares com Baú Reclinável Veludo Matrix Pâmela","G:\Drives compartilhados\OAK-WORKSPACE\01 - JOBS\03 - IA E-COMMERCE\EM_ANDAMENTO\2026-07-JULHO\IAC_235609500_Sofá-cama Casal 3 Lugares com Baú Reclinável Veludo Matrix Pâmela"
"235721300","IAC_235721300_Tampa de Panela de Vidro e Inox Multiflon 22cm","G:\Drives compartilhados\OAK-WORKSPACE\01 - JOBS\03 - IA E-COMMERCE\EM_ANDAMENTO\2026-07-JULHO\IAC_235721300_Tampa de Panela de Vidro e Inox Multiflon 22cm"
"235581100","IAC_235581100_Smart TV 65” 4K OLED LG ThinQ OLED65C2PSA 120Hz","G:\Drives compartilhados\OAK-WORKSPACE\01 - JOBS\03 - IA E-COMMERCE\EM_ANDAMENTO\2026-07-JULHO\IAC_235581100_Smart TV 65” 4K OLED LG ThinQ OLED65C2PSA 120Hz"
"235720900","IAC_235720900_Tampa de Panela de Vidro e Inox Multiflon 14cm","G:\Drives compartilhados\OAK-WORKSPACE\01 - JOBS\03 - IA E-COMMERCE\EM_ANDAMENTO\2026-07-JULHO\IAC_235720900_Tampa de Panela de Vidro e Inox Multiflon 14cm"
"235690600","IAC_235690600_Sofá 2 Lugares Suede Marselha Linoforte","G:\Drives compartilhados\OAK-WORKSPACE\01 - JOBS\03 - IA E-COMMERCE\EM_ANDAMENTO\2026-07-JULHO\IAC_235690600_Sofá 2 Lugares Suede Marselha Linoforte"
"235666400","IAC_235666400_Sofá 3 Lugares Suede Marselha Linoforte","G:\Drives compartilhados\OAK-WORKSPACE\01 - JOBS\03 - IA E-COMMERCE\EM_ANDAMENTO\2026-07-JULHO\IAC_235666400_Sofá 3 Lugares Suede Marselha Linoforte"
"236401300","IAC_236401300_Umidificador de Ar Multilaser Clear Tank 2,1L","G:\Drives compartilhados\OAK-WORKSPACE\01 - JOBS\03 - IA E-COMMERCE\EM_ANDAMENTO\2026-07-JULHO\IAC_236401300_Umidificador de Ar Multilaser Clear Tank 2,1L"
"235721400","IAC_235721400_Tampa de Panela de Vidro e Inox Multiflon 24cm","G:\Drives compartilhados\OAK-WORKSPACE\01 - JOBS\03 - IA E-COMMERCE\EM_ANDAMENTO\2026-07-JULHO\IAC_235721400_Tampa de Panela de Vidro e Inox Multiflon 24cm"
"235651500","IAC_235651500_Poltrona do Papai Reclinável Moderna 3 Posições Matrix Azera","G:\Drives compartilhados\OAK-WORKSPACE\01 - JOBS\03 - IA E-COMMERCE\EM_ANDAMENTO\2026-07-JULHO\IAC_235651500_Poltrona do Papai Reclinável Moderna 3 Posições Matrix Azera"
"235631100","IAC_235631100_Ventilador Parede Arno 50cm VB51 Extreme Force Breezer Preto 127v","G:\Drives compartilhados\OAK-WORKSPACE\01 - JOBS\03 - IA E-COMMERCE\EM_ANDAMENTO\2026-07-JULHO\IAC_235631100_Ventilador Parede Arno 50cm VB51 Extreme Force Breezer Preto 127v"
"235954100","IAC_235954100_Sabão em Pó Tixan Ypê Primavera Sachê 4Kg","G:\Drives compartilhados\OAK-WORKSPACE\01 - JOBS\03 - IA E-COMMERCE\EM_ANDAMENTO\2026-07-JULHO\IAC_235954100_Sabão em Pó Tixan Ypê Primavera Sachê 4Kg"
"235721500","IAC_235721500_Tampa de Panela de Vidro e Inox Multiflon 26cm","G:\Drives compartilhados\OAK-WORKSPACE\01 - JOBS\03 - IA E-COMMERCE\EM_ANDAMENTO\2026-07-JULHO\IAC_235721500_Tampa de Panela de Vidro e Inox Multiflon 26cm"
"235628300","IAC_235628300_Batedeira Planetária Electrolux Cinza","G:\Drives compartilhados\OAK-WORKSPACE\01 - JOBS\03 - IA E-COMMERCE\EM_ANDAMENTO\2026-07-JULHO\IAC_235628300_Batedeira Planetária Electrolux Cinza"
"235316400","IAC_235316400_Pneu Aro 15” 195-60R15 Westlake 88V [Z-108]88","G:\Drives compartilhados\OAK-WORKSPACE\01 - JOBS\03 - IA E-COMMERCE\EM_ANDAMENTO\2026-07-JULHO\IAC_235316400_Pneu Aro 15” 195-60R15 Westlake 88V [Z-108]88"
"236590700","IAC_236590700_Mixer 3 em 1 Mallory Branco e Laranja 500W","G:\Drives compartilhados\OAK-WORKSPACE\01 - JOBS\03 - IA E-COMMERCE\EM_ANDAMENTO\2026-07-JULHO\IAC_236590700_Mixer 3 em 1 Mallory Branco e Laranja 500W"
"235316200","IAC_235316200_Pneu Aro 15” 185-65R15 Westlake 88H ZuperEco Z10","G:\Drives compartilhados\OAK-WORKSPACE\01 - JOBS\03 - IA E-COMMERCE\EM_ANDAMENTO\2026-07-JULHO\IAC_235316200_Pneu Aro 15” 185-65R15 Westlake 88H ZuperEco Z10"
"235654200","IAC_235654200_Panela de Fondue Elétrica Oster OFND100 1000W com 8 Garfos","G:\Drives compartilhados\OAK-WORKSPACE\01 - JOBS\03 - IA E-COMMERCE\EM_ANDAMENTO\2026-07-JULHO\IAC_235654200_Panela de Fondue Elétrica Oster OFND100 1000W com 8 Garfos"
"235603300","IAC_235603300_Depurador E Exaustor De Ar Suggar Slim 80cm 3 Velocidades Prata","G:\Drives compartilhados\OAK-WORKSPACE\01 - JOBS\03 - IA E-COMMERCE\EM_ANDAMENTO\2026-07-JULHO\IAC_235603300_Depurador E Exaustor De Ar Suggar Slim 80cm 3 Velocidades Prata"
"235721200","IAC_235721200_Tampa de Panela de Vidro e Inox Multiflon 20cm","G:\Drives compartilhados\OAK-WORKSPACE\01 - JOBS\03 - IA E-COMMERCE\EM_ANDAMENTO\2026-07-JULHO\IAC_235721200_Tampa de Panela de Vidro e Inox Multiflon 20cm"
"236186300","IAC_236186300_Rejuvenescedor Facial Ivy C Ferulic Sérum 30ml","G:\Drives compartilhados\OAK-WORKSPACE\01 - JOBS\03 - IA E-COMMERCE\EM_ANDAMENTO\2026-07-JULHO\IAC_236186300_Rejuvenescedor Facial Ivy C Ferulic Sérum 30ml"
"235721000","IAC_235721000_Tampa de Panela de Vidro e Inox Multiflon 16cm","G:\Drives compartilhados\OAK-WORKSPACE\01 - JOBS\03 - IA E-COMMERCE\EM_ANDAMENTO\2026-07-JULHO\IAC_235721000_Tampa de Panela de Vidro e Inox Multiflon 16cm"
"235500400","IAC_235500400_Lavadora de Alta Pressão Tramontina Master 1500psi - 1200W","G:\Drives compartilhados\OAK-WORKSPACE\01 - JOBS\03 - IA E-COMMERCE\EM_ANDAMENTO\2026-07-JULHO\IAC_235500400_Lavadora de Alta Pressão Tramontina Master 1500psi - 1200W"
"237237100","IAC_237237100_Copo Térmico Parede Dupla Tramontina Exata 61646420 Azul 420ml","G:\Drives compartilhados\OAK-WORKSPACE\01 - JOBS\03 - IA E-COMMERCE\EM_ANDAMENTO\2026-07-JULHO\IAC_237237100_Copo Térmico Parede Dupla Tramontina Exata 61646420 Azul 420ml"
"236862500","IAC_236862500_Cômoda 5 Gavetas 2 Portas Araplac Malu","G:\Drives compartilhados\OAK-WORKSPACE\01 - JOBS\03 - IA E-COMMERCE\EM_ANDAMENTO\2026-07-JULHO\IAC_236862500_Cômoda 5 Gavetas 2 Portas Araplac Malu"
"236879400","IAC_236879400_Bebedouro de Água de Mesa Eletrônico Britânia","G:\Drives compartilhados\OAK-WORKSPACE\01 - JOBS\03 - IA E-COMMERCE\EM_ANDAMENTO\2026-07-JULHO\IAC_236879400_Bebedouro de Água de Mesa Eletrônico Britânia"
"237119700","IAC_237119700_Sofá Retrátil Reclinável 3 Lugares Suede Hannover Linoforte","G:\Drives compartilhados\OAK-WORKSPACE\01 - JOBS\03 - IA E-COMMERCE\EM_ANDAMENTO\2026-07-JULHO\IAC_237119700_Sofá Retrátil Reclinável 3 Lugares Suede Hannover Linoforte"
"237121600","IAC_237121600_Sofá 2 Lugares Suede Amarilis Linoforte","G:\Drives compartilhados\OAK-WORKSPACE\01 - JOBS\03 - IA E-COMMERCE\EM_ANDAMENTO\2026-07-JULHO\IAC_237121600_Sofá 2 Lugares Suede Amarilis Linoforte"
"237241400","IAC_237241400_Pneu Aro 14” 175-65R14 Goodyear 86H Kelly EDGE Touring","G:\Drives compartilhados\OAK-WORKSPACE\01 - JOBS\03 - IA E-COMMERCE\EM_ANDAMENTO\2026-07-JULHO\IAC_237241400_Pneu Aro 14” 175-65R14 Goodyear 86H Kelly EDGE Touring"
"237238600","IAC_237238600_Copo Térmico Parede Dupla com Tampa Tramontina Exata 61646515 Branco 550ml","G:\Drives compartilhados\OAK-WORKSPACE\01 - JOBS\03 - IA E-COMMERCE\EM_ANDAMENTO\2026-07-JULHO\IAC_237238600_Copo Térmico Parede Dupla com Tampa Tramontina Exata 61646515 Branco 550ml"
"236862000","IAC_236862000_Cômoda 8 Gavetas Araplac Denver","G:\Drives compartilhados\OAK-WORKSPACE\01 - JOBS\03 - IA E-COMMERCE\EM_ANDAMENTO\2026-07-JULHO\IAC_236862000_Cômoda 8 Gavetas Araplac Denver"
"237237900","IAC_237237900_Copo Térmico Parede Dupla com Tampa Tramontina Exata 61646525 Azul 550ml","G:\Drives compartilhados\OAK-WORKSPACE\01 - JOBS\03 - IA E-COMMERCE\EM_ANDAMENTO\2026-07-JULHO\IAC_237237900_Copo Térmico Parede Dupla com Tampa Tramontina Exata 61646525 Azul 550ml"
"237063900","IAC_237063900_Samsung Galaxy A14 5G 64GB 4GB Ram Preto","G:\Drives compartilhados\OAK-WORKSPACE\01 - JOBS\03 - IA E-COMMERCE\EM_ANDAMENTO\2026-07-JULHO\IAC_237063900_Samsung Galaxy A14 5G 64GB 4GB Ram Preto"
"236840700","IAC_236840700_Frigideira Antiaderente Multiflon de Alumínio com Espátula Color Amarela 20cm","G:\Drives compartilhados\OAK-WORKSPACE\01 - JOBS\03 - IA E-COMMERCE\EM_ANDAMENTO\2026-07-JULHO\IAC_236840700_Frigideira Antiaderente Multiflon de Alumínio com Espátula Color Amarela 20cm"
"237223000","IAC_237223000_Faqueiro Tramontina Inox 42 Peças Satri 66982203 com Estojo","G:\Drives compartilhados\OAK-WORKSPACE\01 - JOBS\03 - IA E-COMMERCE\EM_ANDAMENTO\2026-07-JULHO\IAC_237223000_Faqueiro Tramontina Inox 42 Peças Satri 66982203 com Estojo"
"237240000","IAC_237240000_Copo Térmico Parede Dupla Tramontina Exata 61646530 550ml","G:\Drives compartilhados\OAK-WORKSPACE\01 - JOBS\03 - IA E-COMMERCE\EM_ANDAMENTO\2026-07-JULHO\IAC_237240000_Copo Térmico Parede Dupla Tramontina Exata 61646530 550ml"
"236837000","IAC_236837000_Frigideira Wok Antiaderente Multiflon de Alumínio Color Azul 24cm","G:\Drives compartilhados\OAK-WORKSPACE\01 - JOBS\03 - IA E-COMMERCE\EM_ANDAMENTO\2026-07-JULHO\IAC_236837000_Frigideira Wok Antiaderente Multiflon de Alumínio Color Azul 24cm"
"237124400","IAC_237124400_Pneu Aro 19” 235-45R19 Goodyear 95V Wrangler Territory H","G:\Drives compartilhados\OAK-WORKSPACE\01 - JOBS\03 - IA E-COMMERCE\EM_ANDAMENTO\2026-07-JULHO\IAC_237124400_Pneu Aro 19” 235-45R19 Goodyear 95V Wrangler Territory H"
"236835500","IAC_236835500_Frigideira Antiaderente Multiflon de Alumínio com Espátula Color Amarela 22cm","G:\Drives compartilhados\OAK-WORKSPACE\01 - JOBS\03 - IA E-COMMERCE\EM_ANDAMENTO\2026-07-JULHO\IAC_236835500_Frigideira Antiaderente Multiflon de Alumínio com Espátula Color Amarela 22cm"
"236837100","IAC_236837100_Frigideira Wok Antiaderente Multiflon de Alumínio Color Verde 24cm","G:\Drives compartilhados\OAK-WORKSPACE\01 - JOBS\03 - IA E-COMMERCE\EM_ANDAMENTO\2026-07-JULHO\IAC_236837100_Frigideira Wok Antiaderente Multiflon de Alumínio Color Verde 24cm"
"236923900","IAC_236923900_Martelete Perfurador e Rompedor Wap 900W","G:\Drives compartilhados\OAK-WORKSPACE\01 - JOBS\03 - IA E-COMMERCE\EM_ANDAMENTO\2026-07-JULHO\IAC_236923900_Martelete Perfurador e Rompedor Wap 900W"
"236836400","IAC_236836400_Frigideira Antiaderente Multiflon de Alumínio Color Verde 22cm com Espátula","G:\Drives compartilhados\OAK-WORKSPACE\01 - JOBS\03 - IA E-COMMERCE\EM_ANDAMENTO\2026-07-JULHO\IAC_236836400_Frigideira Antiaderente Multiflon de Alumínio Color Verde 22cm com Espátula"
"236836800","IAC_236836800_Frigideira Wok Antiaderente Multiflon de Alumínio Color Amarelo 28cm","G:\Drives compartilhados\OAK-WORKSPACE\01 - JOBS\03 - IA E-COMMERCE\EM_ANDAMENTO\2026-07-JULHO\IAC_236836800_Frigideira Wok Antiaderente Multiflon de Alumínio Color Amarelo 28cm"
"236836600","IAC_236836600_Frigideira Wok Antiaderente Multiflon de Alumínio Color Amarelo 24cm","G:\Drives compartilhados\OAK-WORKSPACE\01 - JOBS\03 - IA E-COMMERCE\EM_ANDAMENTO\2026-07-JULHO\IAC_236836600_Frigideira Wok Antiaderente Multiflon de Alumínio Color Amarelo 24cm"
"236836900","IAC_236836900_Frigideira Wok Antiaderente Multiflon de Alumínio Color Rosa 28cm","G:\Drives compartilhados\OAK-WORKSPACE\01 - JOBS\03 - IA E-COMMERCE\EM_ANDAMENTO\2026-07-JULHO\IAC_236836900_Frigideira Wok Antiaderente Multiflon de Alumínio Color Rosa 28cm"
"236836500","IAC_236836500_Frigideira Antiaderente Multiflon de Alumínio","G:\Drives compartilhados\OAK-WORKSPACE\01 - JOBS\03 - IA E-COMMERCE\EM_ANDAMENTO\2026-07-JULHO\IAC_236836500_Frigideira Antiaderente Multiflon de Alumínio"
"236836300","IAC_236836300_Frigideira Antiaderente Multiflon de Alumínio Color Verde 20cm com Espátula","G:\Drives compartilhados\OAK-WORKSPACE\01 - JOBS\03 - IA E-COMMERCE\EM_ANDAMENTO\2026-07-JULHO\IAC_236836300_Frigideira Antiaderente Multiflon de Alumínio Color Verde 20cm com Espátula"
"236836700","IAC_236836700_Frigideira Wok Antiaderente Multiflon de Alumínio Color Rosa 24cm","G:\Drives compartilhados\OAK-WORKSPACE\01 - JOBS\03 - IA E-COMMERCE\EM_ANDAMENTO\2026-07-JULHO\IAC_236836700_Frigideira Wok Antiaderente Multiflon de Alumínio Color Rosa 24cm"
"236837200","IAC_236837200_Frigideira Wok Antiaderente Multiflon de Alumínio Color Azul 28cm","G:\Drives compartilhados\OAK-WORKSPACE\01 - JOBS\03 - IA E-COMMERCE\EM_ANDAMENTO\2026-07-JULHO\IAC_236837200_Frigideira Wok Antiaderente Multiflon de Alumínio Color Azul 28cm"
"237557400","IAC_237557400_Sofá 2 Lugares Suede Linoforte Durban","G:\Drives compartilhados\OAK-WORKSPACE\01 - JOBS\03 - IA E-COMMERCE\EM_ANDAMENTO\2026-07-JULHO\IAC_237557400_Sofá 2 Lugares Suede Linoforte Durban"
"237557300","IAC_237557300_Sofá 3 Lugares Suede Linoforte Durban","G:\Drives compartilhados\OAK-WORKSPACE\01 - JOBS\03 - IA E-COMMERCE\EM_ANDAMENTO\2026-07-JULHO\IAC_237557300_Sofá 3 Lugares Suede Linoforte Durban"
"237558200","IAC_237558200_Sofá-cama Casal 3 Lugares Reclinável Suede Linoforte Estela","G:\Drives compartilhados\OAK-WORKSPACE\01 - JOBS\03 - IA E-COMMERCE\EM_ANDAMENTO\2026-07-JULHO\IAC_237558200_Sofá-cama Casal 3 Lugares Reclinável Suede Linoforte Estela"
"237411400","IAC_237411400_Colchão Casal Ortobom de Espuma Mista D-45 18x138x188cm Physical Iso 1.5.0 D45","G:\Drives compartilhados\OAK-WORKSPACE\01 - JOBS\03 - IA E-COMMERCE\EM_ANDAMENTO\2026-07-JULHO\IAC_237411400_Colchão Casal Ortobom de Espuma Mista D-45 18x138x188cm Physical Iso 1.5.0 D45"
"237588500","IAC_237588500_Geladeira-Refrigerador LG Frost Free Side by Side Prata 509L GC-B187PQAM","G:\Drives compartilhados\OAK-WORKSPACE\01 - JOBS\03 - IA E-COMMERCE\EM_ANDAMENTO\2026-07-JULHO\IAC_237588500_Geladeira-Refrigerador LG Frost Free Side by Side Prata 509L GC-B187PQAM"
"237529600","IAC_237529600_Projetor Benq TH575 Full HD 1920x1080 3800 Lumens","G:\Drives compartilhados\OAK-WORKSPACE\01 - JOBS\03 - IA E-COMMERCE\EM_ANDAMENTO\2026-07-JULHO\IAC_237529600_Projetor Benq TH575 Full HD 1920x1080 3800 Lumens"
"237320800","IAC_237320800_Colchão Solteiro Prorelax de Espuma D-45","G:\Drives compartilhados\OAK-WORKSPACE\01 - JOBS\03 - IA E-COMMERCE\EM_ANDAMENTO\2026-07-JULHO\IAC_237320800_Colchão Solteiro Prorelax de Espuma D-45"
"237269800","IAC_237269800_Panela de Pressão Rochedo Inox 6L Fechamento Externo Secure Trendy","G:\Drives compartilhados\OAK-WORKSPACE\01 - JOBS\03 - IA E-COMMERCE\EM_ANDAMENTO\2026-07-JULHO\IAC_237269800_Panela de Pressão Rochedo Inox 6L Fechamento Externo Secure Trendy"
"237283400","IAC_237283400_Caixa de Som Portátil JBL GO 4, Bluetooth, 4.2w RMS, Até 7h, Azul - JBLGO4BLU","G:\Drives compartilhados\OAK-WORKSPACE\01 - JOBS\03 - IA E-COMMERCE\EM_ANDAMENTO\2026-07-JULHO\IAC_237283400_Caixa de Som Portátil JBL GO 4, Bluetooth, 4.2w RMS, Até 7h, Azul - JBLGO4BLU"
"237290100","IAC_237290100_Lavadora Brastemp BW17LTA 17kg Cinza Platinum 110V","G:\Drives compartilhados\OAK-WORKSPACE\01 - JOBS\03 - IA E-COMMERCE\EM_ANDAMENTO\2026-07-JULHO\IAC_237290100_Lavadora Brastemp BW17LTA 17kg Cinza Platinum 110V"
"237289900","IAC_237289900_Forno Elétrico de Bancada Fischer Grill 44L","G:\Drives compartilhados\OAK-WORKSPACE\01 - JOBS\03 - IA E-COMMERCE\EM_ANDAMENTO\2026-07-JULHO\IAC_237289900_Forno Elétrico de Bancada Fischer Grill 44L"
"237320700","IAC_237320700_Colchão Casal Prorelax de Espuma D-45","G:\Drives compartilhados\OAK-WORKSPACE\01 - JOBS\03 - IA E-COMMERCE\EM_ANDAMENTO\2026-07-JULHO\IAC_237320700_Colchão Casal Prorelax de Espuma D-45"
"237411200","IAC_237411200_Colchão Solteiro Ortobom de Espuma D-45","G:\Drives compartilhados\OAK-WORKSPACE\01 - JOBS\03 - IA E-COMMERCE\EM_ANDAMENTO\2026-07-JULHO\IAC_237411200_Colchão Solteiro Ortobom de Espuma D-45"
"237280200","IAC_237280200_Sofá-cama Casal 3 Lugares Reclinável Maya","G:\Drives compartilhados\OAK-WORKSPACE\01 - JOBS\03 - IA E-COMMERCE\EM_ANDAMENTO\2026-07-JULHO\IAC_237280200_Sofá-cama Casal 3 Lugares Reclinável Maya"
"237402900","IAC_237402900_Colchão Super King Ortobom de Mola 32x193x203cm","G:\Drives compartilhados\OAK-WORKSPACE\01 - JOBS\03 - IA E-COMMERCE\EM_ANDAMENTO\2026-07-JULHO\IAC_237402900_Colchão Super King Ortobom de Mola 32x193x203cm"
"237275000","IAC_237275000_Cooktop 2 Bocas Elétrico Midea Touch Preto","G:\Drives compartilhados\OAK-WORKSPACE\01 - JOBS\03 - IA E-COMMERCE\EM_ANDAMENTO\2026-07-JULHO\IAC_237275000_Cooktop 2 Bocas Elétrico Midea Touch Preto"
"237195600","IAC_237195600_Travesseiro Nasa Cervical Conforto Anatômico Ortopédico","G:\Drives compartilhados\OAK-WORKSPACE\01 - JOBS\03 - IA E-COMMERCE\EM_ANDAMENTO\2026-07-JULHO\IAC_237195600_Travesseiro Nasa Cervical Conforto Anatômico Ortopédico"
"237003500","IAC_237003500_Troninho Infantil Cosco Kids Sanny","G:\Drives compartilhados\OAK-WORKSPACE\01 - JOBS\03 - IA E-COMMERCE\EM_ANDAMENTO\2026-07-JULHO\IAC_237003500_Troninho Infantil Cosco Kids Sanny"
"237256800","IAC_237256800_Sofá-cama 3 Lugares Casal Reclinável Veludo Matrix Duda","G:\Drives compartilhados\OAK-WORKSPACE\01 - JOBS\03 - IA E-COMMERCE\EM_ANDAMENTO\2026-07-JULHO\IAC_237256800_Sofá-cama 3 Lugares Casal Reclinável Veludo Matrix Duda"
"236861800","IAC_236861800_Cômoda 4 Gavetas 2 Portas Araplac Nairóbi","G:\Drives compartilhados\OAK-WORKSPACE\01 - JOBS\03 - IA E-COMMERCE\EM_ANDAMENTO\2026-07-JULHO\IAC_236861800_Cômoda 4 Gavetas 2 Portas Araplac Nairóbi"
"237238900","IAC_237238900_Copo Térmico Parede Dupla com Tampa Tramontina Exata 61646505 Preto 550ml","G:\Drives compartilhados\OAK-WORKSPACE\01 - JOBS\03 - IA E-COMMERCE\EM_ANDAMENTO\2026-07-JULHO\IAC_237238900_Copo Térmico Parede Dupla com Tampa Tramontina Exata 61646505 Preto 550ml"
"236923500","IAC_236923500_Serra Tico Tico Elétrica Wap ESTT800 800W","G:\Drives compartilhados\OAK-WORKSPACE\01 - JOBS\03 - IA E-COMMERCE\EM_ANDAMENTO\2026-07-JULHO\IAC_236923500_Serra Tico Tico Elétrica Wap ESTT800 800W"
"237239000","IAC_237239000_Cuia de Chimarrão e Tereré Térmica Inox Tramontina ILEX 61647230 240ml","G:\Drives compartilhados\OAK-WORKSPACE\01 - JOBS\03 - IA E-COMMERCE\EM_ANDAMENTO\2026-07-JULHO\IAC_237239000_Cuia de Chimarrão e Tereré Térmica Inox Tramontina ILEX 61647230 240ml"
"237223600","IAC_237223600_Faqueiro Tramontina Inox 76 Peças Satri 66982304 com Estojo","G:\Drives compartilhados\OAK-WORKSPACE\01 - JOBS\03 - IA E-COMMERCE\EM_ANDAMENTO\2026-07-JULHO\IAC_237223600_Faqueiro Tramontina Inox 76 Peças Satri 66982304 com Estojo"
"236862800","IAC_236862800_Cômoda 5 Gavetas 2 Portas Araplac Mal","G:\Drives compartilhados\OAK-WORKSPACE\01 - JOBS\03 - IA E-COMMERCE\EM_ANDAMENTO\2026-07-JULHO\IAC_236862800_Cômoda 5 Gavetas 2 Portas Araplac Mal"
"237122600","IAC_237122600_Sofá 4 Lugares Suede Cannes Linoforte","G:\Drives compartilhados\OAK-WORKSPACE\01 - JOBS\03 - IA E-COMMERCE\EM_ANDAMENTO\2026-07-JULHO\IAC_237122600_Sofá 4 Lugares Suede Cannes Linoforte"
"237239200","IAC_237239200_Copo Térmico Parede Dupla Tramontina Exata 61646430 420ml","G:\Drives compartilhados\OAK-WORKSPACE\01 - JOBS\03 - IA E-COMMERCE\EM_ANDAMENTO\2026-07-JULHO\IAC_237239200_Copo Térmico Parede Dupla Tramontina Exata 61646430 420ml"
"237122100","IAC_237122100_Sofá 3 Lugares Suede Atrium Linoforte","G:\Drives compartilhados\OAK-WORKSPACE\01 - JOBS\03 - IA E-COMMERCE\EM_ANDAMENTO\2026-07-JULHO\IAC_237122100_Sofá 3 Lugares Suede Atrium Linoforte"
"237121400","IAC_237121400_Sofá 3 Lugares Suede Amarilis Linoforte","G:\Drives compartilhados\OAK-WORKSPACE\01 - JOBS\03 - IA E-COMMERCE\EM_ANDAMENTO\2026-07-JULHO\IAC_237121400_Sofá 3 Lugares Suede Amarilis Linoforte"
"236923600","IAC_236923600_Serra Circular Elétrica Wap ESC1500 1500W","G:\Drives compartilhados\OAK-WORKSPACE\01 - JOBS\03 - IA E-COMMERCE\EM_ANDAMENTO\2026-07-JULHO\IAC_236923600_Serra Circular Elétrica Wap ESC1500 1500W"
"237230300","IAC_237230300_Rechaud Inox 9,06L Tramontina 61026010 com Tampa","G:\Drives compartilhados\OAK-WORKSPACE\01 - JOBS\03 - IA E-COMMERCE\EM_ANDAMENTO\2026-07-JULHO\IAC_237230300_Rechaud Inox 9,06L Tramontina 61026010 com Tampa"
"236837300","IAC_236837300_Frigideira Wok Antiaderente Multiflon de Alumínio Color Verde 28cm","G:\Drives compartilhados\OAK-WORKSPACE\01 - JOBS\03 - IA E-COMMERCE\EM_ANDAMENTO\2026-07-JULHO\IAC_236837300_Frigideira Wok Antiaderente Multiflon de Alumínio Color Verde 28cm"
"237238700","IAC_237238700_Copo Térmico Parede Dupla Tramontina Exata 61646410 Branco 420ml","G:\Drives compartilhados\OAK-WORKSPACE\01 - JOBS\03 - IA E-COMMERCE\EM_ANDAMENTO\2026-07-JULHO\IAC_237238700_Copo Térmico Parede Dupla Tramontina Exata 61646410 Branco 420ml"
"237236300","IAC_237236300_Copo Térmico Parede Dupla Tramontina Exata 61646510 Branco 550ml","G:\Drives compartilhados\OAK-WORKSPACE\01 - JOBS\03 - IA E-COMMERCE\EM_ANDAMENTO\2026-07-JULHO\IAC_237236300_Copo Térmico Parede Dupla Tramontina Exata 61646510 Branco 550ml"
"237230500","IAC_237230500_Rechaud Inox 5,9L Tramontina 61027010 com Tampa","G:\Drives compartilhados\OAK-WORKSPACE\01 - JOBS\03 - IA E-COMMERCE\EM_ANDAMENTO\2026-07-JULHO\IAC_237230500_Rechaud Inox 5,9L Tramontina 61027010 com Tampa"
"236969500","IAC_236969500_Lixadeira Orbital Wap Elétrica 250W 6 Peças ELO 250","G:\Drives compartilhados\OAK-WORKSPACE\01 - JOBS\03 - IA E-COMMERCE\EM_ANDAMENTO\2026-07-JULHO\IAC_236969500_Lixadeira Orbital Wap Elétrica 250W 6 Peças ELO 250"
"237244900","IAC_237244900_Caixa de Som Amplificada Bluetooth Amvox ACA 600 Bagvox 600W RMS 6,5-","G:\Drives compartilhados\OAK-WORKSPACE\01 - JOBS\03 - IA E-COMMERCE\EM_ANDAMENTO\2026-07-JULHO\IAC_237244900_Caixa de Som Amplificada Bluetooth Amvox ACA 600 Bagvox 600W RMS 6,5-"
"237240200","IAC_237240200_Cuia de Chimarrão e Tereré Térmica Inox Tramontina ILEX 61647210 Branco 240ml","G:\Drives compartilhados\OAK-WORKSPACE\01 - JOBS\03 - IA E-COMMERCE\EM_ANDAMENTO\2026-07-JULHO\IAC_237240200_Cuia de Chimarrão e Tereré Térmica Inox Tramontina ILEX 61647210 Branco 240ml"
"236996500","IAC_236996500_Sofá Retrátil Reclinável 3 Lugares Suede Brunello Linoforte","G:\Drives compartilhados\OAK-WORKSPACE\01 - JOBS\03 - IA E-COMMERCE\EM_ANDAMENTO\2026-07-JULHO\IAC_236996500_Sofá Retrátil Reclinável 3 Lugares Suede Brunello Linoforte"
"237239900","IAC_237239900_Copo Térmico Parede Dupla Tramontina Exata 61646400 Preto 420ml","G:\Drives compartilhados\OAK-WORKSPACE\01 - JOBS\03 - IA E-COMMERCE\EM_ANDAMENTO\2026-07-JULHO\IAC_237239900_Copo Térmico Parede Dupla Tramontina Exata 61646400 Preto 420ml"
"237122200","IAC_237122200_Sofá 2 Lugares Suede Atrium Linoforte","G:\Drives compartilhados\OAK-WORKSPACE\01 - JOBS\03 - IA E-COMMERCE\EM_ANDAMENTO\2026-07-JULHO\IAC_237122200_Sofá 2 Lugares Suede Atrium Linoforte"
"237806400","IAC_237806400_Pneu Aro 15- 205-60R15 Westlake 91H Z-108","G:\Drives compartilhados\OAK-WORKSPACE\01 - JOBS\03 - IA E-COMMERCE\EM_ANDAMENTO\2026-07-JULHO\IAC_237806400_Pneu Aro 15- 205-60R15 Westlake 91H Z-108"
"237806700","IAC_237806700_Pneu Aro 17- 215-55R17 Westlake 98W SA57","G:\Drives compartilhados\OAK-WORKSPACE\01 - JOBS\03 - IA E-COMMERCE\EM_ANDAMENTO\2026-07-JULHO\IAC_237806700_Pneu Aro 17- 215-55R17 Westlake 98W SA57"
"237632100","IAC_237632100_Scanner de Mesa Epson Perfection 4800 DPI","G:\Drives compartilhados\OAK-WORKSPACE\01 - JOBS\03 - IA E-COMMERCE\EM_ANDAMENTO\2026-07-JULHO\IAC_237632100_Scanner de Mesa Epson Perfection 4800 DPI"
"237601200","IAC_237601200_Tampa para Travessa 29x19cm de Cerâmica Emile Henry 33809002","G:\Drives compartilhados\OAK-WORKSPACE\01 - JOBS\03 - IA E-COMMERCE\EM_ANDAMENTO\2026-07-JULHO\IAC_237601200_Tampa para Travessa 29x19cm de Cerâmica Emile Henry 33809002"
"237687400","IAC_237687400_Pneu 205-55R17 Xbri Sport + 2 95W","G:\Drives compartilhados\OAK-WORKSPACE\01 - JOBS\03 - IA E-COMMERCE\EM_ANDAMENTO\2026-07-JULHO\IAC_237687400_Pneu 205-55R17 Xbri Sport + 2 95W"
"237589500","IAC_237589500_Máquina de Macarrão Manual Marcato Atlas 180","G:\Drives compartilhados\OAK-WORKSPACE\01 - JOBS\03 - IA E-COMMERCE\EM_ANDAMENTO\2026-07-JULHO\IAC_237589500_Máquina de Macarrão Manual Marcato Atlas 180"
"237619200","IAC_237619200_Pneu 255-55R19 Xbri Sportiline Extraload 111V","G:\Drives compartilhados\OAK-WORKSPACE\01 - JOBS\03 - IA E-COMMERCE\EM_ANDAMENTO\2026-07-JULHO\IAC_237619200_Pneu 255-55R19 Xbri Sportiline Extraload 111V"
"237557800","IAC_237557800_Sofá 2 Lugares Suede Spazium Linoforte","G:\Drives compartilhados\OAK-WORKSPACE\01 - JOBS\03 - IA E-COMMERCE\EM_ANDAMENTO\2026-07-JULHO\IAC_237557800_Sofá 2 Lugares Suede Spazium Linoforte"
"237596400","IAC_237596400_Garrafa Térmica Alfi 1L Skyline Chumbo","G:\Drives compartilhados\OAK-WORKSPACE\01 - JOBS\03 - IA E-COMMERCE\EM_ANDAMENTO\2026-07-JULHO\IAC_237596400_Garrafa Térmica Alfi 1L Skyline Chumbo"
"237595400","IAC_237595400_Garrafa Térmica Alfi 1L Signo Branca","G:\Drives compartilhados\OAK-WORKSPACE\01 - JOBS\03 - IA E-COMMERCE\EM_ANDAMENTO\2026-07-JULHO\IAC_237595400_Garrafa Térmica Alfi 1L Signo Branca"
"237619000","IAC_237619000_Pneu Aro 19 Xbri 235-45 R19 TL 95W Sport +","G:\Drives compartilhados\OAK-WORKSPACE\01 - JOBS\03 - IA E-COMMERCE\EM_ANDAMENTO\2026-07-JULHO\IAC_237619000_Pneu Aro 19 Xbri 235-45 R19 TL 95W Sport +"
"237599200","IAC_237599200_Redutor de Grelha de Fogão Inox Ghidini Daily","G:\Drives compartilhados\OAK-WORKSPACE\01 - JOBS\03 - IA E-COMMERCE\EM_ANDAMENTO\2026-07-JULHO\IAC_237599200_Redutor de Grelha de Fogão Inox Ghidini Daily"
"237595500","IAC_237595500_Garrafa Térmica Alfi 1L Signo Chumbo","G:\Drives compartilhados\OAK-WORKSPACE\01 - JOBS\03 - IA E-COMMERCE\EM_ANDAMENTO\2026-07-JULHO\IAC_237595500_Garrafa Térmica Alfi 1L Signo Chumbo"
"237590900","IAC_237590900_Caçarola Emile Henry de Cerâmica com Tampa 28,5cm 5L Vermelha","G:\Drives compartilhados\OAK-WORKSPACE\01 - JOBS\03 - IA E-COMMERCE\EM_ANDAMENTO\2026-07-JULHO\IAC_237590900_Caçarola Emile Henry de Cerâmica com Tampa 28,5cm 5L Vermelha"
"237596500","IAC_237596500_Garrafa Térmica Alfi 650ml Skyline Chumbo","G:\Drives compartilhados\OAK-WORKSPACE\01 - JOBS\03 - IA E-COMMERCE\EM_ANDAMENTO\2026-07-JULHO\IAC_237596500_Garrafa Térmica Alfi 650ml Skyline Chumbo"
"237596300","IAC_237596300_Garrafa Térmica Alfi 650ml Skyline Branca","G:\Drives compartilhados\OAK-WORKSPACE\01 - JOBS\03 - IA E-COMMERCE\EM_ANDAMENTO\2026-07-JULHO\IAC_237596300_Garrafa Térmica Alfi 650ml Skyline Branca"
"237596100","IAC_237596100_Garrafa Térmica Alfi 1L Skyline Prata","G:\Drives compartilhados\OAK-WORKSPACE\01 - JOBS\03 - IA E-COMMERCE\EM_ANDAMENTO\2026-07-JULHO\IAC_237596100_Garrafa Térmica Alfi 1L Skyline Prata"
"237590800","IAC_237590800_Caçarola Emile Henry de Cerâmica com Tampa 26cm 4L Vermelha","G:\Drives compartilhados\OAK-WORKSPACE\01 - JOBS\03 - IA E-COMMERCE\EM_ANDAMENTO\2026-07-JULHO\IAC_237590800_Caçarola Emile Henry de Cerâmica com Tampa 26cm 4L Vermelha"
"237596200","IAC_237596200_Garrafa Térmica Alfi 1L Skyline Branca","G:\Drives compartilhados\OAK-WORKSPACE\01 - JOBS\03 - IA E-COMMERCE\EM_ANDAMENTO\2026-07-JULHO\IAC_237596200_Garrafa Térmica Alfi 1L Skyline Branca"
"237596000","IAC_237596000_Garrafa Térmica Alfi 650ml Skyline Prata","G:\Drives compartilhados\OAK-WORKSPACE\01 - JOBS\03 - IA E-COMMERCE\EM_ANDAMENTO\2026-07-JULHO\IAC_237596000_Garrafa Térmica Alfi 650ml Skyline Prata"
"237590600","IAC_237590600_Caçarola Emile Henry de Cerâmica com Tampa 22cm 2,5L Vermelha","G:\Drives compartilhados\OAK-WORKSPACE\01 - JOBS\03 - IA E-COMMERCE\EM_ANDAMENTO\2026-07-JULHO\IAC_237590600_Caçarola Emile Henry de Cerâmica com Tampa 22cm 2,5L Vermelha"
"238017100","IAC_238017100_Base Cama Box Queen Gazin 27x1,58X1,98cm Vip Topázio","G:\Drives compartilhados\OAK-WORKSPACE\01 - JOBS\03 - IA E-COMMERCE\EM_ANDAMENTO\2026-07-JULHO\IAC_238017100_Base Cama Box Queen Gazin 27x1,58X1,98cm Vip Topázio"
"238115500","IAC_238115500_Notebook Samsung Galaxy Book3 360, Intel Core i5-1335U, Windows 11 Home, 16 GB, 512 GB SSD, 13.3- , 1.16 kg","G:\Drives compartilhados\OAK-WORKSPACE\01 - JOBS\03 - IA E-COMMERCE\EM_ANDAMENTO\2026-07-JULHO\IAC_238115500_Notebook Samsung Galaxy Book3 360, Intel Core i5-1335U, Windows 11 Home, 16 GB, 512 GB SSD, 13.3- , 1.16 kg"
"238025000","IAC_238025000_Cafeteira Espresso Oster BVSTEM6801R-017 Vermelho","G:\Drives compartilhados\OAK-WORKSPACE\01 - JOBS\03 - IA E-COMMERCE\EM_ANDAMENTO\2026-07-JULHO\IAC_238025000_Cafeteira Espresso Oster BVSTEM6801R-017 Vermelho"
"238133700","IAC_238133700_Bowl de Silicone Verde Buba 15635 350ml","G:\Drives compartilhados\OAK-WORKSPACE\01 - JOBS\03 - IA E-COMMERCE\EM_ANDAMENTO\2026-07-JULHO\IAC_238133700_Bowl de Silicone Verde Buba 15635 350ml"
"238002800","IAC_238002800_Base Cama Box Casal Gazin 27x138x188cm Vip Topázio","G:\Drives compartilhados\OAK-WORKSPACE\01 - JOBS\03 - IA E-COMMERCE\EM_ANDAMENTO\2026-07-JULHO\IAC_238002800_Base Cama Box Casal Gazin 27x138x188cm Vip Topázio"
"237903800","IAC_237903800_Kit Cuidados Bebê Buba 9 Peças com Estojo","G:\Drives compartilhados\OAK-WORKSPACE\01 - JOBS\03 - IA E-COMMERCE\EM_ANDAMENTO\2026-07-JULHO\IAC_237903800_Kit Cuidados Bebê Buba 9 Peças com Estojo"
"238027600","IAC_238027600_Carrinho Galzerano Cross Trail Preto Cobre","G:\Drives compartilhados\OAK-WORKSPACE\01 - JOBS\03 - IA E-COMMERCE\EM_ANDAMENTO\2026-07-JULHO\IAC_238027600_Carrinho Galzerano Cross Trail Preto Cobre"
"237902600","IAC_237902600_Kit Refeição Infantil Buba Zoo Leão 3 Peças Laranja","G:\Drives compartilhados\OAK-WORKSPACE\01 - JOBS\03 - IA E-COMMERCE\EM_ANDAMENTO\2026-07-JULHO\IAC_237902600_Kit Refeição Infantil Buba Zoo Leão 3 Peças Laranja"
"238075000","IAC_238075000_Pneu Pirelli Aro 17 225-45R17 91W Cinturato P7 KS (P7C2)","G:\Drives compartilhados\OAK-WORKSPACE\01 - JOBS\03 - IA E-COMMERCE\EM_ANDAMENTO\2026-07-JULHO\IAC_238075000_Pneu Pirelli Aro 17 225-45R17 91W Cinturato P7 KS (P7C2)"
"237990300","IAC_237990300_Ar-Condicionado Split HW Inverter R-32 Philco PAC24000IFM15 24.000 BTUs Só Frio 220V","G:\Drives compartilhados\OAK-WORKSPACE\01 - JOBS\03 - IA E-COMMERCE\EM_ANDAMENTO\2026-07-JULHO\IAC_237990300_Ar-Condicionado Split HW Inverter R-32 Philco PAC24000IFM15 24.000 BTUs Só Frio 220V"
"237849900","IAC_237849900_Faqueiro Tramontina Inox 101 Peças Firenze com Estojo","G:\Drives compartilhados\OAK-WORKSPACE\01 - JOBS\03 - IA E-COMMERCE\EM_ANDAMENTO\2026-07-JULHO\IAC_237849900_Faqueiro Tramontina Inox 101 Peças Firenze com Estojo"
"238133300","IAC_238133300_Bowl de Silicone Rosa Buba 15634 350ml","G:\Drives compartilhados\OAK-WORKSPACE\01 - JOBS\03 - IA E-COMMERCE\EM_ANDAMENTO\2026-07-JULHO\IAC_238133300_Bowl de Silicone Rosa Buba 15634 350ml"
"237983700","IAC_237983700_Berço Portátil Triton Galzerano Cercado e Chiqueirinho Bebê","G:\Drives compartilhados\OAK-WORKSPACE\01 - JOBS\03 - IA E-COMMERCE\EM_ANDAMENTO\2026-07-JULHO\IAC_237983700_Berço Portátil Triton Galzerano Cercado e Chiqueirinho Bebê"
"237882900","IAC_237882900_Forno Elétrico de Embutir Atlas Grill 44L - Preto U Top","G:\Drives compartilhados\OAK-WORKSPACE\01 - JOBS\03 - IA E-COMMERCE\EM_ANDAMENTO\2026-07-JULHO\IAC_237882900_Forno Elétrico de Embutir Atlas Grill 44L - Preto U Top"
"237850700","IAC_237850700_Faqueiro Tramontina Inox 101 Peças Vicenza com Estojo","G:\Drives compartilhados\OAK-WORKSPACE\01 - JOBS\03 - IA E-COMMERCE\EM_ANDAMENTO\2026-07-JULHO\IAC_237850700_Faqueiro Tramontina Inox 101 Peças Vicenza com Estojo"
"238131600","IAC_238131600_Bowl de Silicone Azul Buba 15633 350ml","G:\Drives compartilhados\OAK-WORKSPACE\01 - JOBS\03 - IA E-COMMERCE\EM_ANDAMENTO\2026-07-JULHO\IAC_238131600_Bowl de Silicone Azul Buba 15633 350ml"
"237849200","IAC_237849200_Faqueiro Tramontina Inox 42 Peças Firenze com Estojo","G:\Drives compartilhados\OAK-WORKSPACE\01 - JOBS\03 - IA E-COMMERCE\EM_ANDAMENTO\2026-07-JULHO\IAC_237849200_Faqueiro Tramontina Inox 42 Peças Firenze com Estojo"
"237849000","IAC_237849000_Faqueiro Tramontina Inox 101 Peças Classic com Estojo","G:\Drives compartilhados\OAK-WORKSPACE\01 - JOBS\03 - IA E-COMMERCE\EM_ANDAMENTO\2026-07-JULHO\IAC_237849000_Faqueiro Tramontina Inox 101 Peças Classic com Estojo"
"238016800","IAC_238016800_Base Cama Box King Gazin Bipartido 27x193x203cm  Vip Topázio","G:\Drives compartilhados\OAK-WORKSPACE\01 - JOBS\03 - IA E-COMMERCE\EM_ANDAMENTO\2026-07-JULHO\IAC_238016800_Base Cama Box King Gazin Bipartido 27x193x203cm  Vip Topázio"
"237736300","IAC_237736300_Guarda-roupa Casal 6 Portas 6 Gavetas Móveis Europa Ripado Potente","G:\Drives compartilhados\OAK-WORKSPACE\01 - JOBS\03 - IA E-COMMERCE\EM_ANDAMENTO\2026-07-JULHO\IAC_237736300_Guarda-roupa Casal 6 Portas 6 Gavetas Móveis Europa Ripado Potente"
"238026700","IAC_238026700_Smart TV Philips 55 Polegadas 4K UHD, LED, 55PML9118-78","G:\Drives compartilhados\OAK-WORKSPACE\01 - JOBS\03 - IA E-COMMERCE\EM_ANDAMENTO\2026-07-JULHO\IAC_238026700_Smart TV Philips 55 Polegadas 4K UHD, LED, 55PML9118-78"
"237837000","IAC_237837000_Batedor-Fuê de Claras 45cm Tramontina","G:\Drives compartilhados\OAK-WORKSPACE\01 - JOBS\03 - IA E-COMMERCE\EM_ANDAMENTO\2026-07-JULHO\IAC_237837000_Batedor-Fuê de Claras 45cm Tramontina"
"237983000","IAC_237983000_Smart TV Philco 58- 4K Roku Led Dolby Audio PTV58G7UR2CSBL Smart TV PHILCO 58- Led 4K Ref.- PTV58G7UR2CSBL","G:\Drives compartilhados\OAK-WORKSPACE\01 - JOBS\03 - IA E-COMMERCE\EM_ANDAMENTO\2026-07-JULHO\IAC_237983000_Smart TV Philco 58- 4K Roku Led Dolby Audio PTV58G7UR2CSBL Smart TV PHILCO 58- Led 4K Ref.- PTV58G7UR2CSBL"
"237848400","IAC_237848400_Faqueiro Tramontina Inox 130 Peças Italy com Estojo","G:\Drives compartilhados\OAK-WORKSPACE\01 - JOBS\03 - IA E-COMMERCE\EM_ANDAMENTO\2026-07-JULHO\IAC_237848400_Faqueiro Tramontina Inox 130 Peças Italy com Estojo"
"237882600","IAC_237882600_Coifa de Parede Electrolux 60cm 4 Bocas Vidro Plano CE6VX Efficient","G:\Drives compartilhados\OAK-WORKSPACE\01 - JOBS\03 - IA E-COMMERCE\EM_ANDAMENTO\2026-07-JULHO\IAC_237882600_Coifa de Parede Electrolux 60cm 4 Bocas Vidro Plano CE6VX Efficient"
"237833900","IAC_237833900_Batedor-Fuê de Claras 40cm Tramontina","G:\Drives compartilhados\OAK-WORKSPACE\01 - JOBS\03 - IA E-COMMERCE\EM_ANDAMENTO\2026-07-JULHO\IAC_237833900_Batedor-Fuê de Claras 40cm Tramontina"
"237845700","IAC_237845700_Faqueiro Tramontina Inox 42 Peças Italy com Estojo","G:\Drives compartilhados\OAK-WORKSPACE\01 - JOBS\03 - IA E-COMMERCE\EM_ANDAMENTO\2026-07-JULHO\IAC_237845700_Faqueiro Tramontina Inox 42 Peças Italy com Estojo"
"237848500","IAC_237848500_Faqueiro Tramontina Inox 76 Peças Vicenza com Estojo","G:\Drives compartilhados\OAK-WORKSPACE\01 - JOBS\03 - IA E-COMMERCE\EM_ANDAMENTO\2026-07-JULHO\IAC_237848500_Faqueiro Tramontina Inox 76 Peças Vicenza com Estojo"
"237836600","IAC_237836600_Batedor-Fuê de Claras 30cm Tramontina","G:\Drives compartilhados\OAK-WORKSPACE\01 - JOBS\03 - IA E-COMMERCE\EM_ANDAMENTO\2026-07-JULHO\IAC_237836600_Batedor-Fuê de Claras 30cm Tramontina"
"237833800","IAC_237833800_Batedor-Fuê de Claras 35cm Tramontina Profissional Master Branco","G:\Drives compartilhados\OAK-WORKSPACE\01 - JOBS\03 - IA E-COMMERCE\EM_ANDAMENTO\2026-07-JULHO\IAC_237833800_Batedor-Fuê de Claras 35cm Tramontina Profissional Master Branco"
"237601300","IAC_237601300_Tampa para Travessa 29x19cm de Cerâmica Emile Henry 33809034","G:\Drives compartilhados\OAK-WORKSPACE\01 - JOBS\03 - IA E-COMMERCE\EM_ANDAMENTO\2026-07-JULHO\IAC_237601300_Tampa para Travessa 29x19cm de Cerâmica Emile Henry 33809034"
"237846800","IAC_237846800_Faqueiro Tramontina Inox 130 Peças Classic com Estojo","G:\Drives compartilhados\OAK-WORKSPACE\01 - JOBS\03 - IA E-COMMERCE\EM_ANDAMENTO\2026-07-JULHO\IAC_237846800_Faqueiro Tramontina Inox 130 Peças Classic com Estojo"
"237819700","IAC_237819700_Guarda-roupa Solteiro 4 Portas 2 Gavetas - Santos Andirá Buriti","G:\Drives compartilhados\OAK-WORKSPACE\01 - JOBS\03 - IA E-COMMERCE\EM_ANDAMENTO\2026-07-JULHO\IAC_237819700_Guarda-roupa Solteiro 4 Portas 2 Gavetas - Santos Andirá Buriti"
"237691900","IAC_237691900_Kiddo Assento Elevação Drc Fika E Isofix Booster Cadeirinha Cor Preto Liso","G:\Drives compartilhados\OAK-WORKSPACE\01 - JOBS\03 - IA E-COMMERCE\EM_ANDAMENTO\2026-07-JULHO\IAC_237691900_Kiddo Assento Elevação Drc Fika E Isofix Booster Cadeirinha Cor Preto Liso"
"237819300","IAC_237819300_Pneu Aro 16- 195-55R16 Westlake 87V ZuperEco Z-108","G:\Drives compartilhados\OAK-WORKSPACE\01 - JOBS\03 - IA E-COMMERCE\EM_ANDAMENTO\2026-07-JULHO\IAC_237819300_Pneu Aro 16- 195-55R16 Westlake 87V ZuperEco Z-108"
"238213900","IAC_238213900_Ar Condicionado Split Hi Wall Inverter 24.000 BTU Quente e Frio 220V T-Pro TCL","G:\Drives compartilhados\OAK-WORKSPACE\01 - JOBS\03 - IA E-COMMERCE\EM_ANDAMENTO\2026-07-JULHO\IAC_238213900_Ar Condicionado Split Hi Wall Inverter 24.000 BTU Quente e Frio 220V T-Pro TCL"
"238189100","IAC_238189100_Puff Redondo Solteiro Marrom e Areia Copenhage Matrix","G:\Drives compartilhados\OAK-WORKSPACE\01 - JOBS\03 - IA E-COMMERCE\EM_ANDAMENTO\2026-07-JULHO\IAC_238189100_Puff Redondo Solteiro Marrom e Areia Copenhage Matrix"
"238213700","IAC_238213700_Ar Condicionado Split Hi Wall Tcl Tpro 2 0 Inverter 12000 BTUs Quente e Frio R32 220V com 2 Anos de Garantia","G:\Drives compartilhados\OAK-WORKSPACE\01 - JOBS\03 - IA E-COMMERCE\EM_ANDAMENTO\2026-07-JULHO\IAC_238213700_Ar Condicionado Split Hi Wall Tcl Tpro 2 0 Inverter 12000 BTUs Quente e Frio R32 220V com 2 Anos de Garantia"
"238229700","IAC_238229700_Ar Condicionado Split Hi Wall R32 LG Dual Inverter Voice +AI 18000 BTU-h Quente e Frio S3-W18KL31A  220 Volts","G:\Drives compartilhados\OAK-WORKSPACE\01 - JOBS\03 - IA E-COMMERCE\EM_ANDAMENTO\2026-07-JULHO\IAC_238229700_Ar Condicionado Split Hi Wall R32 LG Dual Inverter Voice +AI 18000 BTU-h Quente e Frio S3-W18KL31A  220 Volts"
"238130500","IAC_238130500_Copo de Treinamento com Alça 300ml Buba Lemure","G:\Drives compartilhados\OAK-WORKSPACE\01 - JOBS\03 - IA E-COMMERCE\EM_ANDAMENTO\2026-07-JULHO\IAC_238130500_Copo de Treinamento com Alça 300ml Buba Lemure"
"238107800","IAC_238107800_Carrinho Kansas Silver Premium Baby c- Bebê Conforto e Base","G:\Drives compartilhados\OAK-WORKSPACE\01 - JOBS\03 - IA E-COMMERCE\EM_ANDAMENTO\2026-07-JULHO\IAC_238107800_Carrinho Kansas Silver Premium Baby c- Bebê Conforto e Base"
"238166800","IAC_238166800_Mesa de Jantar 6 Cadeiras Retangular Branca Artefamol Ravena","G:\Drives compartilhados\OAK-WORKSPACE\01 - JOBS\03 - IA E-COMMERCE\EM_ANDAMENTO\2026-07-JULHO\IAC_238166800_Mesa de Jantar 6 Cadeiras Retangular Branca Artefamol Ravena"
"238173700","IAC_238173700_Guarda-roupa Casal com Espelho 6 Portas 6 Gavetas Caemmun Quintus Lux","G:\Drives compartilhados\OAK-WORKSPACE\01 - JOBS\03 - IA E-COMMERCE\EM_ANDAMENTO\2026-07-JULHO\IAC_238173700_Guarda-roupa Casal com Espelho 6 Portas 6 Gavetas Caemmun Quintus Lux"
"238135200","IAC_238135200_Copo de Treinamento com Alça 210ml Buba 360","G:\Drives compartilhados\OAK-WORKSPACE\01 - JOBS\03 - IA E-COMMERCE\EM_ANDAMENTO\2026-07-JULHO\IAC_238135200_Copo de Treinamento com Alça 210ml Buba 360"
"238128900","IAC_238128900_Copo de Treinamento com Alças 300ml Buba Panda","G:\Drives compartilhados\OAK-WORKSPACE\01 - JOBS\03 - IA E-COMMERCE\EM_ANDAMENTO\2026-07-JULHO\IAC_238128900_Copo de Treinamento com Alças 300ml Buba Panda"
"238061800","IAC_238061800_Kit Talher Infantil Inox Buba Zoo Verde 2 Peças","G:\Drives compartilhados\OAK-WORKSPACE\01 - JOBS\03 - IA E-COMMERCE\EM_ANDAMENTO\2026-07-JULHO\IAC_238061800_Kit Talher Infantil Inox Buba Zoo Verde 2 Peças"
"238119400","IAC_238119400_Almofada para Carrinho de Bebê Dino Buba Verde","G:\Drives compartilhados\OAK-WORKSPACE\01 - JOBS\03 - IA E-COMMERCE\EM_ANDAMENTO\2026-07-JULHO\IAC_238119400_Almofada para Carrinho de Bebê Dino Buba Verde"
"238134700","IAC_238134700_Copo de Treinamento com Alça 260ml Buba 360","G:\Drives compartilhados\OAK-WORKSPACE\01 - JOBS\03 - IA E-COMMERCE\EM_ANDAMENTO\2026-07-JULHO\IAC_238134700_Copo de Treinamento com Alça 260ml Buba 360"
"238158000","IAC_238158000_Caixa de Som Amplificada Amvox ACA 2900 NEW X 2 Woofers ALTO FALANTE 15 Bivolt SFM","G:\Drives compartilhados\OAK-WORKSPACE\01 - JOBS\03 - IA E-COMMERCE\EM_ANDAMENTO\2026-07-JULHO\IAC_238158000_Caixa de Som Amplificada Amvox ACA 2900 NEW X 2 Woofers ALTO FALANTE 15 Bivolt SFM"
"238060900","IAC_238060900_Mordedor para Bebê Buba Zoo Buzininha Elefante","G:\Drives compartilhados\OAK-WORKSPACE\01 - JOBS\03 - IA E-COMMERCE\EM_ANDAMENTO\2026-07-JULHO\IAC_238060900_Mordedor para Bebê Buba Zoo Buzininha Elefante"
"238250000","IAC_238250000_Jogo de Xícaras de Café 80ml Hauskraft Willow 6 Peças","G:\Drives compartilhados\OAK-WORKSPACE\01 - JOBS\03 - IA E-COMMERCE\EM_ANDAMENTO\2026-07-JULHO\IAC_238250000_Jogo de Xícaras de Café 80ml Hauskraft Willow 6 Peças"
"238248800","IAC_238248800_Jogo de Xícaras de Café 85ml Hauskraft Matte 4 Peças","G:\Drives compartilhados\OAK-WORKSPACE\01 - JOBS\03 - IA E-COMMERCE\EM_ANDAMENTO\2026-07-JULHO\IAC_238248800_Jogo de Xícaras de Café 85ml Hauskraft Matte 4 Peças"
"238250900","IAC_238250900_Jogo de Xícaras de Chá 180ml Hauskraft Willow 6 Peças","G:\Drives compartilhados\OAK-WORKSPACE\01 - JOBS\03 - IA E-COMMERCE\EM_ANDAMENTO\2026-07-JULHO\IAC_238250900_Jogo de Xícaras de Chá 180ml Hauskraft Willow 6 Peças"
"238249100","IAC_238249100_Jogo de Xícaras de Chá 180ml Hauskraft Willow 6 Peças","G:\Drives compartilhados\OAK-WORKSPACE\01 - JOBS\03 - IA E-COMMERCE\EM_ANDAMENTO\2026-07-JULHO\IAC_238249100_Jogo de Xícaras de Chá 180ml Hauskraft Willow 6 Peças"
"238191300","IAC_238191300_Sofá-cama 3 Lugares Casal Reclinável Veludo Matrix Salomé","G:\Drives compartilhados\OAK-WORKSPACE\01 - JOBS\03 - IA E-COMMERCE\EM_ANDAMENTO\2026-07-JULHO\IAC_238191300_Sofá-cama 3 Lugares Casal Reclinável Veludo Matrix Salomé"
"238159100","IAC_238159100_Panela Wok Antiaderente Brinox de Alumínio - Suprema Vanilla 24cm","G:\Drives compartilhados\OAK-WORKSPACE\01 - JOBS\03 - IA E-COMMERCE\EM_ANDAMENTO\2026-07-JULHO\IAC_238159100_Panela Wok Antiaderente Brinox de Alumínio - Suprema Vanilla 24cm"
"238167000","IAC_238167000_Mesa de Jantar 4 Cadeiras Quadrada Preto Fosco Artefamol Florença","G:\Drives compartilhados\OAK-WORKSPACE\01 - JOBS\03 - IA E-COMMERCE\EM_ANDAMENTO\2026-07-JULHO\IAC_238167000_Mesa de Jantar 4 Cadeiras Quadrada Preto Fosco Artefamol Florença"
"238189500","IAC_238189500_Poltrona Reclinável Moderno 2 Posições Matrix Ranger","G:\Drives compartilhados\OAK-WORKSPACE\01 - JOBS\03 - IA E-COMMERCE\EM_ANDAMENTO\2026-07-JULHO\IAC_238189500_Poltrona Reclinável Moderno 2 Posições Matrix Ranger"
"238281700","IAC_238281700_Caixa de Som Philco PCX30000 Bluetooth Amplificada 2500W USB","G:\Drives compartilhados\OAK-WORKSPACE\01 - JOBS\03 - IA E-COMMERCE\EM_ANDAMENTO\2026-07-JULHO\IAC_238281700_Caixa de Som Philco PCX30000 Bluetooth Amplificada 2500W USB"
"238277200","IAC_238277200_Pote de Vidro Hauskraf com Tampa Redondo  1,3L Max","G:\Drives compartilhados\OAK-WORKSPACE\01 - JOBS\03 - IA E-COMMERCE\EM_ANDAMENTO\2026-07-JULHO\IAC_238277200_Pote de Vidro Hauskraf com Tampa Redondo  1,3L Max"
"238281900","IAC_238281900_Speaker Philco PBS45BT Extreme","G:\Drives compartilhados\OAK-WORKSPACE\01 - JOBS\03 - IA E-COMMERCE\EM_ANDAMENTO\2026-07-JULHO\IAC_238281900_Speaker Philco PBS45BT Extreme"
"238271900","IAC_238271900_Copo Hauskraft FBBU Marrom 300ml","G:\Drives compartilhados\OAK-WORKSPACE\01 - JOBS\03 - IA E-COMMERCE\EM_ANDAMENTO\2026-07-JULHO\IAC_238271900_Copo Hauskraft FBBU Marrom 300ml"
"238271800","IAC_238271800_Copo Hauskraft FBBU Cinza 300ml","G:\Drives compartilhados\OAK-WORKSPACE\01 - JOBS\03 - IA E-COMMERCE\EM_ANDAMENTO\2026-07-JULHO\IAC_238271800_Copo Hauskraft FBBU Cinza 300ml"
"238273200","IAC_238273200_Copo Hauskraft FBBU Bege 300ml","G:\Drives compartilhados\OAK-WORKSPACE\01 - JOBS\03 - IA E-COMMERCE\EM_ANDAMENTO\2026-07-JULHO\IAC_238273200_Copo Hauskraft FBBU Bege 300ml"
"238267500","IAC_238267500_Prato Raso Cinza de Sobremesa Redondo 20cm Hauskraft FBBU002-CZ","G:\Drives compartilhados\OAK-WORKSPACE\01 - JOBS\03 - IA E-COMMERCE\EM_ANDAMENTO\2026-07-JULHO\IAC_238267500_Prato Raso Cinza de Sobremesa Redondo 20cm Hauskraft FBBU002-CZ"
"238284900","IAC_238284900_Headset Gamer Sem Fio JBL Quantum 910 Wireless RGB, Hi-Res e ANC, PS5 e PC, Preto - JBLQ910WLBLK","G:\Drives compartilhados\OAK-WORKSPACE\01 - JOBS\03 - IA E-COMMERCE\EM_ANDAMENTO\2026-07-JULHO\IAC_238284900_Headset Gamer Sem Fio JBL Quantum 910 Wireless RGB, Hi-Res e ANC, PS5 e PC, Preto - JBLQ910WLBLK"
"238254900","IAC_238254900_Forma para Air Fryer de Silicone Antiaderente com Alças 20cm Hauskraft","G:\Drives compartilhados\OAK-WORKSPACE\01 - JOBS\03 - IA E-COMMERCE\EM_ANDAMENTO\2026-07-JULHO\IAC_238254900_Forma para Air Fryer de Silicone Antiaderente com Alças 20cm Hauskraft"
"238294700","IAC_238294700_Puff Retangular Mostarda Nantes Matrix","G:\Drives compartilhados\OAK-WORKSPACE\01 - JOBS\03 - IA E-COMMERCE\EM_ANDAMENTO\2026-07-JULHO\IAC_238294700_Puff Retangular Mostarda Nantes Matrix"
"238254800","IAC_238254800_Forma para Air Fryer de Silicone Antiaderente com Alças 20cm Hauskraft","G:\Drives compartilhados\OAK-WORKSPACE\01 - JOBS\03 - IA E-COMMERCE\EM_ANDAMENTO\2026-07-JULHO\IAC_238254800_Forma para Air Fryer de Silicone Antiaderente com Alças 20cm Hauskraft"
"238271200","IAC_238271200_Prato Raso Azul de Sobremesa Redondo 15cm Hauskraft FBBU012-AZ","G:\Drives compartilhados\OAK-WORKSPACE\01 - JOBS\03 - IA E-COMMERCE\EM_ANDAMENTO\2026-07-JULHO\IAC_238271200_Prato Raso Azul de Sobremesa Redondo 15cm Hauskraft FBBU012-AZ"
"238259100","IAC_238259100_Bowl Fibra de Bambú Bege Hauskraft FBBU010-BG 440ml","G:\Drives compartilhados\OAK-WORKSPACE\01 - JOBS\03 - IA E-COMMERCE\EM_ANDAMENTO\2026-07-JULHO\IAC_238259100_Bowl Fibra de Bambú Bege Hauskraft FBBU010-BG 440ml"
"238259800","IAC_238259800_Bowl Fibra de Bambú Azul Hauskraft FBBU010-AZ 440ml","G:\Drives compartilhados\OAK-WORKSPACE\01 - JOBS\03 - IA E-COMMERCE\EM_ANDAMENTO\2026-07-JULHO\IAC_238259800_Bowl Fibra de Bambú Azul Hauskraft FBBU010-AZ 440ml"
"238276300","IAC_238276300_Pote de Vidro Hauskraf com Tampa Redondo 1L Max","G:\Drives compartilhados\OAK-WORKSPACE\01 - JOBS\03 - IA E-COMMERCE\EM_ANDAMENTO\2026-07-JULHO\IAC_238276300_Pote de Vidro Hauskraf com Tampa Redondo 1L Max"
"238272600","IAC_238272600_Prato Raso Marrom de Sobremesa Redondo 20cm Hauskraft FBBU002-MR","G:\Drives compartilhados\OAK-WORKSPACE\01 - JOBS\03 - IA E-COMMERCE\EM_ANDAMENTO\2026-07-JULHO\IAC_238272600_Prato Raso Marrom de Sobremesa Redondo 20cm Hauskraft FBBU002-MR"
"238289700","IAC_238289700_Pneu 215-75R17.5 Xbri Ecoplus P1 126-124L - LISO 16L","G:\Drives compartilhados\OAK-WORKSPACE\01 - JOBS\03 - IA E-COMMERCE\EM_ANDAMENTO\2026-07-JULHO\IAC_238289700_Pneu 215-75R17.5 Xbri Ecoplus P1 126-124L - LISO 16L"
"238266900","IAC_238266900_Prato Raso Cinza Redondo 27cm Hauskraft FBBU003-CZ","G:\Drives compartilhados\OAK-WORKSPACE\01 - JOBS\03 - IA E-COMMERCE\EM_ANDAMENTO\2026-07-JULHO\IAC_238266900_Prato Raso Cinza Redondo 27cm Hauskraft FBBU003-CZ"
"238256500","IAC_238256500_Bowl Fibra de Bambú Verde Hauskraft FBBU010-VD 440ml","G:\Drives compartilhados\OAK-WORKSPACE\01 - JOBS\03 - IA E-COMMERCE\EM_ANDAMENTO\2026-07-JULHO\IAC_238256500_Bowl Fibra de Bambú Verde Hauskraft FBBU010-VD 440ml"
"238270300","IAC_238270300_Prato Raso Bege de Sobremesa Redondo 15cm Hauskraft FBBU012-BG","G:\Drives compartilhados\OAK-WORKSPACE\01 - JOBS\03 - IA E-COMMERCE\EM_ANDAMENTO\2026-07-JULHO\IAC_238270300_Prato Raso Bege de Sobremesa Redondo 15cm Hauskraft FBBU012-BG"
"238269200","IAC_238269200_Prato Raso Bege Redondo 27cm Hauskraft FBBU003-BG","G:\Drives compartilhados\OAK-WORKSPACE\01 - JOBS\03 - IA E-COMMERCE\EM_ANDAMENTO\2026-07-JULHO\IAC_238269200_Prato Raso Bege Redondo 27cm Hauskraft FBBU003-BG"
"238253900","IAC_238253900_Forma para Air Fryer de Silicone Antiaderente com Alças 20cm Hauskraft","G:\Drives compartilhados\OAK-WORKSPACE\01 - JOBS\03 - IA E-COMMERCE\EM_ANDAMENTO\2026-07-JULHO\IAC_238253900_Forma para Air Fryer de Silicone Antiaderente com Alças 20cm Hauskraft"
"238252300","IAC_238252300_Jogo de Xícaras de Café 85ml Hauskraft Matte 4 Peças","G:\Drives compartilhados\OAK-WORKSPACE\01 - JOBS\03 - IA E-COMMERCE\EM_ANDAMENTO\2026-07-JULHO\IAC_238252300_Jogo de Xícaras de Café 85ml Hauskraft Matte 4 Peças"
"238253400","IAC_238253400_Forma para Air Fryer de Silicone Antiaderente com Alças 20cm Hauskraft","G:\Drives compartilhados\OAK-WORKSPACE\01 - JOBS\03 - IA E-COMMERCE\EM_ANDAMENTO\2026-07-JULHO\IAC_238253400_Forma para Air Fryer de Silicone Antiaderente com Alças 20cm Hauskraft"
"238253000","IAC_238253000_Forma para Air Fryer de Silicone Quadrada Antiaderente com Alças Hauskraft","G:\Drives compartilhados\OAK-WORKSPACE\01 - JOBS\03 - IA E-COMMERCE\EM_ANDAMENTO\2026-07-JULHO\IAC_238253000_Forma para Air Fryer de Silicone Quadrada Antiaderente com Alças Hauskraft"
"238254400","IAC_238254400_Forma para Air Fryer de Silicone Quadrada Antiaderente com Alças Hauskraft","G:\Drives compartilhados\OAK-WORKSPACE\01 - JOBS\03 - IA E-COMMERCE\EM_ANDAMENTO\2026-07-JULHO\IAC_238254400_Forma para Air Fryer de Silicone Quadrada Antiaderente com Alças Hauskraft"
"238240400","IAC_238240400_Estante Home Bambam Para TV até 65 Polegadas Marrom Caemmun","G:\Drives compartilhados\OAK-WORKSPACE\01 - JOBS\03 - IA E-COMMERCE\EM_ANDAMENTO\2026-07-JULHO\IAC_238240400_Estante Home Bambam Para TV até 65 Polegadas Marrom Caemmun"
"238251900","IAC_238251900_Jogo de Xícaras de Café 80ml Hauskraft Willow 6 Peças","G:\Drives compartilhados\OAK-WORKSPACE\01 - JOBS\03 - IA E-COMMERCE\EM_ANDAMENTO\2026-07-JULHO\IAC_238251900_Jogo de Xícaras de Café 80ml Hauskraft Willow 6 Peças"
"238252200","IAC_238252200_Jogo de Xícaras de Café 85ml Hauskraft Matte 4 Peças","G:\Drives compartilhados\OAK-WORKSPACE\01 - JOBS\03 - IA E-COMMERCE\EM_ANDAMENTO\2026-07-JULHO\IAC_238252200_Jogo de Xícaras de Café 85ml Hauskraft Matte 4 Peças"
"238249000","IAC_238249000_Jogo de Xícaras de Chá 180ml Hauskraft Willow 6 Peças","G:\Drives compartilhados\OAK-WORKSPACE\01 - JOBS\03 - IA E-COMMERCE\EM_ANDAMENTO\2026-07-JULHO\IAC_238249000_Jogo de Xícaras de Chá 180ml Hauskraft Willow 6 Peças"
"238250800","IAC_238250800_Jogo de Xícaras de Café 80ml Hauskraft Willow 6 Peças","G:\Drives compartilhados\OAK-WORKSPACE\01 - JOBS\03 - IA E-COMMERCE\EM_ANDAMENTO\2026-07-JULHO\IAC_238250800_Jogo de Xícaras de Café 80ml Hauskraft Willow 6 Peças"
"238445300","IAC_238445300_Mesa Lateral Trama Artely","G:\Drives compartilhados\OAK-WORKSPACE\01 - JOBS\03 - IA E-COMMERCE\EM_ANDAMENTO\2026-07-JULHO\IAC_238445300_Mesa Lateral Trama Artely"
"238438100","IAC_238438100_Rack para TV até 75- Artely Charlotte","G:\Drives compartilhados\OAK-WORKSPACE\01 - JOBS\03 - IA E-COMMERCE\EM_ANDAMENTO\2026-07-JULHO\IAC_238438100_Rack para TV até 75- Artely Charlotte"
"238437500","IAC_238437500_Rack para TV até 75- Artely Charlotte","G:\Drives compartilhados\OAK-WORKSPACE\01 - JOBS\03 - IA E-COMMERCE\EM_ANDAMENTO\2026-07-JULHO\IAC_238437500_Rack para TV até 75- Artely Charlotte"
"238438900","IAC_238438900_Rack para TV até 86- Artely Elegance","G:\Drives compartilhados\OAK-WORKSPACE\01 - JOBS\03 - IA E-COMMERCE\EM_ANDAMENTO\2026-07-JULHO\IAC_238438900_Rack para TV até 86- Artely Elegance"
"238538400","IAC_238538400_Carrinho Mobi Go Track & Field - Safety 1st Estrelas","G:\Drives compartilhados\OAK-WORKSPACE\01 - JOBS\03 - IA E-COMMERCE\EM_ANDAMENTO\2026-07-JULHO\IAC_238538400_Carrinho Mobi Go Track & Field - Safety 1st Estrelas"
"238532800","IAC_238532800_Smartwatch Samsung Galaxy Watch7 44mm LTE Prata 32GB Bluetooth","G:\Drives compartilhados\OAK-WORKSPACE\01 - JOBS\03 - IA E-COMMERCE\EM_ANDAMENTO\2026-07-JULHO\IAC_238532800_Smartwatch Samsung Galaxy Watch7 44mm LTE Prata 32GB Bluetooth"
"238438000","IAC_238438000_Rack para TV até 75- 2 Gavetas Artely Verona","G:\Drives compartilhados\OAK-WORKSPACE\01 - JOBS\03 - IA E-COMMERCE\EM_ANDAMENTO\2026-07-JULHO\IAC_238438000_Rack para TV até 75- 2 Gavetas Artely Verona"
"238309900","IAC_238309900_Frigideira Antiaderente Multiflon de Alumínio Ekó Verde 20cm","G:\Drives compartilhados\OAK-WORKSPACE\01 - JOBS\03 - IA E-COMMERCE\EM_ANDAMENTO\2026-07-JULHO\IAC_238309900_Frigideira Antiaderente Multiflon de Alumínio Ekó Verde 20cm"
"238309400","IAC_238309400_Frigideira Antiaderente Multiflon de Alumínio Gourmet Cinza 20cm","G:\Drives compartilhados\OAK-WORKSPACE\01 - JOBS\03 - IA E-COMMERCE\EM_ANDAMENTO\2026-07-JULHO\IAC_238309400_Frigideira Antiaderente Multiflon de Alumínio Gourmet Cinza 20cm"
"238278000","IAC_238278000_Pote de Vidro Hermético Hauskraft com Tampa Redondo 1L Millo","G:\Drives compartilhados\OAK-WORKSPACE\01 - JOBS\03 - IA E-COMMERCE\EM_ANDAMENTO\2026-07-JULHO\IAC_238278000_Pote de Vidro Hermético Hauskraft com Tampa Redondo 1L Millo"
"238309100","IAC_238309100_Frigideira Antiaderente Multiflon de Alumínio Gourmet Cinza 22cm","G:\Drives compartilhados\OAK-WORKSPACE\01 - JOBS\03 - IA E-COMMERCE\EM_ANDAMENTO\2026-07-JULHO\IAC_238309100_Frigideira Antiaderente Multiflon de Alumínio Gourmet Cinza 22cm"
"238343600","IAC_238343600_Notebook 15 Multi Ultra UB261, Celeron N4020C, Memória 4GB, eMMC 128GB, Windows 11 Microsoft 365 Personal","G:\Drives compartilhados\OAK-WORKSPACE\01 - JOBS\03 - IA E-COMMERCE\EM_ANDAMENTO\2026-07-JULHO\IAC_238343600_Notebook 15 Multi Ultra UB261, Celeron N4020C, Memória 4GB, eMMC 128GB, Windows 11 Microsoft 365 Personal"
"238433500","IAC_238433500_Painel para TV até 75- Artely Nevada 1 Prateleira","G:\Drives compartilhados\OAK-WORKSPACE\01 - JOBS\03 - IA E-COMMERCE\EM_ANDAMENTO\2026-07-JULHO\IAC_238433500_Painel para TV até 75- Artely Nevada 1 Prateleira"
"238309800","IAC_238309800_Frigideira Antiaderente Multiflon de Alumínio Gourmet Cinza 24cm","G:\Drives compartilhados\OAK-WORKSPACE\01 - JOBS\03 - IA E-COMMERCE\EM_ANDAMENTO\2026-07-JULHO\IAC_238309800_Frigideira Antiaderente Multiflon de Alumínio Gourmet Cinza 24cm"
"238413300","IAC_238413300_Poltrona Reclinável 3 Posições Matrix Pulse","G:\Drives compartilhados\OAK-WORKSPACE\01 - JOBS\03 - IA E-COMMERCE\EM_ANDAMENTO\2026-07-JULHO\IAC_238413300_Poltrona Reclinável 3 Posições Matrix Pulse"
"238436300","IAC_238436300_Painel para TV até 72- Artely Trama 1 Prateleira","G:\Drives compartilhados\OAK-WORKSPACE\01 - JOBS\03 - IA E-COMMERCE\EM_ANDAMENTO\2026-07-JULHO\IAC_238436300_Painel para TV até 72- Artely Trama 1 Prateleira"
"238308500","IAC_238308500_Frigideira Antiaderente Multiflon de Alumínio Ekó Verde 22cm","G:\Drives compartilhados\OAK-WORKSPACE\01 - JOBS\03 - IA E-COMMERCE\EM_ANDAMENTO\2026-07-JULHO\IAC_238308500_Frigideira Antiaderente Multiflon de Alumínio Ekó Verde 22cm"
"238432900","IAC_238432900_Mesa de Centro de MDF Orgânica Artely","G:\Drives compartilhados\OAK-WORKSPACE\01 - JOBS\03 - IA E-COMMERCE\EM_ANDAMENTO\2026-07-JULHO\IAC_238432900_Mesa de Centro de MDF Orgânica Artely"
"238309000","IAC_238309000_Frigideira Antiaderente Multiflon de Alumínio Ekó Verde 24cm","G:\Drives compartilhados\OAK-WORKSPACE\01 - JOBS\03 - IA E-COMMERCE\EM_ANDAMENTO\2026-07-JULHO\IAC_238309000_Frigideira Antiaderente Multiflon de Alumínio Ekó Verde 24cm"
"238437200","IAC_238437200_Painel para TV até 75- Artely Presence 1 Prateleira","G:\Drives compartilhados\OAK-WORKSPACE\01 - JOBS\03 - IA E-COMMERCE\EM_ANDAMENTO\2026-07-JULHO\IAC_238437200_Painel para TV até 75- Artely Presence 1 Prateleira"
"238276800","IAC_238276800_Pote de Vidro Hermético Hauskraft com Tampa Redondo 1,4L Millo","G:\Drives compartilhados\OAK-WORKSPACE\01 - JOBS\03 - IA E-COMMERCE\EM_ANDAMENTO\2026-07-JULHO\IAC_238276800_Pote de Vidro Hermético Hauskraft com Tampa Redondo 1,4L Millo"
"238414500","IAC_238414500_Sofá-cama 3 Lugares Casal Reclinável Veludo Matrix Lavínia","G:\Drives compartilhados\OAK-WORKSPACE\01 - JOBS\03 - IA E-COMMERCE\EM_ANDAMENTO\2026-07-JULHO\IAC_238414500_Sofá-cama 3 Lugares Casal Reclinável Veludo Matrix Lavínia"
"238343500","IAC_238343500_Notebook 14- Multilaser Ultra UB250, Celeron N4020C, Memória 4GB, SSD 128GB, Windows 11 + Microsoft 365 Personal  MULTILASER","G:\Drives compartilhados\OAK-WORKSPACE\01 - JOBS\03 - IA E-COMMERCE\EM_ANDAMENTO\2026-07-JULHO\IAC_238343500_Notebook 14- Multilaser Ultra UB250, Celeron N4020C, Memória 4GB, SSD 128GB, Windows 11 + Microsoft 365 Personal  MULTILASER"
"238332800","IAC_238332800_Pré-Treino Black Skull By Cedric McMillan Bone","G:\Drives compartilhados\OAK-WORKSPACE\01 - JOBS\03 - IA E-COMMERCE\EM_ANDAMENTO\2026-07-JULHO\IAC_238332800_Pré-Treino Black Skull By Cedric McMillan Bone"
"238413600","IAC_238413600_Poltrona Reclinável Moderna 2 Posições Matrix Caravelli","G:\Drives compartilhados\OAK-WORKSPACE\01 - JOBS\03 - IA E-COMMERCE\EM_ANDAMENTO\2026-07-JULHO\IAC_238413600_Poltrona Reclinável Moderna 2 Posições Matrix Caravelli"
"238337800","IAC_238337800_Triciclo Infantil Speed 14 Bandeirante","G:\Drives compartilhados\OAK-WORKSPACE\01 - JOBS\03 - IA E-COMMERCE\EM_ANDAMENTO\2026-07-JULHO\IAC_238337800_Triciclo Infantil Speed 14 Bandeirante"
"238432300","IAC_238432300_Mesa de Centro de MDF Jasmin Artely","G:\Drives compartilhados\OAK-WORKSPACE\01 - JOBS\03 - IA E-COMMERCE\EM_ANDAMENTO\2026-07-JULHO\IAC_238432300_Mesa de Centro de MDF Jasmin Artely"
"238549300","IAC_238549300_Faqueiro Tramontina Inox 24 Peças Amazonas 66960124","G:\Drives compartilhados\OAK-WORKSPACE\01 - JOBS\03 - IA E-COMMERCE\EM_ANDAMENTO\2026-07-JULHO\IAC_238549300_Faqueiro Tramontina Inox 24 Peças Amazonas 66960124"
"238549100","IAC_238549100_Caçarola Tramontina Inox 16cm 1,4L Una","G:\Drives compartilhados\OAK-WORKSPACE\01 - JOBS\03 - IA E-COMMERCE\EM_ANDAMENTO\2026-07-JULHO\IAC_238549100_Caçarola Tramontina Inox 16cm 1,4L Una"
"238549600","IAC_238549600_Faqueiro Tramontina 36 Peças para Churrasco Amazonas 66960134","G:\Drives compartilhados\OAK-WORKSPACE\01 - JOBS\03 - IA E-COMMERCE\EM_ANDAMENTO\2026-07-JULHO\IAC_238549600_Faqueiro Tramontina 36 Peças para Churrasco Amazonas 66960134"
"238491400","IAC_238491400_Armário de Cozinha Luciane Suíça 2 Portas 120x60,6cm","G:\Drives compartilhados\OAK-WORKSPACE\01 - JOBS\03 - IA E-COMMERCE\EM_ANDAMENTO\2026-07-JULHO\IAC_238491400_Armário de Cozinha Luciane Suíça 2 Portas 120x60,6cm"
"238547700","IAC_238547700_Caldeirão Inox Tramontina Fundo Triplo 7,7L 24cm Una","G:\Drives compartilhados\OAK-WORKSPACE\01 - JOBS\03 - IA E-COMMERCE\EM_ANDAMENTO\2026-07-JULHO\IAC_238547700_Caldeirão Inox Tramontina Fundo Triplo 7,7L 24cm Una"
"238530000","IAC_238530000_Poltrona Reclinável Moderna 2 Posições Matrix Ranger","G:\Drives compartilhados\OAK-WORKSPACE\01 - JOBS\03 - IA E-COMMERCE\EM_ANDAMENTO\2026-07-JULHO\IAC_238530000_Poltrona Reclinável Moderna 2 Posições Matrix Ranger"
"238497700","IAC_238497700_Barbeador Elétrico Philco 45 lâminas 8W PBA08","G:\Drives compartilhados\OAK-WORKSPACE\01 - JOBS\03 - IA E-COMMERCE\EM_ANDAMENTO\2026-07-JULHO\IAC_238497700_Barbeador Elétrico Philco 45 lâminas 8W PBA08"
"238604700","IAC_238604700_Travesseiro Altenburg Leveza","G:\Drives compartilhados\OAK-WORKSPACE\01 - JOBS\03 - IA E-COMMERCE\EM_ANDAMENTO\2026-07-JULHO\IAC_238604700_Travesseiro Altenburg Leveza"
"238553700","IAC_238553700_Anel de Vedação para Panela de Pressão Tramontina 22cm Brava 62416990","G:\Drives compartilhados\OAK-WORKSPACE\01 - JOBS\03 - IA E-COMMERCE\EM_ANDAMENTO\2026-07-JULHO\IAC_238553700_Anel de Vedação para Panela de Pressão Tramontina 22cm Brava 62416990"
"238575400","IAC_238575400_Cartão Presente Digital Razer R$ 150,00 Razer Gold Digital 150","G:\Drives compartilhados\OAK-WORKSPACE\01 - JOBS\03 - IA E-COMMERCE\EM_ANDAMENTO\2026-07-JULHO\IAC_238575400_Cartão Presente Digital Razer R$ 150,00 Razer Gold Digital 150"
"238579200","IAC_238579200_Cartão Presente Digital Airbnb R$250,00","G:\Drives compartilhados\OAK-WORKSPACE\01 - JOBS\03 - IA E-COMMERCE\EM_ANDAMENTO\2026-07-JULHO\IAC_238579200_Cartão Presente Digital Airbnb R$250,00"
"238553100","IAC_238553100_Faqueiro Tramontina Inox 72 Peças para Churrasco Berlin Brilho 66934154","G:\Drives compartilhados\OAK-WORKSPACE\01 - JOBS\03 - IA E-COMMERCE\EM_ANDAMENTO\2026-07-JULHO\IAC_238553100_Faqueiro Tramontina Inox 72 Peças para Churrasco Berlin Brilho 66934154"
"238550400","IAC_238550400_Faqueiro Tramontina Inox 48 Peças para Churrasco Berlin Brilho 66934144","G:\Drives compartilhados\OAK-WORKSPACE\01 - JOBS\03 - IA E-COMMERCE\EM_ANDAMENTO\2026-07-JULHO\IAC_238550400_Faqueiro Tramontina Inox 48 Peças para Churrasco Berlin Brilho 66934144"
"238550100","IAC_238550100_Caçarola Tramontina Inox 16cm 1,8L Una","G:\Drives compartilhados\OAK-WORKSPACE\01 - JOBS\03 - IA E-COMMERCE\EM_ANDAMENTO\2026-07-JULHO\IAC_238550100_Caçarola Tramontina Inox 16cm 1,8L Una"
"238552400","IAC_238552400_Caldeirão Inox Tramontina Fundo Triplo 4,6L 20cm Una","G:\Drives compartilhados\OAK-WORKSPACE\01 - JOBS\03 - IA E-COMMERCE\EM_ANDAMENTO\2026-07-JULHO\IAC_238552400_Caldeirão Inox Tramontina Fundo Triplo 4,6L 20cm Una"
"238550500","IAC_238550500_Faqueiro Tramontina Inox 36 Peças para Churrasco Berlin Brilho 66934134","G:\Drives compartilhados\OAK-WORKSPACE\01 - JOBS\03 - IA E-COMMERCE\EM_ANDAMENTO\2026-07-JULHO\IAC_238550500_Faqueiro Tramontina Inox 36 Peças para Churrasco Berlin Brilho 66934134"
"238575000","IAC_238575000_Cartão Presente Digital Razer R$ 200,00 Razer Gold Digital","G:\Drives compartilhados\OAK-WORKSPACE\01 - JOBS\03 - IA E-COMMERCE\EM_ANDAMENTO\2026-07-JULHO\IAC_238575000_Cartão Presente Digital Razer R$ 200,00 Razer Gold Digital"
"238550700","IAC_238550700_Faqueiro Tramontina Inox 24 Peças para Churrasco Berlin Brilho","G:\Drives compartilhados\OAK-WORKSPACE\01 - JOBS\03 - IA E-COMMERCE\EM_ANDAMENTO\2026-07-JULHO\IAC_238550700_Faqueiro Tramontina Inox 24 Peças para Churrasco Berlin Brilho"
"238588600","IAC_238588600_Cartão Presente Digital PlayStation Store R$ 35,00 PlayStation Store","G:\Drives compartilhados\OAK-WORKSPACE\01 - JOBS\03 - IA E-COMMERCE\EM_ANDAMENTO\2026-07-JULHO\IAC_238588600_Cartão Presente Digital PlayStation Store R$ 35,00 PlayStation Store"
"238609800","IAC_238609800_Ar-condicionado Portátil 12.000 BTUs Philco Quente e Frio PAC12000QF5","G:\Drives compartilhados\OAK-WORKSPACE\01 - JOBS\03 - IA E-COMMERCE\EM_ANDAMENTO\2026-07-JULHO\IAC_238609800_Ar-condicionado Portátil 12.000 BTUs Philco Quente e Frio PAC12000QF5"
"238599400","IAC_238599400_Banco Decorativo Multiuso Cilíndrico Camurça Basic Tramontina","G:\Drives compartilhados\OAK-WORKSPACE\01 - JOBS\03 - IA E-COMMERCE\EM_ANDAMENTO\2026-07-JULHO\IAC_238599400_Banco Decorativo Multiuso Cilíndrico Camurça Basic Tramontina"
"238590500","IAC_238590500_Cartão Presente Digital PlayStation Store R$ 530,00 Sony PlayStation","G:\Drives compartilhados\OAK-WORKSPACE\01 - JOBS\03 - IA E-COMMERCE\EM_ANDAMENTO\2026-07-JULHO\IAC_238590500_Cartão Presente Digital PlayStation Store R$ 530,00 Sony PlayStation"
"238587800","IAC_238587800_Cartão Presente Digital PlayStation Store R$ 100,00 Sony PlayStation","G:\Drives compartilhados\OAK-WORKSPACE\01 - JOBS\03 - IA E-COMMERCE\EM_ANDAMENTO\2026-07-JULHO\IAC_238587800_Cartão Presente Digital PlayStation Store R$ 100,00 Sony PlayStation"
"238587700","IAC_238587700_Cartão Presente Digital PlayStation Store R$ 150,00 Sony PlayStation","G:\Drives compartilhados\OAK-WORKSPACE\01 - JOBS\03 - IA E-COMMERCE\EM_ANDAMENTO\2026-07-JULHO\IAC_238587700_Cartão Presente Digital PlayStation Store R$ 150,00 Sony PlayStation"
"238586200","IAC_238586200_Cartão Presente Digital PlayStation Store R$ 360,00 Sony PlayStation","G:\Drives compartilhados\OAK-WORKSPACE\01 - JOBS\03 - IA E-COMMERCE\EM_ANDAMENTO\2026-07-JULHO\IAC_238586200_Cartão Presente Digital PlayStation Store R$ 360,00 Sony PlayStation"
"238586400","IAC_238586400_Cartão Presente Digital PlayStation Store R$ 250,00 Sony PlayStation","G:\Drives compartilhados\OAK-WORKSPACE\01 - JOBS\03 - IA E-COMMERCE\EM_ANDAMENTO\2026-07-JULHO\IAC_238586400_Cartão Presente Digital PlayStation Store R$ 250,00 Sony PlayStation"
"238586700","IAC_238586700_Cartão Presente Digital PlayStation Store R$ 300,00","G:\Drives compartilhados\OAK-WORKSPACE\01 - JOBS\03 - IA E-COMMERCE\EM_ANDAMENTO\2026-07-JULHO\IAC_238586700_Cartão Presente Digital PlayStation Store R$ 300,00"
"238657000","IAC_238657000_Garrafa de Tinta Epson EcoTank T504 Magenta Original Refil","G:\Drives compartilhados\OAK-WORKSPACE\01 - JOBS\03 - IA E-COMMERCE\EM_ANDAMENTO\2026-07-JULHO\IAC_238657000_Garrafa de Tinta Epson EcoTank T504 Magenta Original Refil"
"238657200","IAC_238657200_Garrafa de Tinta Epson EcoTank T504 Amarelo Original Refil","G:\Drives compartilhados\OAK-WORKSPACE\01 - JOBS\03 - IA E-COMMERCE\EM_ANDAMENTO\2026-07-JULHO\IAC_238657200_Garrafa de Tinta Epson EcoTank T504 Amarelo Original Refil"
"238773700","IAC_238773700_Caixa de Som Amvox ACA 150 POP 150W TWS MicroSD Bivolt","G:\Drives compartilhados\OAK-WORKSPACE\01 - JOBS\03 - IA E-COMMERCE\EM_ANDAMENTO\2026-07-JULHO\IAC_238773700_Caixa de Som Amvox ACA 150 POP 150W TWS MicroSD Bivolt"
"238695800","IAC_238695800_Guarda-roupa Casal 6 Portas 4 Gavetas Araplac Lisboa","G:\Drives compartilhados\OAK-WORKSPACE\01 - JOBS\03 - IA E-COMMERCE\EM_ANDAMENTO\2026-07-JULHO\IAC_238695800_Guarda-roupa Casal 6 Portas 4 Gavetas Araplac Lisboa"
"238652800","IAC_238652800_Cerveja Michelob Ultra Superior Light Beer 8 Unidades Lata 350ml","G:\Drives compartilhados\OAK-WORKSPACE\01 - JOBS\03 - IA E-COMMERCE\EM_ANDAMENTO\2026-07-JULHO\IAC_238652800_Cerveja Michelob Ultra Superior Light Beer 8 Unidades Lata 350ml"
"238656600","IAC_238656600_Garrafa de Tinta Epson EcoTank T544 Ciano Original Refil","G:\Drives compartilhados\OAK-WORKSPACE\01 - JOBS\03 - IA E-COMMERCE\EM_ANDAMENTO\2026-07-JULHO\IAC_238656600_Garrafa de Tinta Epson EcoTank T544 Ciano Original Refil"
"238755800","IAC_238755800_Geladeira-Refrigerador Midea Smart Frost Free Duplex Cor Inox 491L MD-RT650EVD463 Bivolt","G:\Drives compartilhados\OAK-WORKSPACE\01 - JOBS\03 - IA E-COMMERCE\EM_ANDAMENTO\2026-07-JULHO\IAC_238755800_Geladeira-Refrigerador Midea Smart Frost Free Duplex Cor Inox 491L MD-RT650EVD463 Bivolt"
"238657400","IAC_238657400_Climatizador de Ar Wap Air Fresh 4 em 1 Torre com Reservatório de Essência 220V","G:\Drives compartilhados\OAK-WORKSPACE\01 - JOBS\03 - IA E-COMMERCE\EM_ANDAMENTO\2026-07-JULHO\IAC_238657400_Climatizador de Ar Wap Air Fresh 4 em 1 Torre com Reservatório de Essência 220V"
"238655200","IAC_238655200_Jogo de Panelas Rochedo Antiaderente de Alumínio Chocolate 5 Peças Expert","G:\Drives compartilhados\OAK-WORKSPACE\01 - JOBS\03 - IA E-COMMERCE\EM_ANDAMENTO\2026-07-JULHO\IAC_238655200_Jogo de Panelas Rochedo Antiaderente de Alumínio Chocolate 5 Peças Expert"
"238770700","IAC_238770700_Hipercalórico Integralmedica Hypercaloric em Pó","G:\Drives compartilhados\OAK-WORKSPACE\01 - JOBS\03 - IA E-COMMERCE\EM_ANDAMENTO\2026-07-JULHO\IAC_238770700_Hipercalórico Integralmedica Hypercaloric em Pó"
"238676100","IAC_238676100_Caixa De Som Aiwa Torre Bluetooth 1600w AWS-T1W-02","G:\Drives compartilhados\OAK-WORKSPACE\01 - JOBS\03 - IA E-COMMERCE\EM_ANDAMENTO\2026-07-JULHO\IAC_238676100_Caixa De Som Aiwa Torre Bluetooth 1600w AWS-T1W-02"
"238640000","IAC_238640000_Caixa de Som Harman Kardon Aura Studio 4, Bluetooth, 100W RMS, Bivolt, Iluminação Efeito Diamante, Preto - HKAURAS4BLKBR","G:\Drives compartilhados\OAK-WORKSPACE\01 - JOBS\03 - IA E-COMMERCE\EM_ANDAMENTO\2026-07-JULHO\IAC_238640000_Caixa de Som Harman Kardon Aura Studio 4, Bluetooth, 100W RMS, Bivolt, Iluminação Efeito Diamante, Preto - HKAURAS4BLKBR"
"238650300","IAC_238650300_Mesa de Jantar  4 Cadeiras Retangular Naturalle e Off-White Tampo de MDF Verona Móveis São Carlos","G:\Drives compartilhados\OAK-WORKSPACE\01 - JOBS\03 - IA E-COMMERCE\EM_ANDAMENTO\2026-07-JULHO\IAC_238650300_Mesa de Jantar  4 Cadeiras Retangular Naturalle e Off-White Tampo de MDF Verona Móveis São Carlos"
"238650100","IAC_238650100_Armário com Fruteira 2 Cestos Móveis São Carlos Pantanal","G:\Drives compartilhados\OAK-WORKSPACE\01 - JOBS\03 - IA E-COMMERCE\EM_ANDAMENTO\2026-07-JULHO\IAC_238650100_Armário com Fruteira 2 Cestos Móveis São Carlos Pantanal"
"238925800","IAC_238925800_Mesa de Jantar 4 Cadeiras Retangular Bellagio Poliman Móveis","G:\Drives compartilhados\OAK-WORKSPACE\01 - JOBS\03 - IA E-COMMERCE\EM_ANDAMENTO\2026-07-JULHO\IAC_238925800_Mesa de Jantar 4 Cadeiras Retangular Bellagio Poliman Móveis"
"238855900","IAC_238855900_Guarda-roupa Casal 4 Gavetas 6 Portas Caemmun Apollo","G:\Drives compartilhados\OAK-WORKSPACE\01 - JOBS\03 - IA E-COMMERCE\EM_ANDAMENTO\2026-07-JULHO\IAC_238855900_Guarda-roupa Casal 4 Gavetas 6 Portas Caemmun Apollo"
"238820300","IAC_238820300_Panela Tramontina Antiaderente de Alumínio Amêndoa 18cm 2,1L Milazzo","G:\Drives compartilhados\OAK-WORKSPACE\01 - JOBS\03 - IA E-COMMERCE\EM_ANDAMENTO\2026-07-JULHO\IAC_238820300_Panela Tramontina Antiaderente de Alumínio Amêndoa 18cm 2,1L Milazzo"
"238820400","IAC_238820400_Frigideira de Alumínio Tunis Azul Mediterrâneo","G:\Drives compartilhados\OAK-WORKSPACE\01 - JOBS\03 - IA E-COMMERCE\EM_ANDAMENTO\2026-07-JULHO\IAC_238820400_Frigideira de Alumínio Tunis Azul Mediterrâneo"
"238925200","IAC_238925200_Armário de Cozinha Compacta Nesher Condessa 7 Portas 1 Gaveta 100% MDF","G:\Drives compartilhados\OAK-WORKSPACE\01 - JOBS\03 - IA E-COMMERCE\EM_ANDAMENTO\2026-07-JULHO\IAC_238925200_Armário de Cozinha Compacta Nesher Condessa 7 Portas 1 Gaveta 100% MDF"
"238927600","IAC_238927600_Notebook ASUS Celeron Dual Core N4500 4GB 128GB SSD Windows 11 Home Tela 15,6 LED FHD Slate Grey","G:\Drives compartilhados\OAK-WORKSPACE\01 - JOBS\03 - IA E-COMMERCE\EM_ANDAMENTO\2026-07-JULHO\IAC_238927600_Notebook ASUS Celeron Dual Core N4500 4GB 128GB SSD Windows 11 Home Tela 15,6 LED FHD Slate Grey"
"238869800","IAC_238869800_Cartão Presente Digital Google Play R$150,00","G:\Drives compartilhados\OAK-WORKSPACE\01 - JOBS\03 - IA E-COMMERCE\EM_ANDAMENTO\2026-07-JULHO\IAC_238869800_Cartão Presente Digital Google Play R$150,00"
"238870100","IAC_238870100_Cartão Presente Digital Google Play R$30,00","G:\Drives compartilhados\OAK-WORKSPACE\01 - JOBS\03 - IA E-COMMERCE\EM_ANDAMENTO\2026-07-JULHO\IAC_238870100_Cartão Presente Digital Google Play R$30,00"
"238832000","IAC_238832000_Berço Bebê Co-Leito Colin Galzerano Lado a Lado com Tela","G:\Drives compartilhados\OAK-WORKSPACE\01 - JOBS\03 - IA E-COMMERCE\EM_ANDAMENTO\2026-07-JULHO\IAC_238832000_Berço Bebê Co-Leito Colin Galzerano Lado a Lado com Tela"
"238822900","IAC_238822900_Caçarola Tramontina de Alumínio 24cm 4,8L Azul MediterrâneoTunis","G:\Drives compartilhados\OAK-WORKSPACE\01 - JOBS\03 - IA E-COMMERCE\EM_ANDAMENTO\2026-07-JULHO\IAC_238822900_Caçarola Tramontina de Alumínio 24cm 4,8L Azul MediterrâneoTunis"
"238820900","IAC_238820900_Panela Tramontina Antiaderente de Alumínio Amêndoa 16cm 1,5L Milazzo","G:\Drives compartilhados\OAK-WORKSPACE\01 - JOBS\03 - IA E-COMMERCE\EM_ANDAMENTO\2026-07-JULHO\IAC_238820900_Panela Tramontina Antiaderente de Alumínio Amêndoa 16cm 1,5L Milazzo"
"238823600","IAC_238823600_Caçarola Tramontina Antiaderente de Alumínio 24cm 4,9L Amêndoa Milazzo","G:\Drives compartilhados\OAK-WORKSPACE\01 - JOBS\03 - IA E-COMMERCE\EM_ANDAMENTO\2026-07-JULHO\IAC_238823600_Caçarola Tramontina Antiaderente de Alumínio 24cm 4,9L Amêndoa Milazzo"
"238826000","IAC_238826000_Balcão de Cozinha Telasul Aço 3 Portas 2 Gavetas Ágata","G:\Drives compartilhados\OAK-WORKSPACE\01 - JOBS\03 - IA E-COMMERCE\EM_ANDAMENTO\2026-07-JULHO\IAC_238826000_Balcão de Cozinha Telasul Aço 3 Portas 2 Gavetas Ágata"
"238819800","IAC_238819800_Caçarola Tramontina Antiaderente de Alumínio 20cm 2,9L Amêndoa Milazzo","G:\Drives compartilhados\OAK-WORKSPACE\01 - JOBS\03 - IA E-COMMERCE\EM_ANDAMENTO\2026-07-JULHO\IAC_238819800_Caçarola Tramontina Antiaderente de Alumínio 20cm 2,9L Amêndoa Milazzo"
"238820100","IAC_238820100_Jogo de Panelas Tramontina de Alumínio Rosa Trufado 4 Peças Tunis","G:\Drives compartilhados\OAK-WORKSPACE\01 - JOBS\03 - IA E-COMMERCE\EM_ANDAMENTO\2026-07-JULHO\IAC_238820100_Jogo de Panelas Tramontina de Alumínio Rosa Trufado 4 Peças Tunis"
"238771400","IAC_238771400_Suplemento Alimentar Darkness Carnibol sem Lactose Baunilha 900g","G:\Drives compartilhados\OAK-WORKSPACE\01 - JOBS\03 - IA E-COMMERCE\EM_ANDAMENTO\2026-07-JULHO\IAC_238771400_Suplemento Alimentar Darkness Carnibol sem Lactose Baunilha 900g"
"238824500","IAC_238824500_Panela Tramontina Antiaderente de Alumínio Rosa Trufado 16cm 1,35L Tunis","G:\Drives compartilhados\OAK-WORKSPACE\01 - JOBS\03 - IA E-COMMERCE\EM_ANDAMENTO\2026-07-JULHO\IAC_238824500_Panela Tramontina Antiaderente de Alumínio Rosa Trufado 16cm 1,35L Tunis"
"238822700","IAC_238822700_Frigideira de Alumínio Tunis Rosa Trufado 20cm","G:\Drives compartilhados\OAK-WORKSPACE\01 - JOBS\03 - IA E-COMMERCE\EM_ANDAMENTO\2026-07-JULHO\IAC_238822700_Frigideira de Alumínio Tunis Rosa Trufado 20cm"
"238823200","IAC_238823200_Jogo de Panelas Tramontina de Alumínio Azul Mediterrâneo 4 Peças Tunis","G:\Drives compartilhados\OAK-WORKSPACE\01 - JOBS\03 - IA E-COMMERCE\EM_ANDAMENTO\2026-07-JULHO\IAC_238823200_Jogo de Panelas Tramontina de Alumínio Azul Mediterrâneo 4 Peças Tunis"
"238820700","IAC_238820700_Jogo de Panelas Tramontina de Alumínio Preta 4 Peças Linz","G:\Drives compartilhados\OAK-WORKSPACE\01 - JOBS\03 - IA E-COMMERCE\EM_ANDAMENTO\2026-07-JULHO\IAC_238820700_Jogo de Panelas Tramontina de Alumínio Preta 4 Peças Linz"
"238819500","IAC_238819500_Frigideira de Alumínio Tunis Rosa Trufado 24cm","G:\Drives compartilhados\OAK-WORKSPACE\01 - JOBS\03 - IA E-COMMERCE\EM_ANDAMENTO\2026-07-JULHO\IAC_238819500_Frigideira de Alumínio Tunis Rosa Trufado 24cm"
"238829000","IAC_238829000_Gaveteiro para Quarto 2 Gavetas Multivisão Decore FLOW-UV-PR","G:\Drives compartilhados\OAK-WORKSPACE\01 - JOBS\03 - IA E-COMMERCE\EM_ANDAMENTO\2026-07-JULHO\IAC_238829000_Gaveteiro para Quarto 2 Gavetas Multivisão Decore FLOW-UV-PR"
"238820800","IAC_238820800_Frigideira de Alumínio Tunis Rosa Trufado 28cm","G:\Drives compartilhados\OAK-WORKSPACE\01 - JOBS\03 - IA E-COMMERCE\EM_ANDAMENTO\2026-07-JULHO\IAC_238820800_Frigideira de Alumínio Tunis Rosa Trufado 28cm"
"238822800","IAC_238822800_Caçarola Tramontina de Alumínio 20cm 2,9L Azul MediterrâneoTunis","G:\Drives compartilhados\OAK-WORKSPACE\01 - JOBS\03 - IA E-COMMERCE\EM_ANDAMENTO\2026-07-JULHO\IAC_238822800_Caçarola Tramontina de Alumínio 20cm 2,9L Azul MediterrâneoTunis"
"238775800","IAC_238775800_Patins in Line Xtreme Lulie Sport ML002 Vermelho Azul e Preto com Acessórios","G:\Drives compartilhados\OAK-WORKSPACE\01 - JOBS\03 - IA E-COMMERCE\EM_ANDAMENTO\2026-07-JULHO\IAC_238775800_Patins in Line Xtreme Lulie Sport ML002 Vermelho Azul e Preto com Acessórios"
"238822600","IAC_238822600_Frigideira de Alumínio Tunis Azul Mediterrâneo 24cm","G:\Drives compartilhados\OAK-WORKSPACE\01 - JOBS\03 - IA E-COMMERCE\EM_ANDAMENTO\2026-07-JULHO\IAC_238822600_Frigideira de Alumínio Tunis Azul Mediterrâneo 24cm"
"238824300","IAC_238824300_Jogo de Panelas Tramontina de Alumínio Rosa 4 Peças Linz","G:\Drives compartilhados\OAK-WORKSPACE\01 - JOBS\03 - IA E-COMMERCE\EM_ANDAMENTO\2026-07-JULHO\IAC_238824300_Jogo de Panelas Tramontina de Alumínio Rosa 4 Peças Linz"
"238656700","IAC_238656700_Garrafa de Tinta Epson EcoTank T544 Amarelo Original Refil","G:\Drives compartilhados\OAK-WORKSPACE\01 - JOBS\03 - IA E-COMMERCE\EM_ANDAMENTO\2026-07-JULHO\IAC_238656700_Garrafa de Tinta Epson EcoTank T544 Amarelo Original Refil"
"238760000","IAC_238760000_Kit 2 Pneu Continental Aro 18 225-55r18 98V FR Conticrosscontact LX2","G:\Drives compartilhados\OAK-WORKSPACE\01 - JOBS\03 - IA E-COMMERCE\EM_ANDAMENTO\2026-07-JULHO\IAC_238760000_Kit 2 Pneu Continental Aro 18 225-55r18 98V FR Conticrosscontact LX2"
"238779400","IAC_238779400_Base Cama Box Queen Plumatex Colchões 37x158x198cm Alfa Maxx","G:\Drives compartilhados\OAK-WORKSPACE\01 - JOBS\03 - IA E-COMMERCE\EM_ANDAMENTO\2026-07-JULHO\IAC_238779400_Base Cama Box Queen Plumatex Colchões 37x158x198cm Alfa Maxx"
"238821000","IAC_238821000_Panela Tramontina Antiaderente de Alumínio Rosa Trufado 18cm 2L Tunis","G:\Drives compartilhados\OAK-WORKSPACE\01 - JOBS\03 - IA E-COMMERCE\EM_ANDAMENTO\2026-07-JULHO\IAC_238821000_Panela Tramontina Antiaderente de Alumínio Rosa Trufado 18cm 2L Tunis"
"238780700","IAC_238780700_Patins in Line Infantil Xtreme Lulie Sport ML004 Vermelho Azul e Preto com Acessórios","G:\Drives compartilhados\OAK-WORKSPACE\01 - JOBS\03 - IA E-COMMERCE\EM_ANDAMENTO\2026-07-JULHO\IAC_238780700_Patins in Line Infantil Xtreme Lulie Sport ML004 Vermelho Azul e Preto com Acessórios"
"238959800","IAC_238959800_Guarda-roupa Casal 4 Gavetas 6 Portas Kappesberg Roma","G:\Drives compartilhados\OAK-WORKSPACE\01 - JOBS\03 - IA E-COMMERCE\EM_ANDAMENTO\2026-07-JULHO\IAC_238959800_Guarda-roupa Casal 4 Gavetas 6 Portas Kappesberg Roma"
"238946100","IAC_238946100_Cômoda com Espelho 6 Gavetas 1 Porta Móveis Lanza Atenas","G:\Drives compartilhados\OAK-WORKSPACE\01 - JOBS\03 - IA E-COMMERCE\EM_ANDAMENTO\2026-07-JULHO\IAC_238946100_Cômoda com Espelho 6 Gavetas 1 Porta Móveis Lanza Atenas"
"238960300","IAC_238960300_Monitor Gamer 34- Curvo 1ms, 165Hz, AMD FreeSync, Full HD, HDMI, DP, HQ Premium HQ34C16","G:\Drives compartilhados\OAK-WORKSPACE\01 - JOBS\03 - IA E-COMMERCE\EM_ANDAMENTO\2026-07-JULHO\IAC_238960300_Monitor Gamer 34- Curvo 1ms, 165Hz, AMD FreeSync, Full HD, HDMI, DP, HQ Premium HQ34C16"
"238946200","IAC_238946200_Cômoda 8 Gavetas Móveis Lanza Paris","G:\Drives compartilhados\OAK-WORKSPACE\01 - JOBS\03 - IA E-COMMERCE\EM_ANDAMENTO\2026-07-JULHO\IAC_238946200_Cômoda 8 Gavetas Móveis Lanza Paris"
"238959500","IAC_238959500_Guarda-roupa Casal com Espelho 4 Gavetas 4 Portas Kappesberg Mônaco II","G:\Drives compartilhados\OAK-WORKSPACE\01 - JOBS\03 - IA E-COMMERCE\EM_ANDAMENTO\2026-07-JULHO\IAC_238959500_Guarda-roupa Casal com Espelho 4 Gavetas 4 Portas Kappesberg Mônaco II"
"238946000","IAC_238946000_Guarda-roupa Solteiro com Espelho 4 Gavetas 2 Portas de Correr Móveis Lanza Zurique","G:\Drives compartilhados\OAK-WORKSPACE\01 - JOBS\03 - IA E-COMMERCE\EM_ANDAMENTO\2026-07-JULHO\IAC_238946000_Guarda-roupa Solteiro com Espelho 4 Gavetas 2 Portas de Correr Móveis Lanza Zurique"
"238945900","IAC_238945900_Guarda-roupa Casal com Espelho 5 Gavetas 3 Portas de Correr Móveis Lanza Milão","G:\Drives compartilhados\OAK-WORKSPACE\01 - JOBS\03 - IA E-COMMERCE\EM_ANDAMENTO\2026-07-JULHO\IAC_238945900_Guarda-roupa Casal com Espelho 5 Gavetas 3 Portas de Correr Móveis Lanza Milão"
"238948900","IAC_238948900_Berço Padrão Branco e Jequitibá Henn Ternura","G:\Drives compartilhados\OAK-WORKSPACE\01 - JOBS\03 - IA E-COMMERCE\EM_ANDAMENTO\2026-07-JULHO\IAC_238948900_Berço Padrão Branco e Jequitibá Henn Ternura"
"238870500","IAC_238870500_Cartão Presente Digital Google Play R$100,00","G:\Drives compartilhados\OAK-WORKSPACE\01 - JOBS\03 - IA E-COMMERCE\EM_ANDAMENTO\2026-07-JULHO\IAC_238870500_Cartão Presente Digital Google Play R$100,00"
"238924800","IAC_238924800_Armário de Cozinha Compacta Nesher Simone Mendes 8 Portas 1 Gavetas 100% MDF","G:\Drives compartilhados\OAK-WORKSPACE\01 - JOBS\03 - IA E-COMMERCE\EM_ANDAMENTO\2026-07-JULHO\IAC_238924800_Armário de Cozinha Compacta Nesher Simone Mendes 8 Portas 1 Gavetas 100% MDF"
"238944600","IAC_238944600_Air Fryer Mondial AFON-12L-AB Preta com Forno 5L","G:\Drives compartilhados\OAK-WORKSPACE\01 - JOBS\03 - IA E-COMMERCE\EM_ANDAMENTO\2026-07-JULHO\IAC_238944600_Air Fryer Mondial AFON-12L-AB Preta com Forno 5L"
"238945600","IAC_238945600_Guarda-roupa Casal com Espelho 8 Gavetas 2 Portas Móveis Lanza Londres","G:\Drives compartilhados\OAK-WORKSPACE\01 - JOBS\03 - IA E-COMMERCE\EM_ANDAMENTO\2026-07-JULHO\IAC_238945600_Guarda-roupa Casal com Espelho 8 Gavetas 2 Portas Móveis Lanza Londres"
"238967000","IAC_238967000_Gabinete Para Banheiro Aéreo com Cuba e Espelheira Móveis Bechara Baden","G:\Drives compartilhados\OAK-WORKSPACE\01 - JOBS\03 - IA E-COMMERCE\EM_ANDAMENTO\2026-07-JULHO\IAC_238967000_Gabinete Para Banheiro Aéreo com Cuba e Espelheira Móveis Bechara Baden"
"238965600","IAC_238965600_Balcão de Cozinha com Tampo Kappesberg 4 Gavetas Maxxi","G:\Drives compartilhados\OAK-WORKSPACE\01 - JOBS\03 - IA E-COMMERCE\EM_ANDAMENTO\2026-07-JULHO\IAC_238965600_Balcão de Cozinha com Tampo Kappesberg 4 Gavetas Maxxi"
"240009100","IAC_240009100_Painel para TV até 75” Caemmun Dal","G:\Drives compartilhados\OAK-WORKSPACE\01 - JOBS\03 - IA E-COMMERCE\EM_ANDAMENTO\2026-07-JULHO\IAC_240009100_Painel para TV até 75” Caemmun Dal"
"240009600","IAC_240009600_Estante Home para TV até 65” 2 Portas Caemmun Vespe","G:\Drives compartilhados\OAK-WORKSPACE\01 - JOBS\03 - IA E-COMMERCE\EM_ANDAMENTO\2026-07-JULHO\IAC_240009600_Estante Home para TV até 65” 2 Portas Caemmun Vespe"
"238974200","IAC_238974200_Colchão Queen Gazin de Molas Ensacadas 32x158x198cm Diamond Black","G:\Drives compartilhados\OAK-WORKSPACE\01 - JOBS\03 - IA E-COMMERCE\EM_ANDAMENTO\2026-07-JULHO\IAC_238974200_Colchão Queen Gazin de Molas Ensacadas 32x158x198cm Diamond Black"
"239057400","IAC_239057400_Fórmula Infantil Comfor HMO NAN Nestlé 1,2kg - 3 Unidades","G:\Drives compartilhados\OAK-WORKSPACE\01 - JOBS\03 - IA E-COMMERCE\EM_ANDAMENTO\2026-07-JULHO\IAC_239057400_Fórmula Infantil Comfor HMO NAN Nestlé 1,2kg - 3 Unidades"
"240000000","IAC_240000000_Cabeceira Casal Caemmun Éden Off White e Freijó","G:\Drives compartilhados\OAK-WORKSPACE\01 - JOBS\03 - IA E-COMMERCE\EM_ANDAMENTO\2026-07-JULHO\IAC_240000000_Cabeceira Casal Caemmun Éden Off White e Freijó"
"240018300","IAC_240018300_Serra Mármore Tramontina Master 42506010 4.3-8- 1200W 11000RPM","G:\Drives compartilhados\OAK-WORKSPACE\01 - JOBS\03 - IA E-COMMERCE\EM_ANDAMENTO\2026-07-JULHO\IAC_240018300_Serra Mármore Tramontina Master 42506010 4.3-8- 1200W 11000RPM"
"238996100","IAC_238996100_Banqueta Média de Madeira Giratória Preta Otello DSG-004","G:\Drives compartilhados\OAK-WORKSPACE\01 - JOBS\03 - IA E-COMMERCE\EM_ANDAMENTO\2026-07-JULHO\IAC_238996100_Banqueta Média de Madeira Giratória Preta Otello DSG-004"
"240009500","IAC_240009500_Rack para TV até 55” Caemmun Mondria","G:\Drives compartilhados\OAK-WORKSPACE\01 - JOBS\03 - IA E-COMMERCE\EM_ANDAMENTO\2026-07-JULHO\IAC_240009500_Rack para TV até 55” Caemmun Mondria"
"238997300","IAC_238997300_Panela De Pressão Tramontina 6 Litros Vancouver Effect Fechamento Externo Antiaderente","G:\Drives compartilhados\OAK-WORKSPACE\01 - JOBS\03 - IA E-COMMERCE\EM_ANDAMENTO\2026-07-JULHO\IAC_238997300_Panela De Pressão Tramontina 6 Litros Vancouver Effect Fechamento Externo Antiaderente"
"238996400","IAC_238996400_Mesa Dobrável Multiuso 1,20m Otello DOB-BR1","G:\Drives compartilhados\OAK-WORKSPACE\01 - JOBS\03 - IA E-COMMERCE\EM_ANDAMENTO\2026-07-JULHO\IAC_238996400_Mesa Dobrável Multiuso 1,20m Otello DOB-BR1"
"240001000","IAC_240001000_Cômoda Multiuso 3 Gavetas Caemmun Éden","G:\Drives compartilhados\OAK-WORKSPACE\01 - JOBS\03 - IA E-COMMERCE\EM_ANDAMENTO\2026-07-JULHO\IAC_240001000_Cômoda Multiuso 3 Gavetas Caemmun Éden"
"238965400","IAC_238965400_Armário de Cozinha Compacta Kappesberg Maxxi 8 Portas 1 Gaveta","G:\Drives compartilhados\OAK-WORKSPACE\01 - JOBS\03 - IA E-COMMERCE\EM_ANDAMENTO\2026-07-JULHO\IAC_238965400_Armário de Cozinha Compacta Kappesberg Maxxi 8 Portas 1 Gaveta"
"238964600","IAC_238964600_Balcão de Cozinha Kappesberg 2 Portas Maxxi","G:\Drives compartilhados\OAK-WORKSPACE\01 - JOBS\03 - IA E-COMMERCE\EM_ANDAMENTO\2026-07-JULHO\IAC_238964600_Balcão de Cozinha Kappesberg 2 Portas Maxxi"
"238974000","IAC_238974000_Colchão King Gazin de Molas Ensacadas 32x193x203cm Diamond Black","G:\Drives compartilhados\OAK-WORKSPACE\01 - JOBS\03 - IA E-COMMERCE\EM_ANDAMENTO\2026-07-JULHO\IAC_238974000_Colchão King Gazin de Molas Ensacadas 32x193x203cm Diamond Black"
"238960100","IAC_238960100_Monitor Gamer 27- 1ms, 100Hz, IPS, AMD FreeSync, Full HD, HDMI, DP, Frameless HQ Premium HQ27IP10","G:\Drives compartilhados\OAK-WORKSPACE\01 - JOBS\03 - IA E-COMMERCE\EM_ANDAMENTO\2026-07-JULHO\IAC_238960100_Monitor Gamer 27- 1ms, 100Hz, IPS, AMD FreeSync, Full HD, HDMI, DP, Frameless HQ Premium HQ27IP10"
"238965100","IAC_238965100_Armário de Cozinha Paneleiro Simples 2 Portas Kappesberg Maxxi","G:\Drives compartilhados\OAK-WORKSPACE\01 - JOBS\03 - IA E-COMMERCE\EM_ANDAMENTO\2026-07-JULHO\IAC_238965100_Armário de Cozinha Paneleiro Simples 2 Portas Kappesberg Maxxi"
"238974100","IAC_238974100_Colchão Casal Gazin de Molas Ensacadas 32x138x188cm Diamond Black","G:\Drives compartilhados\OAK-WORKSPACE\01 - JOBS\03 - IA E-COMMERCE\EM_ANDAMENTO\2026-07-JULHO\IAC_238974100_Colchão Casal Gazin de Molas Ensacadas 32x138x188cm Diamond Black"
"238967500","IAC_238967500_Gabinete para Banheiro Aéreo com Cuba e Espelheira 4 Portas Móveis Bechara Londres","G:\Drives compartilhados\OAK-WORKSPACE\01 - JOBS\03 - IA E-COMMERCE\EM_ANDAMENTO\2026-07-JULHO\IAC_238967500_Gabinete para Banheiro Aéreo com Cuba e Espelheira 4 Portas Móveis Bechara Londres"
"240051900","IAC_240051900_Sofá 2 Lugares Suede Malbec Linoforte","G:\Drives compartilhados\OAK-WORKSPACE\01 - JOBS\03 - IA E-COMMERCE\EM_ANDAMENTO\2026-07-JULHO\IAC_240051900_Sofá 2 Lugares Suede Malbec Linoforte"
"240056100","IAC_240056100_Ar Condicionado Split Hi Wall TCL T-Pro 2.0 Inverter 9.000 Btus Frio 220v R-32","G:\Drives compartilhados\OAK-WORKSPACE\01 - JOBS\03 - IA E-COMMERCE\EM_ANDAMENTO\2026-07-JULHO\IAC_240056100_Ar Condicionado Split Hi Wall TCL T-Pro 2.0 Inverter 9.000 Btus Frio 220v R-32"
"240052000","IAC_240052000_Conjunto de Sofás 2 e 3 Lugares Malbec Linoforte","G:\Drives compartilhados\OAK-WORKSPACE\01 - JOBS\03 - IA E-COMMERCE\EM_ANDAMENTO\2026-07-JULHO\IAC_240052000_Conjunto de Sofás 2 e 3 Lugares Malbec Linoforte"
"240054300","IAC_240054300_Sofá 4 Lugares Suede Vivaldi Linoforte","G:\Drives compartilhados\OAK-WORKSPACE\01 - JOBS\03 - IA E-COMMERCE\EM_ANDAMENTO\2026-07-JULHO\IAC_240054300_Sofá 4 Lugares Suede Vivaldi Linoforte"
"240053700","IAC_240053700_Sofá-cama 3 Lugares Reclinável Suede Linoforte Jade","G:\Drives compartilhados\OAK-WORKSPACE\01 - JOBS\03 - IA E-COMMERCE\EM_ANDAMENTO\2026-07-JULHO\IAC_240053700_Sofá-cama 3 Lugares Reclinável Suede Linoforte Jade"
"240010500","IAC_240010500_Notebook Asus Tuf Gaming A15 RTX 2050 Amd Ryzen 7-7435hs 16gb Ram 512gb SSD Windows 11 Home 144hz 15,6'' Grafite Preto","G:\Drives compartilhados\OAK-WORKSPACE\01 - JOBS\03 - IA E-COMMERCE\EM_ANDAMENTO\2026-07-JULHO\IAC_240010500_Notebook Asus Tuf Gaming A15 RTX 2050 Amd Ryzen 7-7435hs 16gb Ram 512gb SSD Windows 11 Home 144hz 15,6'' Grafite Preto"
"240050800","IAC_240050800_Sofá 2 Lugares Suede Carmel Linoforte","G:\Drives compartilhados\OAK-WORKSPACE\01 - JOBS\03 - IA E-COMMERCE\EM_ANDAMENTO\2026-07-JULHO\IAC_240050800_Sofá 2 Lugares Suede Carmel Linoforte"
"240047600","IAC_240047600_Armário de Cozinha Compacta Telasul Ágata 11 Portas de Aço","G:\Drives compartilhados\OAK-WORKSPACE\01 - JOBS\03 - IA E-COMMERCE\EM_ANDAMENTO\2026-07-JULHO\IAC_240047600_Armário de Cozinha Compacta Telasul Ágata 11 Portas de Aço"
"240014400","IAC_240014400_Rack para TV até 70- com Painel 2 Portas Caemmun Aegon","G:\Drives compartilhados\OAK-WORKSPACE\01 - JOBS\03 - IA E-COMMERCE\EM_ANDAMENTO\2026-07-JULHO\IAC_240014400_Rack para TV até 70- com Painel 2 Portas Caemmun Aegon"
"240051400","IAC_240051400_Sofá 2 Lugares Suede Malbec Linoforte","G:\Drives compartilhados\OAK-WORKSPACE\01 - JOBS\03 - IA E-COMMERCE\EM_ANDAMENTO\2026-07-JULHO\IAC_240051400_Sofá 2 Lugares Suede Malbec Linoforte"
"240051700","IAC_240051700_Conjunto de Sofás 2 e 3 Lugares Lisboa Linoforte","G:\Drives compartilhados\OAK-WORKSPACE\01 - JOBS\03 - IA E-COMMERCE\EM_ANDAMENTO\2026-07-JULHO\IAC_240051700_Conjunto de Sofás 2 e 3 Lugares Lisboa Linoforte"
"240047200","IAC_240047200_Panela de Pressão Elétrica 6L Gaabor Digital Marinus RC-S60E01A","G:\Drives compartilhados\OAK-WORKSPACE\01 - JOBS\03 - IA E-COMMERCE\EM_ANDAMENTO\2026-07-JULHO\IAC_240047200_Panela de Pressão Elétrica 6L Gaabor Digital Marinus RC-S60E01A"
"240050900","IAC_240050900_Sofá 3 Lugares Suéde Lisboa Linoforte","G:\Drives compartilhados\OAK-WORKSPACE\01 - JOBS\03 - IA E-COMMERCE\EM_ANDAMENTO\2026-07-JULHO\IAC_240050900_Sofá 3 Lugares Suéde Lisboa Linoforte"
"238996500","IAC_238996500_Mesa Dobrável Multiuso 1,80m Otello DOB-BR2","G:\Drives compartilhados\OAK-WORKSPACE\01 - JOBS\03 - IA E-COMMERCE\EM_ANDAMENTO\2026-07-JULHO\IAC_238996500_Mesa Dobrável Multiuso 1,80m Otello DOB-BR2"
"240003200","IAC_240003200_Guarda-roupa Casal 4 Gavetas 6 Portas Caemmun Cléo","G:\Drives compartilhados\OAK-WORKSPACE\01 - JOBS\03 - IA E-COMMERCE\EM_ANDAMENTO\2026-07-JULHO\IAC_240003200_Guarda-roupa Casal 4 Gavetas 6 Portas Caemmun Cléo"
"240000300","IAC_240000300_Kit Mesa de Cabeceira Moderno Éden Caemmun","G:\Drives compartilhados\OAK-WORKSPACE\01 - JOBS\03 - IA E-COMMERCE\EM_ANDAMENTO\2026-07-JULHO\IAC_240000300_Kit Mesa de Cabeceira Moderno Éden Caemmun"
"240041800","IAC_240041800_Pneu 195-40R17 Xbri Sport + 81W","G:\Drives compartilhados\OAK-WORKSPACE\01 - JOBS\03 - IA E-COMMERCE\EM_ANDAMENTO\2026-07-JULHO\IAC_240041800_Pneu 195-40R17 Xbri Sport + 81W"
"239061900","IAC_239061900_Kit Cozinha Itatiaia Rose com Balcão 3 Portas","G:\Drives compartilhados\OAK-WORKSPACE\01 - JOBS\03 - IA E-COMMERCE\EM_ANDAMENTO\2026-07-JULHO\IAC_239061900_Kit Cozinha Itatiaia Rose com Balcão 3 Portas"
"240000100","IAC_240000100_Guarda-roupa Casal 4 Gavetas 6 Portas Caemmun Francis","G:\Drives compartilhados\OAK-WORKSPACE\01 - JOBS\03 - IA E-COMMERCE\EM_ANDAMENTO\2026-07-JULHO\IAC_240000100_Guarda-roupa Casal 4 Gavetas 6 Portas Caemmun Francis"
"240010400","IAC_240010400_Rack para TV até 60” com Painel 2 Portas Caemmun New Osca","G:\Drives compartilhados\OAK-WORKSPACE\01 - JOBS\03 - IA E-COMMERCE\EM_ANDAMENTO\2026-07-JULHO\IAC_240010400_Rack para TV até 60” com Painel 2 Portas Caemmun New Osca"
"240009200","IAC_240009200_Rack para TV 45” Caemmun Mondria","G:\Drives compartilhados\OAK-WORKSPACE\01 - JOBS\03 - IA E-COMMERCE\EM_ANDAMENTO\2026-07-JULHO\IAC_240009200_Rack para TV 45” Caemmun Mondria"
"240000500","IAC_240000500_Cabeceira Casal Caemmun Éden Cacao e Lamina Mel","G:\Drives compartilhados\OAK-WORKSPACE\01 - JOBS\03 - IA E-COMMERCE\EM_ANDAMENTO\2026-07-JULHO\IAC_240000500_Cabeceira Casal Caemmun Éden Cacao e Lamina Mel"
"238967200","IAC_238967200_Gabinete para Banheiro 1 Gaveta Móveis Bechara Tóquio","G:\Drives compartilhados\OAK-WORKSPACE\01 - JOBS\03 - IA E-COMMERCE\EM_ANDAMENTO\2026-07-JULHO\IAC_238967200_Gabinete para Banheiro 1 Gaveta Móveis Bechara Tóquio"
"238996900","IAC_238996900_Mesa Dobrável Multiuso 240cm Otello DOB-BR3","G:\Drives compartilhados\OAK-WORKSPACE\01 - JOBS\03 - IA E-COMMERCE\EM_ANDAMENTO\2026-07-JULHO\IAC_238996900_Mesa Dobrável Multiuso 240cm Otello DOB-BR3"
"240039700","IAC_240039700_Armário Multiuso 2 Portas Aramóveis New","G:\Drives compartilhados\OAK-WORKSPACE\01 - JOBS\03 - IA E-COMMERCE\EM_ANDAMENTO\2026-07-JULHO\IAC_240039700_Armário Multiuso 2 Portas Aramóveis New"
"240038900","IAC_240038900_Armário de Cozinha Compacta Nesher Realeza com Balcão 100% MDF 6 Portas 3 Gavetas","G:\Drives compartilhados\OAK-WORKSPACE\01 - JOBS\03 - IA E-COMMERCE\EM_ANDAMENTO\2026-07-JULHO\IAC_240038900_Armário de Cozinha Compacta Nesher Realeza com Balcão 100% MDF 6 Portas 3 Gavetas"
"240000600","IAC_240000600_Guarda-roupa Casal com Espelho 2 Gavetas 6 Portas Caemmun Éden","G:\Drives compartilhados\OAK-WORKSPACE\01 - JOBS\03 - IA E-COMMERCE\EM_ANDAMENTO\2026-07-JULHO\IAC_240000600_Guarda-roupa Casal com Espelho 2 Gavetas 6 Portas Caemmun Éden"
"238996200","IAC_238996200_Cadeira de Escritório Diretor Giratória Preta DIR-006 Otello","G:\Drives compartilhados\OAK-WORKSPACE\01 - JOBS\03 - IA E-COMMERCE\EM_ANDAMENTO\2026-07-JULHO\IAC_238996200_Cadeira de Escritório Diretor Giratória Preta DIR-006 Otello"
"239091400","IAC_239091400_Cozinha Completa Itatiaia Florença com Balcão","G:\Drives compartilhados\OAK-WORKSPACE\01 - JOBS\03 - IA E-COMMERCE\EM_ANDAMENTO\2026-07-JULHO\IAC_239091400_Cozinha Completa Itatiaia Florença com Balcão"
"240008900","IAC_240008900_Painel para TV até 65” Caemmun Mondrian","G:\Drives compartilhados\OAK-WORKSPACE\01 - JOBS\03 - IA E-COMMERCE\EM_ANDAMENTO\2026-07-JULHO\IAC_240008900_Painel para TV até 65” Caemmun Mondrian"
"240008700","IAC_240008700_Rack para TV até 65” 2 Portas Caemmun Mondrian","G:\Drives compartilhados\OAK-WORKSPACE\01 - JOBS\03 - IA E-COMMERCE\EM_ANDAMENTO\2026-07-JULHO\IAC_240008700_Rack para TV até 65” 2 Portas Caemmun Mondrian"
"240064200","IAC_240064200_Painel para TV até 65- DJ Móveis Lume","G:\Drives compartilhados\OAK-WORKSPACE\01 - JOBS\03 - IA E-COMMERCE\EM_ANDAMENTO\2026-07-JULHO\IAC_240064200_Painel para TV até 65- DJ Móveis Lume"
"240064100","IAC_240064100_Painel para TV até 65- DJ Móveis Ben","G:\Drives compartilhados\OAK-WORKSPACE\01 - JOBS\03 - IA E-COMMERCE\EM_ANDAMENTO\2026-07-JULHO\IAC_240064100_Painel para TV até 65- DJ Móveis Ben"
"240064300","IAC_240064300_Painel para TV até 60- DJ Móveis Friz","G:\Drives compartilhados\OAK-WORKSPACE\01 - JOBS\03 - IA E-COMMERCE\EM_ANDAMENTO\2026-07-JULHO\IAC_240064300_Painel para TV até 60- DJ Móveis Friz"
"240061800","IAC_240061800_Sofá 6 Lugares Retrátil Reclinável Mediterrâneo Abruzzo Flexforma Estofados","G:\Drives compartilhados\OAK-WORKSPACE\01 - JOBS\03 - IA E-COMMERCE\EM_ANDAMENTO\2026-07-JULHO\IAC_240061800_Sofá 6 Lugares Retrátil Reclinável Mediterrâneo Abruzzo Flexforma Estofados"
"240057600","IAC_240057600_Ar Condicionado Split Hi Wall TCL T-Pro 2.0 Inverter 12.000 Btus Frio 220v R-32","G:\Drives compartilhados\OAK-WORKSPACE\01 - JOBS\03 - IA E-COMMERCE\EM_ANDAMENTO\2026-07-JULHO\IAC_240057600_Ar Condicionado Split Hi Wall TCL T-Pro 2.0 Inverter 12.000 Btus Frio 220v R-32"
"240062900","IAC_240062900_Sofá 4 Lugares Retrátil Reclinável Bouclé Mediterrâneo Bergamo Flexforma Estofados","G:\Drives compartilhados\OAK-WORKSPACE\01 - JOBS\03 - IA E-COMMERCE\EM_ANDAMENTO\2026-07-JULHO\IAC_240062900_Sofá 4 Lugares Retrátil Reclinável Bouclé Mediterrâneo Bergamo Flexforma Estofados"
"240057000","IAC_240057000_Ar-Condicionado Split Inverter 12000 BTUs TCL T-Pro 2.0 High Wall Quente e Frio TAC-12CHTG2-INV 220V","G:\Drives compartilhados\OAK-WORKSPACE\01 - JOBS\03 - IA E-COMMERCE\EM_ANDAMENTO\2026-07-JULHO\IAC_240057000_Ar-Condicionado Split Inverter 12000 BTUs TCL T-Pro 2.0 High Wall Quente e Frio TAC-12CHTG2-INV 220V"
"240062600","IAC_240062600_Sofá 4 Lugares Retrátil Recinável Bouclé Mediterrâneo Trentino Flexforma Estofados","G:\Drives compartilhados\OAK-WORKSPACE\01 - JOBS\03 - IA E-COMMERCE\EM_ANDAMENTO\2026-07-JULHO\IAC_240062600_Sofá 4 Lugares Retrátil Recinável Bouclé Mediterrâneo Trentino Flexforma Estofados"
"240062500","IAC_240062500_Sofá 3 Lugares Retrátil Reclinável Bouclé Mediterrâneo Peruggia Flexforma Estofados","G:\Drives compartilhados\OAK-WORKSPACE\01 - JOBS\03 - IA E-COMMERCE\EM_ANDAMENTO\2026-07-JULHO\IAC_240062500_Sofá 3 Lugares Retrátil Reclinável Bouclé Mediterrâneo Peruggia Flexforma Estofados"
"240062700","IAC_240062700_Sofá 4 Lugares Retrátil Reclinável Bouclé Mediterrâneo Parma Flexforma Estofados","G:\Drives compartilhados\OAK-WORKSPACE\01 - JOBS\03 - IA E-COMMERCE\EM_ANDAMENTO\2026-07-JULHO\IAC_240062700_Sofá 4 Lugares Retrátil Reclinável Bouclé Mediterrâneo Parma Flexforma Estofados"
"240054000","IAC_240054000_Sofá 3 Lugares Suede Carmel Linoforte","G:\Drives compartilhados\OAK-WORKSPACE\01 - JOBS\03 - IA E-COMMERCE\EM_ANDAMENTO\2026-07-JULHO\IAC_240054000_Sofá 3 Lugares Suede Carmel Linoforte"
"240115400","IAC_240115400_Pneu Aro 17- 215-50R17 Goodyear 91V Eagle Sport 2","G:\Drives compartilhados\OAK-WORKSPACE\01 - JOBS\03 - IA E-COMMERCE\EM_ANDAMENTO\2026-07-JULHO\IAC_240115400_Pneu Aro 17- 215-50R17 Goodyear 91V Eagle Sport 2"
"240116000","IAC_240116000_Pneu Aro 16- 205-60R16 Goodyear 92H Wrangler Territory HT","G:\Drives compartilhados\OAK-WORKSPACE\01 - JOBS\03 - IA E-COMMERCE\EM_ANDAMENTO\2026-07-JULHO\IAC_240116000_Pneu Aro 16- 205-60R16 Goodyear 92H Wrangler Territory HT"
"240116300","IAC_240116300_Pneu Aro 16- 195-60R16 Goodyear 89H Eagle Touring","G:\Drives compartilhados\OAK-WORKSPACE\01 - JOBS\03 - IA E-COMMERCE\EM_ANDAMENTO\2026-07-JULHO\IAC_240116300_Pneu Aro 16- 195-60R16 Goodyear 89H Eagle Touring"
"240116700","IAC_240116700_Sofá 4 Lugares Retrátil Reclinável Slim Amsterda Besthouse","G:\Drives compartilhados\OAK-WORKSPACE\01 - JOBS\03 - IA E-COMMERCE\EM_ANDAMENTO\2026-07-JULHO\IAC_240116700_Sofá 4 Lugares Retrátil Reclinável Slim Amsterda Besthouse"
"240117400","IAC_240117400_Sofá 3 Lugares Retrátil Reclinável Veludo Santorini Besthouse","G:\Drives compartilhados\OAK-WORKSPACE\01 - JOBS\03 - IA E-COMMERCE\EM_ANDAMENTO\2026-07-JULHO\IAC_240117400_Sofá 3 Lugares Retrátil Reclinável Veludo Santorini Besthouse"
"240116600","IAC_240116600_Pneu Aro 18- 225-60R18 Goodyear 104H Wrangler Fortitude HT","G:\Drives compartilhados\OAK-WORKSPACE\01 - JOBS\03 - IA E-COMMERCE\EM_ANDAMENTO\2026-07-JULHO\IAC_240116600_Pneu Aro 18- 225-60R18 Goodyear 104H Wrangler Fortitude HT"
"240117600","IAC_240117600_Sofá 4 Lugares Retrátil Reclinável Veludo Vancouver Besthouse","G:\Drives compartilhados\OAK-WORKSPACE\01 - JOBS\03 - IA E-COMMERCE\EM_ANDAMENTO\2026-07-JULHO\IAC_240117600_Sofá 4 Lugares Retrátil Reclinável Veludo Vancouver Besthouse"
"240117100","IAC_240117100_Sofá 4 Lugares Retrátil Reclinável Slim Amsterdã Besthouse","G:\Drives compartilhados\OAK-WORKSPACE\01 - JOBS\03 - IA E-COMMERCE\EM_ANDAMENTO\2026-07-JULHO\IAC_240117100_Sofá 4 Lugares Retrátil Reclinável Slim Amsterdã Besthouse"
"240115000","IAC_240115000_Pneu 16- 185-55R16 Goodyear 83V Eagle Sport 2","G:\Drives compartilhados\OAK-WORKSPACE\01 - JOBS\03 - IA E-COMMERCE\EM_ANDAMENTO\2026-07-JULHO\IAC_240115000_Pneu 16- 185-55R16 Goodyear 83V Eagle Sport 2"
"240116800","IAC_240116800_Sofá 3 Lugares Retrátil Reclinável Veludo Vancouver Besthouse","G:\Drives compartilhados\OAK-WORKSPACE\01 - JOBS\03 - IA E-COMMERCE\EM_ANDAMENTO\2026-07-JULHO\IAC_240116800_Sofá 3 Lugares Retrátil Reclinável Veludo Vancouver Besthouse"
"240117000","IAC_240117000_Sofá 3 Lugares Retrátil Reclinável Veludo Vancouver Besthouse","G:\Drives compartilhados\OAK-WORKSPACE\01 - JOBS\03 - IA E-COMMERCE\EM_ANDAMENTO\2026-07-JULHO\IAC_240117000_Sofá 3 Lugares Retrátil Reclinável Veludo Vancouver Besthouse"
"240101800","IAC_240101800_Cômoda 4 Gavetas Santos Andira Fit","G:\Drives compartilhados\OAK-WORKSPACE\01 - JOBS\03 - IA E-COMMERCE\EM_ANDAMENTO\2026-07-JULHO\IAC_240101800_Cômoda 4 Gavetas Santos Andira Fit"
"240100300","IAC_240100300_Sofá-cama 3 Lugares Retrátil Bipartido Reclinável Veludo Matrix Celine","G:\Drives compartilhados\OAK-WORKSPACE\01 - JOBS\03 - IA E-COMMERCE\EM_ANDAMENTO\2026-07-JULHO\IAC_240100300_Sofá-cama 3 Lugares Retrátil Bipartido Reclinável Veludo Matrix Celine"
"240064700","IAC_240064700_Rack para TV até 75- 4 Portas DJ Móveis Helo","G:\Drives compartilhados\OAK-WORKSPACE\01 - JOBS\03 - IA E-COMMERCE\EM_ANDAMENTO\2026-07-JULHO\IAC_240064700_Rack para TV até 75- 4 Portas DJ Móveis Helo"
"240087700","IAC_240087700_Sofá 3 Lugares Retrátil Reclinável Suede Hannover Linoforte","G:\Drives compartilhados\OAK-WORKSPACE\01 - JOBS\03 - IA E-COMMERCE\EM_ANDAMENTO\2026-07-JULHO\IAC_240087700_Sofá 3 Lugares Retrátil Reclinável Suede Hannover Linoforte"
"240100700","IAC_240100700_Sofá-cama Lugares Retrátil Bipartido Reclinável Veludo Matrix Nayla","G:\Drives compartilhados\OAK-WORKSPACE\01 - JOBS\03 - IA E-COMMERCE\EM_ANDAMENTO\2026-07-JULHO\IAC_240100700_Sofá-cama Lugares Retrátil Bipartido Reclinável Veludo Matrix Nayla"
"240084200","IAC_240084200_Painel para TV até 70- DJ Móveis Alana","G:\Drives compartilhados\OAK-WORKSPACE\01 - JOBS\03 - IA E-COMMERCE\EM_ANDAMENTO\2026-07-JULHO\IAC_240084200_Painel para TV até 70- DJ Móveis Alana"
"240106700","IAC_240106700_Painel para TV até 65- Colibri Egeu","G:\Drives compartilhados\OAK-WORKSPACE\01 - JOBS\03 - IA E-COMMERCE\EM_ANDAMENTO\2026-07-JULHO\IAC_240106700_Painel para TV até 65- Colibri Egeu"
"240114500","IAC_240114500_Pneu Aro 16- 235-60R16 Goodyear 100H Wrangler Fortitude HT","G:\Drives compartilhados\OAK-WORKSPACE\01 - JOBS\03 - IA E-COMMERCE\EM_ANDAMENTO\2026-07-JULHO\IAC_240114500_Pneu Aro 16- 235-60R16 Goodyear 100H Wrangler Fortitude HT"
"240115100","IAC_240115100_Pneu 16- 205-55R16 TL Goodyear 91V Efficientgrip Performance","G:\Drives compartilhados\OAK-WORKSPACE\01 - JOBS\03 - IA E-COMMERCE\EM_ANDAMENTO\2026-07-JULHO\IAC_240115100_Pneu 16- 205-55R16 TL Goodyear 91V Efficientgrip Performance"
"240065100","IAC_240065100_Rack para TV até 70- 1 Porta DJ Móveis Flow","G:\Drives compartilhados\OAK-WORKSPACE\01 - JOBS\03 - IA E-COMMERCE\EM_ANDAMENTO\2026-07-JULHO\IAC_240065100_Rack para TV até 70- 1 Porta DJ Móveis Flow"
"240115200","IAC_240115200_Pneu 18- 225-55R18 Goodyear 98V Wrangler Fortitude HT","G:\Drives compartilhados\OAK-WORKSPACE\01 - JOBS\03 - IA E-COMMERCE\EM_ANDAMENTO\2026-07-JULHO\IAC_240115200_Pneu 18- 225-55R18 Goodyear 98V Wrangler Fortitude HT"
"240087800","IAC_240087800_Sofá 3 Lugares Suede Spazium Linoforte","G:\Drives compartilhados\OAK-WORKSPACE\01 - JOBS\03 - IA E-COMMERCE\EM_ANDAMENTO\2026-07-JULHO\IAC_240087800_Sofá 3 Lugares Suede Spazium Linoforte"
"240101900","IAC_240101900_Guarda-roupa Casal 5 Gavetas 6 Portas Santos Andirá Democrata","G:\Drives compartilhados\OAK-WORKSPACE\01 - JOBS\03 - IA E-COMMERCE\EM_ANDAMENTO\2026-07-JULHO\IAC_240101900_Guarda-roupa Casal 5 Gavetas 6 Portas Santos Andirá Democrata"
"240064400","IAC_240064400_Painel para TV até 65- DJ Móveis Tom","G:\Drives compartilhados\OAK-WORKSPACE\01 - JOBS\03 - IA E-COMMERCE\EM_ANDAMENTO\2026-07-JULHO\IAC_240064400_Painel para TV até 65- DJ Móveis Tom"
"240113000","IAC_240113000_Geladeira Frost Free Duplex 473L Inverter Preto Midea","G:\Drives compartilhados\OAK-WORKSPACE\01 - JOBS\03 - IA E-COMMERCE\EM_ANDAMENTO\2026-07-JULHO\IAC_240113000_Geladeira Frost Free Duplex 473L Inverter Preto Midea"
"240097000","IAC_240097000_Celular Samsung Galaxy A36 5G 256GB, 8GB RAM, Câmera 50MP, IP67, Super AMOLED 6.7-, Recursos AI","G:\Drives compartilhados\OAK-WORKSPACE\01 - JOBS\03 - IA E-COMMERCE\EM_ANDAMENTO\2026-07-JULHO\IAC_240097000_Celular Samsung Galaxy A36 5G 256GB, 8GB RAM, Câmera 50MP, IP67, Super AMOLED 6.7-, Recursos AI"
"240092600","IAC_240092600_Armário de Cozinha Completa Nesher Nobreza com Balcão 7 Portas 2 Gavetas 100% MDF","G:\Drives compartilhados\OAK-WORKSPACE\01 - JOBS\03 - IA E-COMMERCE\EM_ANDAMENTO\2026-07-JULHO\IAC_240092600_Armário de Cozinha Completa Nesher Nobreza com Balcão 7 Portas 2 Gavetas 100% MDF"
"240092400","IAC_240092400_Armário de Cozinha Compacta Aramóveis Malva 4 Portas 1 Gaveta","G:\Drives compartilhados\OAK-WORKSPACE\01 - JOBS\03 - IA E-COMMERCE\EM_ANDAMENTO\2026-07-JULHO\IAC_240092400_Armário de Cozinha Compacta Aramóveis Malva 4 Portas 1 Gaveta"
"240087900","IAC_240087900_Sofá-cama 3 Lugares Reclinável Linoforte Jade","G:\Drives compartilhados\OAK-WORKSPACE\01 - JOBS\03 - IA E-COMMERCE\EM_ANDAMENTO\2026-07-JULHO\IAC_240087900_Sofá-cama 3 Lugares Reclinável Linoforte Jade"
"240065000","IAC_240065000_Rack para TV até 70- 2 Portas DJ Móveis Olimpic","G:\Drives compartilhados\OAK-WORKSPACE\01 - JOBS\03 - IA E-COMMERCE\EM_ANDAMENTO\2026-07-JULHO\IAC_240065000_Rack para TV até 70- 2 Portas DJ Móveis Olimpic"
"240105800","IAC_240105800_Estante para TV até 65- 2 Portas Colibri Belaya","G:\Drives compartilhados\OAK-WORKSPACE\01 - JOBS\03 - IA E-COMMERCE\EM_ANDAMENTO\2026-07-JULHO\IAC_240105800_Estante para TV até 65- 2 Portas Colibri Belaya"
"240085500","IAC_240085500_Ar Condicionado Split Hi Wall Inverter Philco 24000 BTU-h Frio Eco PAC24FC  220 Volts","G:\Drives compartilhados\OAK-WORKSPACE\01 - JOBS\03 - IA E-COMMERCE\EM_ANDAMENTO\2026-07-JULHO\IAC_240085500_Ar Condicionado Split Hi Wall Inverter Philco 24000 BTU-h Frio Eco PAC24FC  220 Volts"
"240087400","IAC_240087400_Sofá 2 Lugares Suede Spazium Linoforte","G:\Drives compartilhados\OAK-WORKSPACE\01 - JOBS\03 - IA E-COMMERCE\EM_ANDAMENTO\2026-07-JULHO\IAC_240087400_Sofá 2 Lugares Suede Spazium Linoforte"
"240105700","IAC_240105700_Estante para TV até 75- 2 Portas Colibri Jurerê","G:\Drives compartilhados\OAK-WORKSPACE\01 - JOBS\03 - IA E-COMMERCE\EM_ANDAMENTO\2026-07-JULHO\IAC_240105700_Estante para TV até 75- 2 Portas Colibri Jurerê"
"240094500","IAC_240094500_Balcão de Cozinha com Tampo Poliman Moveis 3 Portas 1 Gaveta","G:\Drives compartilhados\OAK-WORKSPACE\01 - JOBS\03 - IA E-COMMERCE\EM_ANDAMENTO\2026-07-JULHO\IAC_240094500_Balcão de Cozinha com Tampo Poliman Moveis 3 Portas 1 Gaveta"
"240114700","IAC_240114700_Pneu 16- 225-75R16 Goodyear 118-116R Cargo Marathon 2","G:\Drives compartilhados\OAK-WORKSPACE\01 - JOBS\03 - IA E-COMMERCE\EM_ANDAMENTO\2026-07-JULHO\IAC_240114700_Pneu 16- 225-75R16 Goodyear 118-116R Cargo Marathon 2"
"240064500","IAC_240064500_Painel para TV até 60- DJ Móveis Ravi","G:\Drives compartilhados\OAK-WORKSPACE\01 - JOBS\03 - IA E-COMMERCE\EM_ANDAMENTO\2026-07-JULHO\IAC_240064500_Painel para TV até 60- DJ Móveis Ravi"
"240154800","IAC_240154800_Cozinha Compacta Valdemóveis Canastra com Balcão 5 Portas 1 Gaveta","G:\Drives compartilhados\OAK-WORKSPACE\01 - JOBS\03 - IA E-COMMERCE\EM_ANDAMENTO\2026-07-JULHO\IAC_240154800_Cozinha Compacta Valdemóveis Canastra com Balcão 5 Portas 1 Gaveta"
"240151000","IAC_240151000_Mesa de Jantar 6 Cadeiras Retangular Ciplafe Dubai","G:\Drives compartilhados\OAK-WORKSPACE\01 - JOBS\03 - IA E-COMMERCE\EM_ANDAMENTO\2026-07-JULHO\IAC_240151000_Mesa de Jantar 6 Cadeiras Retangular Ciplafe Dubai"
"240145200","IAC_240145200_Sofá 3 Lugares Retrátil Reclinável Suede Califórnia JW Estofados","G:\Drives compartilhados\OAK-WORKSPACE\01 - JOBS\03 - IA E-COMMERCE\EM_ANDAMENTO\2026-07-JULHO\IAC_240145200_Sofá 3 Lugares Retrátil Reclinável Suede Califórnia JW Estofados"
"240191900","IAC_240191900_Lixeira para Cozinha com Pedal Basculante 20L Ou Trium","G:\Drives compartilhados\OAK-WORKSPACE\01 - JOBS\03 - IA E-COMMERCE\EM_ANDAMENTO\2026-07-JULHO\IAC_240191900_Lixeira para Cozinha com Pedal Basculante 20L Ou Trium"
"240163100","IAC_240163100_Guarda-roupa Casal com Espelho 4 Gavetas 6 Portas Made Marcs Torino","G:\Drives compartilhados\OAK-WORKSPACE\01 - JOBS\03 - IA E-COMMERCE\EM_ANDAMENTO\2026-07-JULHO\IAC_240163100_Guarda-roupa Casal com Espelho 4 Gavetas 6 Portas Made Marcs Torino"
"240202000","IAC_240202000_Depilador Philips Satinelle Bre247-00 - Azul","G:\Drives compartilhados\OAK-WORKSPACE\01 - JOBS\03 - IA E-COMMERCE\EM_ANDAMENTO\2026-07-JULHO\IAC_240202000_Depilador Philips Satinelle Bre247-00 - Azul"
"240171200","IAC_240171200_Secador De Cabelo Taiff Black Ion Profissional Original2000W","G:\Drives compartilhados\OAK-WORKSPACE\01 - JOBS\03 - IA E-COMMERCE\EM_ANDAMENTO\2026-07-JULHO\IAC_240171200_Secador De Cabelo Taiff Black Ion Profissional Original2000W"
"240193800","IAC_240193800_Guarda-roupa 4 Gavetas 6 Portas Caemmun Phoenix","G:\Drives compartilhados\OAK-WORKSPACE\01 - JOBS\03 - IA E-COMMERCE\EM_ANDAMENTO\2026-07-JULHO\IAC_240193800_Guarda-roupa 4 Gavetas 6 Portas Caemmun Phoenix"
"240184400","IAC_240184400_Caixa de Som Amplificada Candide Disney Stitch com Microfone","G:\Drives compartilhados\OAK-WORKSPACE\01 - JOBS\03 - IA E-COMMERCE\EM_ANDAMENTO\2026-07-JULHO\IAC_240184400_Caixa de Som Amplificada Candide Disney Stitch com Microfone"
"240192300","IAC_240192300_Lixeira para Cozinha com Pedal Basculante 20L Ou Trium","G:\Drives compartilhados\OAK-WORKSPACE\01 - JOBS\03 - IA E-COMMERCE\EM_ANDAMENTO\2026-07-JULHO\IAC_240192300_Lixeira para Cozinha com Pedal Basculante 20L Ou Trium"
"240160600","IAC_240160600_Cooktop 5 Bocas a Gás GLP Electrolux Mesa de Vidro Multi Chama Preto Acendimento Automático Pro Series KE5PS","G:\Drives compartilhados\OAK-WORKSPACE\01 - JOBS\03 - IA E-COMMERCE\EM_ANDAMENTO\2026-07-JULHO\IAC_240160600_Cooktop 5 Bocas a Gás GLP Electrolux Mesa de Vidro Multi Chama Preto Acendimento Automático Pro Series KE5PS"
"240204800","IAC_240204800_Guarda-roupa Casal 6 Gavetas 8 Portas Móveis Lopas Ergon","G:\Drives compartilhados\OAK-WORKSPACE\01 - JOBS\03 - IA E-COMMERCE\EM_ANDAMENTO\2026-07-JULHO\IAC_240204800_Guarda-roupa Casal 6 Gavetas 8 Portas Móveis Lopas Ergon"
"240168700","IAC_240168700_Andador Infantil Infanti Appia Musical","G:\Drives compartilhados\OAK-WORKSPACE\01 - JOBS\03 - IA E-COMMERCE\EM_ANDAMENTO\2026-07-JULHO\IAC_240168700_Andador Infantil Infanti Appia Musical"
"240143300","IAC_240143300_Poltrona Decorativa com Puff Moderno Matrix Pequim","G:\Drives compartilhados\OAK-WORKSPACE\01 - JOBS\03 - IA E-COMMERCE\EM_ANDAMENTO\2026-07-JULHO\IAC_240143300_Poltrona Decorativa com Puff Moderno Matrix Pequim"
"240185100","IAC_240185100_Caixa de Som Amplificada Candide Hello Kitty com Microfone","G:\Drives compartilhados\OAK-WORKSPACE\01 - JOBS\03 - IA E-COMMERCE\EM_ANDAMENTO\2026-07-JULHO\IAC_240185100_Caixa de Som Amplificada Candide Hello Kitty com Microfone"
"240152600","IAC_240152600_Mesa de Jantar 4 Cadeiras Retangular Freijó e Caramelo Ciplafe Jade","G:\Drives compartilhados\OAK-WORKSPACE\01 - JOBS\03 - IA E-COMMERCE\EM_ANDAMENTO\2026-07-JULHO\IAC_240152600_Mesa de Jantar 4 Cadeiras Retangular Freijó e Caramelo Ciplafe Jade"
"240168000","IAC_240168000_Depilador Philips Satinelle com 1 Acessório Depilação Feminina BRE229-00 Rosa","G:\Drives compartilhados\OAK-WORKSPACE\01 - JOBS\03 - IA E-COMMERCE\EM_ANDAMENTO\2026-07-JULHO\IAC_240168000_Depilador Philips Satinelle com 1 Acessório Depilação Feminina BRE229-00 Rosa"
"240151100","IAC_240151100_Mesa de Jantar 6 Cadeiras Retangular Henn Natalí","G:\Drives compartilhados\OAK-WORKSPACE\01 - JOBS\03 - IA E-COMMERCE\EM_ANDAMENTO\2026-07-JULHO\IAC_240151100_Mesa de Jantar 6 Cadeiras Retangular Henn Natalí"
"240187500","IAC_240187500_KARAOKE BLUETOOTH PAT CA","G:\Drives compartilhados\OAK-WORKSPACE\01 - JOBS\03 - IA E-COMMERCE\EM_ANDAMENTO\2026-07-JULHO\IAC_240187500_KARAOKE BLUETOOTH PAT CA"
"240200600","IAC_240200600_Fralda Pampers Confort Sec Tamanho XXG (14-18kg) 88 Unidades","G:\Drives compartilhados\OAK-WORKSPACE\01 - JOBS\03 - IA E-COMMERCE\EM_ANDAMENTO\2026-07-JULHO\IAC_240200600_Fralda Pampers Confort Sec Tamanho XXG (14-18kg) 88 Unidades"
"240187300","IAC_240187300_KARAOKE BLUETOOTH HOMEM-","G:\Drives compartilhados\OAK-WORKSPACE\01 - JOBS\03 - IA E-COMMERCE\EM_ANDAMENTO\2026-07-JULHO\IAC_240187300_KARAOKE BLUETOOTH HOMEM-"
"240169600","IAC_240169600_Berço Portátil Cosco Kids Cozzy até 18kg Rosa","G:\Drives compartilhados\OAK-WORKSPACE\01 - JOBS\03 - IA E-COMMERCE\EM_ANDAMENTO\2026-07-JULHO\IAC_240169600_Berço Portátil Cosco Kids Cozzy até 18kg Rosa"
"240153700","IAC_240153700_Mesa de Jantar de Aço com Madeira e Tampo de Vidro 6 Cadeiras Retangular Ciplafe Panamá","G:\Drives compartilhados\OAK-WORKSPACE\01 - JOBS\03 - IA E-COMMERCE\EM_ANDAMENTO\2026-07-JULHO\IAC_240153700_Mesa de Jantar de Aço com Madeira e Tampo de Vidro 6 Cadeiras Retangular Ciplafe Panamá"
"240152900","IAC_240152900_Cozinha Compacta Valdemóveis Diamante 5 Portas 2 Gavetas","G:\Drives compartilhados\OAK-WORKSPACE\01 - JOBS\03 - IA E-COMMERCE\EM_ANDAMENTO\2026-07-JULHO\IAC_240152900_Cozinha Compacta Valdemóveis Diamante 5 Portas 2 Gavetas"
"240122900","IAC_240122900_Bicicleta Aro 24- Colli Airon Freio a Disco 7 Marchas","G:\Drives compartilhados\OAK-WORKSPACE\01 - JOBS\03 - IA E-COMMERCE\EM_ANDAMENTO\2026-07-JULHO\IAC_240122900_Bicicleta Aro 24- Colli Airon Freio a Disco 7 Marchas"
"240141600","IAC_240141600_Poltrona Reclinável Elétrica Moderna Matrix Cherokee","G:\Drives compartilhados\OAK-WORKSPACE\01 - JOBS\03 - IA E-COMMERCE\EM_ANDAMENTO\2026-07-JULHO\IAC_240141600_Poltrona Reclinável Elétrica Moderna Matrix Cherokee"
"240134500","IAC_240134500_Berço Mini Cama Branco Moveis Peroba Anjinho","G:\Drives compartilhados\OAK-WORKSPACE\01 - JOBS\03 - IA E-COMMERCE\EM_ANDAMENTO\2026-07-JULHO\IAC_240134500_Berço Mini Cama Branco Moveis Peroba Anjinho"
"240136800","IAC_240136800_Frigideira Antiaderente Multiflon de Alumínio Gourmet Vermelho 16cm e 20cm","G:\Drives compartilhados\OAK-WORKSPACE\01 - JOBS\03 - IA E-COMMERCE\EM_ANDAMENTO\2026-07-JULHO\IAC_240136800_Frigideira Antiaderente Multiflon de Alumínio Gourmet Vermelho 16cm e 20cm"
"240133000","IAC_240133000_Cômoda de Bebê 3 Gavetas Moveis Peroba Harmonia com Vidro","G:\Drives compartilhados\OAK-WORKSPACE\01 - JOBS\03 - IA E-COMMERCE\EM_ANDAMENTO\2026-07-JULHO\IAC_240133000_Cômoda de Bebê 3 Gavetas Moveis Peroba Harmonia com Vidro"
"240144100","IAC_240144100_Sofá 3 Lugares Retrátil Reclinável Veludo Santorini Besthouse","G:\Drives compartilhados\OAK-WORKSPACE\01 - JOBS\03 - IA E-COMMERCE\EM_ANDAMENTO\2026-07-JULHO\IAC_240144100_Sofá 3 Lugares Retrátil Reclinável Veludo Santorini Besthouse"
"240143000","IAC_240143000_Puff Decorativo Quadrado Chumbo Pequim Matrix","G:\Drives compartilhados\OAK-WORKSPACE\01 - JOBS\03 - IA E-COMMERCE\EM_ANDAMENTO\2026-07-JULHO\IAC_240143000_Puff Decorativo Quadrado Chumbo Pequim Matrix"
"240141400","IAC_240141400_Poltrona Decorativa Moderna Matrix Zurique","G:\Drives compartilhados\OAK-WORKSPACE\01 - JOBS\03 - IA E-COMMERCE\EM_ANDAMENTO\2026-07-JULHO\IAC_240141400_Poltrona Decorativa Moderna Matrix Zurique"
"240136700","IAC_240136700_Frigideira Antiaderente Multiflon de Alumínio Gourmet Vermelho 18cm e 22cm","G:\Drives compartilhados\OAK-WORKSPACE\01 - JOBS\03 - IA E-COMMERCE\EM_ANDAMENTO\2026-07-JULHO\IAC_240136700_Frigideira Antiaderente Multiflon de Alumínio Gourmet Vermelho 18cm e 22cm"
"240144000","IAC_240144000_Poltrona Decorativa Moderna Matrix Xangai","G:\Drives compartilhados\OAK-WORKSPACE\01 - JOBS\03 - IA E-COMMERCE\EM_ANDAMENTO\2026-07-JULHO\IAC_240144000_Poltrona Decorativa Moderna Matrix Xangai"
"240131000","IAC_240131000_Adega Midea 12 Garrafas Preta com LED MDRW066FGGGL3","G:\Drives compartilhados\OAK-WORKSPACE\01 - JOBS\03 - IA E-COMMERCE\EM_ANDAMENTO\2026-07-JULHO\IAC_240131000_Adega Midea 12 Garrafas Preta com LED MDRW066FGGGL3"
"240143100","IAC_240143100_Poltrona Reclinável Moderno 3 Posições Matrix Toro","G:\Drives compartilhados\OAK-WORKSPACE\01 - JOBS\03 - IA E-COMMERCE\EM_ANDAMENTO\2026-07-JULHO\IAC_240143100_Poltrona Reclinável Moderno 3 Posições Matrix Toro"
"240129500","IAC_240129500_Bicicleta de Equilíbrio Buba 18813 Verde","G:\Drives compartilhados\OAK-WORKSPACE\01 - JOBS\03 - IA E-COMMERCE\EM_ANDAMENTO\2026-07-JULHO\IAC_240129500_Bicicleta de Equilíbrio Buba 18813 Verde"
"240133300","IAC_240133300_Cômoda de Bebê 3 Gavetas Moveis Peroba Harmonia","G:\Drives compartilhados\OAK-WORKSPACE\01 - JOBS\03 - IA E-COMMERCE\EM_ANDAMENTO\2026-07-JULHO\IAC_240133300_Cômoda de Bebê 3 Gavetas Moveis Peroba Harmonia"
"240116900","IAC_240116900_Sofá 4 Lugares Retrátil Reclinável Veludo Vancouver Besthouse","G:\Drives compartilhados\OAK-WORKSPACE\01 - JOBS\03 - IA E-COMMERCE\EM_ANDAMENTO\2026-07-JULHO\IAC_240116900_Sofá 4 Lugares Retrátil Reclinável Veludo Vancouver Besthouse"
"240141200","IAC_240141200_Poltrona Decorativa Moderna Matrix Marselha","G:\Drives compartilhados\OAK-WORKSPACE\01 - JOBS\03 - IA E-COMMERCE\EM_ANDAMENTO\2026-07-JULHO\IAC_240141200_Poltrona Decorativa Moderna Matrix Marselha"
"240138700","IAC_240138700_Jogo de Panelas Neuhaus Revestimento Cerâmico de Alumínio Forjado Off White Fundo Triplo 8 Peças Ceramic Prime","G:\Drives compartilhados\OAK-WORKSPACE\01 - JOBS\03 - IA E-COMMERCE\EM_ANDAMENTO\2026-07-JULHO\IAC_240138700_Jogo de Panelas Neuhaus Revestimento Cerâmico de Alumínio Forjado Off White Fundo Triplo 8 Peças Ceramic Prime"
"240141500","IAC_240141500_Poltrona Decorativa Reclinável com Puff 3 Posições Matrix Montreal","G:\Drives compartilhados\OAK-WORKSPACE\01 - JOBS\03 - IA E-COMMERCE\EM_ANDAMENTO\2026-07-JULHO\IAC_240141500_Poltrona Decorativa Reclinável com Puff 3 Posições Matrix Montreal"
"240122000","IAC_240122000_Bicicleta Aro 29- Colli Viena Freio a Disco 21 Marchas","G:\Drives compartilhados\OAK-WORKSPACE\01 - JOBS\03 - IA E-COMMERCE\EM_ANDAMENTO\2026-07-JULHO\IAC_240122000_Bicicleta Aro 29- Colli Viena Freio a Disco 21 Marchas"
"240138600","IAC_240138600_Jogo de Panelas Neuhaus Revestimento Cerâmico de Alumínio Forjado Preto Fundo Triplo 8 Peças Ceramic Prime","G:\Drives compartilhados\OAK-WORKSPACE\01 - JOBS\03 - IA E-COMMERCE\EM_ANDAMENTO\2026-07-JULHO\IAC_240138600_Jogo de Panelas Neuhaus Revestimento Cerâmico de Alumínio Forjado Preto Fundo Triplo 8 Peças Ceramic Prime"
"240128300","IAC_240128300_Impressora Brother HLL1222V Laser Monocromática USB","G:\Drives compartilhados\OAK-WORKSPACE\01 - JOBS\03 - IA E-COMMERCE\EM_ANDAMENTO\2026-07-JULHO\IAC_240128300_Impressora Brother HLL1222V Laser Monocromática USB"
"240129600","IAC_240129600_Jogo Death Stranding 2- On The Beach, PS5 - 1000047637","G:\Drives compartilhados\OAK-WORKSPACE\01 - JOBS\03 - IA E-COMMERCE\EM_ANDAMENTO\2026-07-JULHO\IAC_240129600_Jogo Death Stranding 2- On The Beach, PS5 - 1000047637"
"240117800","IAC_240117800_Painel para TV até 65- DJ Móveis Mateo","G:\Drives compartilhados\OAK-WORKSPACE\01 - JOBS\03 - IA E-COMMERCE\EM_ANDAMENTO\2026-07-JULHO\IAC_240117800_Painel para TV até 65- DJ Móveis Mateo"
"240133500","IAC_240133500_Guarda-roupa 2 Gavetas 3 Portas Moveis Peroba Harmonia","G:\Drives compartilhados\OAK-WORKSPACE\01 - JOBS\03 - IA E-COMMERCE\EM_ANDAMENTO\2026-07-JULHO\IAC_240133500_Guarda-roupa 2 Gavetas 3 Portas Moveis Peroba Harmonia"
"240132500","IAC_240132500_Cômoda Infantil 3 Gavetas Moveis Peroba Magia","G:\Drives compartilhados\OAK-WORKSPACE\01 - JOBS\03 - IA E-COMMERCE\EM_ANDAMENTO\2026-07-JULHO\IAC_240132500_Cômoda Infantil 3 Gavetas Moveis Peroba Magia"
"240143200","IAC_240143200_Poltrona Decorativa Moderna Matrix Pequim","G:\Drives compartilhados\OAK-WORKSPACE\01 - JOBS\03 - IA E-COMMERCE\EM_ANDAMENTO\2026-07-JULHO\IAC_240143200_Poltrona Decorativa Moderna Matrix Pequim"
"240133400","IAC_240133400_Berço Branco Moveis Peroba Carinho","G:\Drives compartilhados\OAK-WORKSPACE\01 - JOBS\03 - IA E-COMMERCE\EM_ANDAMENTO\2026-07-JULHO\IAC_240133400_Berço Branco Moveis Peroba Carinho"
"240133100","IAC_240133100_Berço Mini Cama Branco e Amêndoa Móveis Peroba Magia","G:\Drives compartilhados\OAK-WORKSPACE\01 - JOBS\03 - IA E-COMMERCE\EM_ANDAMENTO\2026-07-JULHO\IAC_240133100_Berço Mini Cama Branco e Amêndoa Móveis Peroba Magia"
"240121600","IAC_240121600_Cômoda 6 Gavetas Demóbile Giardino","G:\Drives compartilhados\OAK-WORKSPACE\01 - JOBS\03 - IA E-COMMERCE\EM_ANDAMENTO\2026-07-JULHO\IAC_240121600_Cômoda 6 Gavetas Demóbile Giardino"
"240132900","IAC_240132900_Berço 4 em 1 Branco Moveis Peroba Confort Multi","G:\Drives compartilhados\OAK-WORKSPACE\01 - JOBS\03 - IA E-COMMERCE\EM_ANDAMENTO\2026-07-JULHO\IAC_240132900_Berço 4 em 1 Branco Moveis Peroba Confort Multi"
"240346900","IAC_240346900_Smartphone Realme C75 256GB Ouro 4G 8GB RAM 6,72- Câm. 50MP + Selfie 8MP","G:\Drives compartilhados\OAK-WORKSPACE\01 - JOBS\03 - IA E-COMMERCE\EM_ANDAMENTO\2026-07-JULHO\IAC_240346900_Smartphone Realme C75 256GB Ouro 4G 8GB RAM 6,72- Câm. 50MP + Selfie 8MP"
"240300000","IAC_240300000_Guarda-roupa Casal com Espelho 2 Gavetas 3 Portas de Correr Demobile Resi - Demóbile","G:\Drives compartilhados\OAK-WORKSPACE\01 - JOBS\03 - IA E-COMMERCE\EM_ANDAMENTO\2026-07-JULHO\IAC_240300000_Guarda-roupa Casal com Espelho 2 Gavetas 3 Portas de Correr Demobile Resi - Demóbile"
"240293400","IAC_240293400_Ferro de Passar Roupa a Vapor Philips Walita Série 5000 DST5030 Roxo e Preto DST5030-82","G:\Drives compartilhados\OAK-WORKSPACE\01 - JOBS\03 - IA E-COMMERCE\EM_ANDAMENTO\2026-07-JULHO\IAC_240293400_Ferro de Passar Roupa a Vapor Philips Walita Série 5000 DST5030 Roxo e Preto DST5030-82"
"240294300","IAC_240294300_Liquidificador Philips Walita Series 3000 HR2271-90 12 Velocidades 1200W Preto","G:\Drives compartilhados\OAK-WORKSPACE\01 - JOBS\03 - IA E-COMMERCE\EM_ANDAMENTO\2026-07-JULHO\IAC_240294300_Liquidificador Philips Walita Series 3000 HR2271-90 12 Velocidades 1200W Preto"
"240301400","IAC_240301400_Cama Box Conjugada Casal Umaflex de Mola Ensacada 52x138x188cm Manu","G:\Drives compartilhados\OAK-WORKSPACE\01 - JOBS\03 - IA E-COMMERCE\EM_ANDAMENTO\2026-07-JULHO\IAC_240301400_Cama Box Conjugada Casal Umaflex de Mola Ensacada 52x138x188cm Manu"
"240293900","IAC_240293900_Cafeteira Expresso Philips Walita Série 5500 LatteGo Preto e Cromado","G:\Drives compartilhados\OAK-WORKSPACE\01 - JOBS\03 - IA E-COMMERCE\EM_ANDAMENTO\2026-07-JULHO\IAC_240293900_Cafeteira Expresso Philips Walita Série 5500 LatteGo Preto e Cromado"
"240328400","IAC_240328400_Secador de Cabelo Taiff Profissional com Íons Preto 2100W 2 Velocidades Tourmaline Íon 389","G:\Drives compartilhados\OAK-WORKSPACE\01 - JOBS\03 - IA E-COMMERCE\EM_ANDAMENTO\2026-07-JULHO\IAC_240328400_Secador de Cabelo Taiff Profissional com Íons Preto 2100W 2 Velocidades Tourmaline Íon 389"
"240294400","IAC_240294400_Ferro de Passar Roupa a Vapor e a Seco Philips Walita Compact Essential PerfectCare Branco e Roxo GC6842-32","G:\Drives compartilhados\OAK-WORKSPACE\01 - JOBS\03 - IA E-COMMERCE\EM_ANDAMENTO\2026-07-JULHO\IAC_240294400_Ferro de Passar Roupa a Vapor e a Seco Philips Walita Compact Essential PerfectCare Branco e Roxo GC6842-32"
"240345700","IAC_240345700_Cama Box Conjugada Casal Umaflex de Espuma 138x52x188cm Carol","G:\Drives compartilhados\OAK-WORKSPACE\01 - JOBS\03 - IA E-COMMERCE\EM_ANDAMENTO\2026-07-JULHO\IAC_240345700_Cama Box Conjugada Casal Umaflex de Espuma 138x52x188cm Carol"
"240354600","IAC_240354600_Guarda-roupa Casal com Espelho 6 Gavetas 3 Portas de Correr Móveis Europa Bragança","G:\Drives compartilhados\OAK-WORKSPACE\01 - JOBS\03 - IA E-COMMERCE\EM_ANDAMENTO\2026-07-JULHO\IAC_240354600_Guarda-roupa Casal com Espelho 6 Gavetas 3 Portas de Correr Móveis Europa Bragança"
"240299800","IAC_240299800_Fralda Pampers Confort Sec Tamanho XG (11-15kg) 92 Unidades","G:\Drives compartilhados\OAK-WORKSPACE\01 - JOBS\03 - IA E-COMMERCE\EM_ANDAMENTO\2026-07-JULHO\IAC_240299800_Fralda Pampers Confort Sec Tamanho XG (11-15kg) 92 Unidades"
"240352300","IAC_240352300_Samsung Galaxy Watch8 Classic Smartwatch 46mm LTE, Galaxy AI, Tela em Cristal de Safira","G:\Drives compartilhados\OAK-WORKSPACE\01 - JOBS\03 - IA E-COMMERCE\EM_ANDAMENTO\2026-07-JULHO\IAC_240352300_Samsung Galaxy Watch8 Classic Smartwatch 46mm LTE, Galaxy AI, Tela em Cristal de Safira"
"240346100","IAC_240346100_Balcão de Cozinha Itatiaia 3 Portas 2 Gavetas Itafriz","G:\Drives compartilhados\OAK-WORKSPACE\01 - JOBS\03 - IA E-COMMERCE\EM_ANDAMENTO\2026-07-JULHO\IAC_240346100_Balcão de Cozinha Itatiaia 3 Portas 2 Gavetas Itafriz"
"240360800","IAC_240360800_Caixa de Som Chillibeans Boombox G JM3500 Bluetooth Amplificada Portátil 200W","G:\Drives compartilhados\OAK-WORKSPACE\01 - JOBS\03 - IA E-COMMERCE\EM_ANDAMENTO\2026-07-JULHO\IAC_240360800_Caixa de Som Chillibeans Boombox G JM3500 Bluetooth Amplificada Portátil 200W"
"240346300","IAC_240346300_Armário de Cozinha Compacta Itatiaia Itafriz 8 Portas","G:\Drives compartilhados\OAK-WORKSPACE\01 - JOBS\03 - IA E-COMMERCE\EM_ANDAMENTO\2026-07-JULHO\IAC_240346300_Armário de Cozinha Compacta Itatiaia Itafriz 8 Portas"
"240302700","IAC_240302700_Cozinha Infantil Completa Mega Toy Chef Brinquedo Com Acessórios Torneirinha Sai Água","G:\Drives compartilhados\OAK-WORKSPACE\01 - JOBS\03 - IA E-COMMERCE\EM_ANDAMENTO\2026-07-JULHO\IAC_240302700_Cozinha Infantil Completa Mega Toy Chef Brinquedo Com Acessórios Torneirinha Sai Água"
"240294600","IAC_240294600_Air Fryer Philips Walita Série 5000 AI551-09 Preto com Timer 12L","G:\Drives compartilhados\OAK-WORKSPACE\01 - JOBS\03 - IA E-COMMERCE\EM_ANDAMENTO\2026-07-JULHO\IAC_240294600_Air Fryer Philips Walita Série 5000 AI551-09 Preto com Timer 12L"
"240301700","IAC_240301700_Cama Box Conjugada Solteiro Umaflex de Mola Ensacada 52x88x188cm Manu","G:\Drives compartilhados\OAK-WORKSPACE\01 - JOBS\03 - IA E-COMMERCE\EM_ANDAMENTO\2026-07-JULHO\IAC_240301700_Cama Box Conjugada Solteiro Umaflex de Mola Ensacada 52x88x188cm Manu"
"240295100","IAC_240295100_Secador de Cabelo Philco Íon Tourmaline Dourado 1450W 3 Velocidades PSC3500","G:\Drives compartilhados\OAK-WORKSPACE\01 - JOBS\03 - IA E-COMMERCE\EM_ANDAMENTO\2026-07-JULHO\IAC_240295100_Secador de Cabelo Philco Íon Tourmaline Dourado 1450W 3 Velocidades PSC3500"
"240213300","IAC_240213300_Bicicleta de Equilíbrio Infantil Bandeirante Unicórnio Branca","G:\Drives compartilhados\OAK-WORKSPACE\01 - JOBS\03 - IA E-COMMERCE\EM_ANDAMENTO\2026-07-JULHO\IAC_240213300_Bicicleta de Equilíbrio Infantil Bandeirante Unicórnio Branca"
"240244200","IAC_240244200_Mixer 3 em 1 Oster 750W Inox e Preto Power OMIX570 Velocidade Ajustável","G:\Drives compartilhados\OAK-WORKSPACE\01 - JOBS\03 - IA E-COMMERCE\EM_ANDAMENTO\2026-07-JULHO\IAC_240244200_Mixer 3 em 1 Oster 750W Inox e Preto Power OMIX570 Velocidade Ajustável"
"240243000","IAC_240243000_Caixa de Som Bluetooth JBL Charge 6, Powerbank Integrado, IP67 Resistente à Água, Azul - JBLCHARGE6BLU","G:\Drives compartilhados\OAK-WORKSPACE\01 - JOBS\03 - IA E-COMMERCE\EM_ANDAMENTO\2026-07-JULHO\IAC_240243000_Caixa de Som Bluetooth JBL Charge 6, Powerbank Integrado, IP67 Resistente à Água, Azul - JBLCHARGE6BLU"
"240211200","IAC_240211200_Painel para TV até 42- Móveis Albatroz Wave","G:\Drives compartilhados\OAK-WORKSPACE\01 - JOBS\03 - IA E-COMMERCE\EM_ANDAMENTO\2026-07-JULHO\IAC_240211200_Painel para TV até 42- Móveis Albatroz Wave"
"240268100","IAC_240268100_Lava Louças Brastemp 14 serviços com Smart Sensor Branca BLF60AB","G:\Drives compartilhados\OAK-WORKSPACE\01 - JOBS\03 - IA E-COMMERCE\EM_ANDAMENTO\2026-07-JULHO\IAC_240268100_Lava Louças Brastemp 14 serviços com Smart Sensor Branca BLF60AB"
"240210900","IAC_240210900_Penteadeira com Espelho e LED Móveis Albatroz Aurea","G:\Drives compartilhados\OAK-WORKSPACE\01 - JOBS\03 - IA E-COMMERCE\EM_ANDAMENTO\2026-07-JULHO\IAC_240210900_Penteadeira com Espelho e LED Móveis Albatroz Aurea"
"240205200","IAC_240205200_Guarda-roupa Casal 6 Gavetas 6 Portas Móveis Lopas Bertha","G:\Drives compartilhados\OAK-WORKSPACE\01 - JOBS\03 - IA E-COMMERCE\EM_ANDAMENTO\2026-07-JULHO\IAC_240205200_Guarda-roupa Casal 6 Gavetas 6 Portas Móveis Lopas Bertha"
"240286900","IAC_240286900_Mesa de Jantar 6 Cadeiras 6 Lugares Retangular Mel Bronze e Off White Viero Móveis Vigo","G:\Drives compartilhados\OAK-WORKSPACE\01 - JOBS\03 - IA E-COMMERCE\EM_ANDAMENTO\2026-07-JULHO\IAC_240286900_Mesa de Jantar 6 Cadeiras 6 Lugares Retangular Mel Bronze e Off White Viero Móveis Vigo"
"240208200","IAC_240208200_Tablet Lenovo Tab ZAEH0151BR 4GB RAM 64GB 10,1- Android 14 MediaTek Helio G85 Octa-Core Wi-Fi Bluetooth","G:\Drives compartilhados\OAK-WORKSPACE\01 - JOBS\03 - IA E-COMMERCE\EM_ANDAMENTO\2026-07-JULHO\IAC_240208200_Tablet Lenovo Tab ZAEH0151BR 4GB RAM 64GB 10,1- Android 14 MediaTek Helio G85 Octa-Core Wi-Fi Bluetooth"
"240249100","IAC_240249100_Hipercalórico FTW Delicious Mass em Pó 3kg Cookies","G:\Drives compartilhados\OAK-WORKSPACE\01 - JOBS\03 - IA E-COMMERCE\EM_ANDAMENTO\2026-07-JULHO\IAC_240249100_Hipercalórico FTW Delicious Mass em Pó 3kg Cookies"
"240287100","IAC_240287100_Jogo de Panelas Rochedo de Alumínio Vanilla 5 Peças Ceramic Light Sand","G:\Drives compartilhados\OAK-WORKSPACE\01 - JOBS\03 - IA E-COMMERCE\EM_ANDAMENTO\2026-07-JULHO\IAC_240287100_Jogo de Panelas Rochedo de Alumínio Vanilla 5 Peças Ceramic Light Sand"
"240244900","IAC_240244900_Gerador de Energia a Gasolina Tramontina Monofásico 4T Partida Manual 1300W GGT1300M","G:\Drives compartilhados\OAK-WORKSPACE\01 - JOBS\03 - IA E-COMMERCE\EM_ANDAMENTO\2026-07-JULHO\IAC_240244900_Gerador de Energia a Gasolina Tramontina Monofásico 4T Partida Manual 1300W GGT1300M"
"240268600","IAC_240268600_Aspirador de Pó Portátil Electrolux com Filtro HEPA 1800W Experience EQP40","G:\Drives compartilhados\OAK-WORKSPACE\01 - JOBS\03 - IA E-COMMERCE\EM_ANDAMENTO\2026-07-JULHO\IAC_240268600_Aspirador de Pó Portátil Electrolux com Filtro HEPA 1800W Experience EQP40"
"240244600","IAC_240244600_Gerador de Energia a Gasolina Tramontina Monofásico 4T Partida Manual 3,5Hp GGT2000MI","G:\Drives compartilhados\OAK-WORKSPACE\01 - JOBS\03 - IA E-COMMERCE\EM_ANDAMENTO\2026-07-JULHO\IAC_240244600_Gerador de Energia a Gasolina Tramontina Monofásico 4T Partida Manual 3,5Hp GGT2000MI"
"240287900","IAC_240287900_Carrinho de Bebê Ivy Black Berço-Passeio e Moisés Galzerano","G:\Drives compartilhados\OAK-WORKSPACE\01 - JOBS\03 - IA E-COMMERCE\EM_ANDAMENTO\2026-07-JULHO\IAC_240287900_Carrinho de Bebê Ivy Black Berço-Passeio e Moisés Galzerano"
"240275800","IAC_240275800_Escova de Dente Elétrica Oral-B iO2, 1 Cabo + 1 Refil + Carregador","G:\Drives compartilhados\OAK-WORKSPACE\01 - JOBS\03 - IA E-COMMERCE\EM_ANDAMENTO\2026-07-JULHO\IAC_240275800_Escova de Dente Elétrica Oral-B iO2, 1 Cabo + 1 Refil + Carregador"
"240250000","IAC_240250000_Hipercalórico FTW Delicious Mass em Pó 3kg Morango com Chantily","G:\Drives compartilhados\OAK-WORKSPACE\01 - JOBS\03 - IA E-COMMERCE\EM_ANDAMENTO\2026-07-JULHO\IAC_240250000_Hipercalórico FTW Delicious Mass em Pó 3kg Morango com Chantily"
"240249500","IAC_240249500_Hipercalórico FTW Delicious Mass em Pó 3kg Creme de Avelã","G:\Drives compartilhados\OAK-WORKSPACE\01 - JOBS\03 - IA E-COMMERCE\EM_ANDAMENTO\2026-07-JULHO\IAC_240249500_Hipercalórico FTW Delicious Mass em Pó 3kg Creme de Avelã"
"240249000","IAC_240249000_Hipercalórico FTW Delicious Mass em Pó 3kg Banana com Açaí e Leite Condensado","G:\Drives compartilhados\OAK-WORKSPACE\01 - JOBS\03 - IA E-COMMERCE\EM_ANDAMENTO\2026-07-JULHO\IAC_240249000_Hipercalórico FTW Delicious Mass em Pó 3kg Banana com Açaí e Leite Condensado"
"240212400","IAC_240212400_Patinete Infantil 3 Rodas Bandeirante Skatenet Preto e Rosa","G:\Drives compartilhados\OAK-WORKSPACE\01 - JOBS\03 - IA E-COMMERCE\EM_ANDAMENTO\2026-07-JULHO\IAC_240212400_Patinete Infantil 3 Rodas Bandeirante Skatenet Preto e Rosa"
"240288100","IAC_240288100_Carrinho de Bebê Ivy Gold Berço-Passeio e Moisés Galzerano","G:\Drives compartilhados\OAK-WORKSPACE\01 - JOBS\03 - IA E-COMMERCE\EM_ANDAMENTO\2026-07-JULHO\IAC_240288100_Carrinho de Bebê Ivy Gold Berço-Passeio e Moisés Galzerano"
"240287800","IAC_240287800_Cadeirinha Musical de Balanço Bebê Encanto Gray - Galzerano","G:\Drives compartilhados\OAK-WORKSPACE\01 - JOBS\03 - IA E-COMMERCE\EM_ANDAMENTO\2026-07-JULHO\IAC_240287800_Cadeirinha Musical de Balanço Bebê Encanto Gray - Galzerano"
"240210700","IAC_240210700_Guarda-roupa Casal 4 Gavetas 6 Portas Móveis Albatroz Deville","G:\Drives compartilhados\OAK-WORKSPACE\01 - JOBS\03 - IA E-COMMERCE\EM_ANDAMENTO\2026-07-JULHO\IAC_240210700_Guarda-roupa Casal 4 Gavetas 6 Portas Móveis Albatroz Deville"
"240275600","IAC_240275600_Monitor 75Hz HD 5ms BRX Office MBRX21BK 21- LED HDMI","G:\Drives compartilhados\OAK-WORKSPACE\01 - JOBS\03 - IA E-COMMERCE\EM_ANDAMENTO\2026-07-JULHO\IAC_240275600_Monitor 75Hz HD 5ms BRX Office MBRX21BK 21- LED HDMI"
"240249300","IAC_240249300_Hipercalórico FTW Delicious Mass em Pó 3kg Chocolate","G:\Drives compartilhados\OAK-WORKSPACE\01 - JOBS\03 - IA E-COMMERCE\EM_ANDAMENTO\2026-07-JULHO\IAC_240249300_Hipercalórico FTW Delicious Mass em Pó 3kg Chocolate"
"240244700","IAC_240244700_Gerador de Energia a Gasolina Tramontina Monofásico 4T Partida Manual 3,5Hp GGT2000MI","G:\Drives compartilhados\OAK-WORKSPACE\01 - JOBS\03 - IA E-COMMERCE\EM_ANDAMENTO\2026-07-JULHO\IAC_240244700_Gerador de Energia a Gasolina Tramontina Monofásico 4T Partida Manual 3,5Hp GGT2000MI"
"240286800","IAC_240286800_Mesa de Jantar 4 Cadeiras 4 Lugares Retangular Mel Bronze e Off White Viero Móveis Vigo","G:\Drives compartilhados\OAK-WORKSPACE\01 - JOBS\03 - IA E-COMMERCE\EM_ANDAMENTO\2026-07-JULHO\IAC_240286800_Mesa de Jantar 4 Cadeiras 4 Lugares Retangular Mel Bronze e Off White Viero Móveis Vigo"
"240244800","IAC_240244800_Gerador de Energia a Gasolina Tramontina Monofásico 4T Partida Manual 1300W GGT1300M","G:\Drives compartilhados\OAK-WORKSPACE\01 - JOBS\03 - IA E-COMMERCE\EM_ANDAMENTO\2026-07-JULHO\IAC_240244800_Gerador de Energia a Gasolina Tramontina Monofásico 4T Partida Manual 1300W GGT1300M"
"240431000","IAC_240431000_Guarda-roupa Casal com Espelho 6 Gavetas 6 Portas Moval Móveis Crystal San Francisco","G:\Drives compartilhados\OAK-WORKSPACE\01 - JOBS\03 - IA E-COMMERCE\EM_ANDAMENTO\2026-07-JULHO\IAC_240431000_Guarda-roupa Casal com Espelho 6 Gavetas 6 Portas Moval Móveis Crystal San Francisco"
"240422400","IAC_240422400_Cadeira de Alimentação Infantil Burigotto Poke Night Sky","G:\Drives compartilhados\OAK-WORKSPACE\01 - JOBS\03 - IA E-COMMERCE\EM_ANDAMENTO\2026-07-JULHO\IAC_240422400_Cadeira de Alimentação Infantil Burigotto Poke Night Sky"
"240421200","IAC_240421200_Carrinho De Bebê CR3 Gray Cobre Dobrável 3 Rodas Burigotto","G:\Drives compartilhados\OAK-WORKSPACE\01 - JOBS\03 - IA E-COMMERCE\EM_ANDAMENTO\2026-07-JULHO\IAC_240421200_Carrinho De Bebê CR3 Gray Cobre Dobrável 3 Rodas Burigotto"
"240369700","IAC_240369700_Carrinho de Bebê Safety 1st Spark Plus até 22kg","G:\Drives compartilhados\OAK-WORKSPACE\01 - JOBS\03 - IA E-COMMERCE\EM_ANDAMENTO\2026-07-JULHO\IAC_240369700_Carrinho de Bebê Safety 1st Spark Plus até 22kg"
"240414500","IAC_240414500_Liquidificador Portátil Ninja Blast BC100BK Preto","G:\Drives compartilhados\OAK-WORKSPACE\01 - JOBS\03 - IA E-COMMERCE\EM_ANDAMENTO\2026-07-JULHO\IAC_240414500_Liquidificador Portátil Ninja Blast BC100BK Preto"
"240423000","IAC_240423000_Banheira Com Trocador Burigotto Splash+ Granito 20Kg Dobrável","G:\Drives compartilhados\OAK-WORKSPACE\01 - JOBS\03 - IA E-COMMERCE\EM_ANDAMENTO\2026-07-JULHO\IAC_240423000_Banheira Com Trocador Burigotto Splash+ Granito 20Kg Dobrável"
"240418700","IAC_240418700_Pneu 15- 185-60R15 Goodyear 88H Direction 2","G:\Drives compartilhados\OAK-WORKSPACE\01 - JOBS\03 - IA E-COMMERCE\EM_ANDAMENTO\2026-07-JULHO\IAC_240418700_Pneu 15- 185-60R15 Goodyear 88H Direction 2"
"240413800","IAC_240413800_Secador e Modelador Shark FlexStyle Teal Multifunções 5 em 1 Edição Limitada - 41332506","G:\Drives compartilhados\OAK-WORKSPACE\01 - JOBS\03 - IA E-COMMERCE\EM_ANDAMENTO\2026-07-JULHO\IAC_240413800_Secador e Modelador Shark FlexStyle Teal Multifunções 5 em 1 Edição Limitada - 41332506"
"240387600","IAC_240387600_Mixer 3 em 1 Wap Polímeros e Metais 600W Prosdócimo FW010138","G:\Drives compartilhados\OAK-WORKSPACE\01 - JOBS\03 - IA E-COMMERCE\EM_ANDAMENTO\2026-07-JULHO\IAC_240387600_Mixer 3 em 1 Wap Polímeros e Metais 600W Prosdócimo FW010138"
"240420000","IAC_240420000_Monitor Gamer AOC Gaming 24G42HE 23,8- FHD 200Hz IPS 0,3ms HDMI DisplayPort NVIDIA G-Sync","G:\Drives compartilhados\OAK-WORKSPACE\01 - JOBS\03 - IA E-COMMERCE\EM_ANDAMENTO\2026-07-JULHO\IAC_240420000_Monitor Gamer AOC Gaming 24G42HE 23,8- FHD 200Hz IPS 0,3ms HDMI DisplayPort NVIDIA G-Sync"
"240418900","IAC_240418900_Pneu 17- 215-55R17 Goodyear 94V EfficientGrip","G:\Drives compartilhados\OAK-WORKSPACE\01 - JOBS\03 - IA E-COMMERCE\EM_ANDAMENTO\2026-07-JULHO\IAC_240418900_Pneu 17- 215-55R17 Goodyear 94V EfficientGrip"
"240388000","IAC_240388000_Liquidificador Wap Prosdócimo WB2000 Preto e Cinza 2L FW010340","G:\Drives compartilhados\OAK-WORKSPACE\01 - JOBS\03 - IA E-COMMERCE\EM_ANDAMENTO\2026-07-JULHO\IAC_240388000_Liquidificador Wap Prosdócimo WB2000 Preto e Cinza 2L FW010340"
"240365900","IAC_240365900_Ar-condicionado Split 12.000 BTUs Midea Carrier Inverter Frio AI Ecomaster 38EZVCA12M5","G:\Drives compartilhados\OAK-WORKSPACE\01 - JOBS\03 - IA E-COMMERCE\EM_ANDAMENTO\2026-07-JULHO\IAC_240365900_Ar-condicionado Split 12.000 BTUs Midea Carrier Inverter Frio AI Ecomaster 38EZVCA12M5"
"240420700","IAC_240420700_Banheira Dobrável Burigotto Splash+ Rose Madder Com Trocador","G:\Drives compartilhados\OAK-WORKSPACE\01 - JOBS\03 - IA E-COMMERCE\EM_ANDAMENTO\2026-07-JULHO\IAC_240420700_Banheira Dobrável Burigotto Splash+ Rose Madder Com Trocador"
"240414900","IAC_240414900_Secador de Cabelo Shark Branco 1700W 3 Velocidades Speedstyle Cacheados e Crespos","G:\Drives compartilhados\OAK-WORKSPACE\01 - JOBS\03 - IA E-COMMERCE\EM_ANDAMENTO\2026-07-JULHO\IAC_240414900_Secador de Cabelo Shark Branco 1700W 3 Velocidades Speedstyle Cacheados e Crespos"
"240422000","IAC_240422000_Berço Portátil Sonata Gray Burigotto Chiqueiro Cercado Bebê","G:\Drives compartilhados\OAK-WORKSPACE\01 - JOBS\03 - IA E-COMMERCE\EM_ANDAMENTO\2026-07-JULHO\IAC_240422000_Berço Portátil Sonata Gray Burigotto Chiqueiro Cercado Bebê"
"240424500","IAC_240424500_Guarda-roupa Casal 6 Gavetas 6 Portas Caemmun Coari","G:\Drives compartilhados\OAK-WORKSPACE\01 - JOBS\03 - IA E-COMMERCE\EM_ANDAMENTO\2026-07-JULHO\IAC_240424500_Guarda-roupa Casal 6 Gavetas 6 Portas Caemmun Coari"
"240422200","IAC_240422200_Carrinho de Bebê e Passeio Lui Preto Cobre Burigotto","G:\Drives compartilhados\OAK-WORKSPACE\01 - JOBS\03 - IA E-COMMERCE\EM_ANDAMENTO\2026-07-JULHO\IAC_240422200_Carrinho de Bebê e Passeio Lui Preto Cobre Burigotto"
"240421900","IAC_240421900_Carrinho c- Bebê Conforto Travel System LUI Cobre Burigotto","G:\Drives compartilhados\OAK-WORKSPACE\01 - JOBS\03 - IA E-COMMERCE\EM_ANDAMENTO\2026-07-JULHO\IAC_240421900_Carrinho c- Bebê Conforto Travel System LUI Cobre Burigotto"
"240422300","IAC_240422300_Cadeirinha Infantil Reclinável p- Carro 4 Road Burigotto","G:\Drives compartilhados\OAK-WORKSPACE\01 - JOBS\03 - IA E-COMMERCE\EM_ANDAMENTO\2026-07-JULHO\IAC_240422300_Cadeirinha Infantil Reclinável p- Carro 4 Road Burigotto"
"240356500","IAC_240356500_Blender Amvox ALQ 0108 220W Preto","G:\Drives compartilhados\OAK-WORKSPACE\01 - JOBS\03 - IA E-COMMERCE\EM_ANDAMENTO\2026-07-JULHO\IAC_240356500_Blender Amvox ALQ 0108 220W Preto"
"240388200","IAC_240388200_Cafeteira Elétrica Wap Aroma WCD1500 38 Xícaras Preto e Cinza FW010084","G:\Drives compartilhados\OAK-WORKSPACE\01 - JOBS\03 - IA E-COMMERCE\EM_ANDAMENTO\2026-07-JULHO\IAC_240388200_Cafeteira Elétrica Wap Aroma WCD1500 38 Xícaras Preto e Cinza FW010084"
"240445400","IAC_240445400_Mesa de Jantar 6 Cadeiras Retangular Frassino e Off White Móveis Lopas Apogeu","G:\Drives compartilhados\OAK-WORKSPACE\01 - JOBS\03 - IA E-COMMERCE\EM_ANDAMENTO\2026-07-JULHO\IAC_240445400_Mesa de Jantar 6 Cadeiras Retangular Frassino e Off White Móveis Lopas Apogeu"
"240440700","IAC_240440700_Ar-Condicionado LG AI Smart Inverter Voice 12.000 BTU Frio 220V S3-Q12JA31E","G:\Drives compartilhados\OAK-WORKSPACE\01 - JOBS\03 - IA E-COMMERCE\EM_ANDAMENTO\2026-07-JULHO\IAC_240440700_Ar-Condicionado LG AI Smart Inverter Voice 12.000 BTU Frio 220V S3-Q12JA31E"
"240467900","IAC_240467900_Liquidificador Electrolux EBL1300 12 Velocidades 1300W Preto 4612AVBR404","G:\Drives compartilhados\OAK-WORKSPACE\01 - JOBS\03 - IA E-COMMERCE\EM_ANDAMENTO\2026-07-JULHO\IAC_240467900_Liquidificador Electrolux EBL1300 12 Velocidades 1300W Preto 4612AVBR404"
"240450900","IAC_240450900_Bicicleta Aro 29- Colli 16 Marchas Freio Hidráulico Câmbio Shimano","G:\Drives compartilhados\OAK-WORKSPACE\01 - JOBS\03 - IA E-COMMERCE\EM_ANDAMENTO\2026-07-JULHO\IAC_240450900_Bicicleta Aro 29- Colli 16 Marchas Freio Hidráulico Câmbio Shimano"
"240450500","IAC_240450500_Bicicleta de Equilíbrio Infantil Colli Balance Rosa","G:\Drives compartilhados\OAK-WORKSPACE\01 - JOBS\03 - IA E-COMMERCE\EM_ANDAMENTO\2026-07-JULHO\IAC_240450500_Bicicleta de Equilíbrio Infantil Colli Balance Rosa"
"240452700","IAC_240452700_Mesa de Jantar 4 Cadeiras Retangular Cinamomo-Off White Destak Móveis São Carlos","G:\Drives compartilhados\OAK-WORKSPACE\01 - JOBS\03 - IA E-COMMERCE\EM_ANDAMENTO\2026-07-JULHO\IAC_240452700_Mesa de Jantar 4 Cadeiras Retangular Cinamomo-Off White Destak Móveis São Carlos"
"240455100","IAC_240455100_Soundbar JBL Bar 500 com 5.1 Canais Wireless 375W RMS, Tecnologia MultiBeam 3.0 e Dolby Atmos","G:\Drives compartilhados\OAK-WORKSPACE\01 - JOBS\03 - IA E-COMMERCE\EM_ANDAMENTO\2026-07-JULHO\IAC_240455100_Soundbar JBL Bar 500 com 5.1 Canais Wireless 375W RMS, Tecnologia MultiBeam 3.0 e Dolby Atmos"
"240450700","IAC_240450700_Bicicleta Aro 29- Colli 16 Marchas Freio Hidráulico Câmbio Shimano","G:\Drives compartilhados\OAK-WORKSPACE\01 - JOBS\03 - IA E-COMMERCE\EM_ANDAMENTO\2026-07-JULHO\IAC_240450700_Bicicleta Aro 29- Colli 16 Marchas Freio Hidráulico Câmbio Shimano"
"240452500","IAC_240452500_Mesa de Jantar com 6 Cadeiras Retangular Cinamomo-Off White Destak Móveis São Carlos","G:\Drives compartilhados\OAK-WORKSPACE\01 - JOBS\03 - IA E-COMMERCE\EM_ANDAMENTO\2026-07-JULHO\IAC_240452500_Mesa de Jantar com 6 Cadeiras Retangular Cinamomo-Off White Destak Móveis São Carlos"
"240451200","IAC_240451200_Bicicleta 29- Colli Cazelle Oregon Freio a Disco 21 Marchas","G:\Drives compartilhados\OAK-WORKSPACE\01 - JOBS\03 - IA E-COMMERCE\EM_ANDAMENTO\2026-07-JULHO\IAC_240451200_Bicicleta 29- Colli Cazelle Oregon Freio a Disco 21 Marchas"
"240454300","IAC_240454300_Ferro de Passar a Vapor Philco PFV71 Verde e Branco","G:\Drives compartilhados\OAK-WORKSPACE\01 - JOBS\03 - IA E-COMMERCE\EM_ANDAMENTO\2026-07-JULHO\IAC_240454300_Ferro de Passar a Vapor Philco PFV71 Verde e Branco"
"240430700","IAC_240430700_Guarda-roupa Casal com Espelho 4 Gavetas 10 Portas Moval Móveis Crystal Alasca","G:\Drives compartilhados\OAK-WORKSPACE\01 - JOBS\03 - IA E-COMMERCE\EM_ANDAMENTO\2026-07-JULHO\IAC_240430700_Guarda-roupa Casal com Espelho 4 Gavetas 10 Portas Moval Móveis Crystal Alasca"
"240429200","IAC_240429200_Climatizador Portátil 3 em 1 Big Air Elgin 65 Litros 220V","G:\Drives compartilhados\OAK-WORKSPACE\01 - JOBS\03 - IA E-COMMERCE\EM_ANDAMENTO\2026-07-JULHO\IAC_240429200_Climatizador Portátil 3 em 1 Big Air Elgin 65 Litros 220V"
"240424700","IAC_240424700_Guarda-roupa Casal 6 Gavetas 6 Portas Caemmun Coari","G:\Drives compartilhados\OAK-WORKSPACE\01 - JOBS\03 - IA E-COMMERCE\EM_ANDAMENTO\2026-07-JULHO\IAC_240424700_Guarda-roupa Casal 6 Gavetas 6 Portas Caemmun Coari"
"240430400","IAC_240430400_Guarda-roupa Solteiro com Espelho 3 Gavetas 2  Portas de Correr Moval Móveis Inspiração Colorado","G:\Drives compartilhados\OAK-WORKSPACE\01 - JOBS\03 - IA E-COMMERCE\EM_ANDAMENTO\2026-07-JULHO\IAC_240430400_Guarda-roupa Solteiro com Espelho 3 Gavetas 2  Portas de Correr Moval Móveis Inspiração Colorado"
"240430200","IAC_240430200_Fone de Ouvido Bluetooth Moto Buds Loop PG38C07170 com Microfone Champagne","G:\Drives compartilhados\OAK-WORKSPACE\01 - JOBS\03 - IA E-COMMERCE\EM_ANDAMENTO\2026-07-JULHO\IAC_240430200_Fone de Ouvido Bluetooth Moto Buds Loop PG38C07170 com Microfone Champagne"
"240429600","IAC_240429600_Adega Midea 24 Garrafas com Compressor Preto com LED MDRW110FGGGL3","G:\Drives compartilhados\OAK-WORKSPACE\01 - JOBS\03 - IA E-COMMERCE\EM_ANDAMENTO\2026-07-JULHO\IAC_240429600_Adega Midea 24 Garrafas com Compressor Preto com LED MDRW110FGGGL3"
"240430500","IAC_240430500_Guarda-roupa Casal com Espelho 6 Gavetas 3 Portas Moval Móveis Inspiração Arizona","G:\Drives compartilhados\OAK-WORKSPACE\01 - JOBS\03 - IA E-COMMERCE\EM_ANDAMENTO\2026-07-JULHO\IAC_240430500_Guarda-roupa Casal com Espelho 6 Gavetas 3 Portas Moval Móveis Inspiração Arizona"
"240435900","IAC_240435900_Colchão King Gazin de Molas Ensacadas 35x193x203cm Veneza","G:\Drives compartilhados\OAK-WORKSPACE\01 - JOBS\03 - IA E-COMMERCE\EM_ANDAMENTO\2026-07-JULHO\IAC_240435900_Colchão King Gazin de Molas Ensacadas 35x193x203cm Veneza"
"240424800","IAC_240424800_Guarda-roupa Solteiro 3 Gavetas 4 Portas Caemmun Francis","G:\Drives compartilhados\OAK-WORKSPACE\01 - JOBS\03 - IA E-COMMERCE\EM_ANDAMENTO\2026-07-JULHO\IAC_240424800_Guarda-roupa Solteiro 3 Gavetas 4 Portas Caemmun Francis"
"240448000","IAC_240448000_Carrinho de Bebê Alça Reversível com Base e Bebê Conforto Cosco Kids Reverse Trio até 15kg","G:\Drives compartilhados\OAK-WORKSPACE\01 - JOBS\03 - IA E-COMMERCE\EM_ANDAMENTO\2026-07-JULHO\IAC_240448000_Carrinho de Bebê Alça Reversível com Base e Bebê Conforto Cosco Kids Reverse Trio até 15kg"
"240439600","IAC_240439600_Travessa de Vidro com Tampa Retangular 41x6,5x26cm Pasabahce Borcam","G:\Drives compartilhados\OAK-WORKSPACE\01 - JOBS\03 - IA E-COMMERCE\EM_ANDAMENTO\2026-07-JULHO\IAC_240439600_Travessa de Vidro com Tampa Retangular 41x6,5x26cm Pasabahce Borcam"
"240438800","IAC_240438800_Aparador Buffet Moderno 4 Portas Aramóveis Lis","G:\Drives compartilhados\OAK-WORKSPACE\01 - JOBS\03 - IA E-COMMERCE\EM_ANDAMENTO\2026-07-JULHO\IAC_240438800_Aparador Buffet Moderno 4 Portas Aramóveis Lis"
"240436000","IAC_240436000_Colchão Queen Gazin de Molas Ensacadas 35x158x198cm Veneza","G:\Drives compartilhados\OAK-WORKSPACE\01 - JOBS\03 - IA E-COMMERCE\EM_ANDAMENTO\2026-07-JULHO\IAC_240436000_Colchão Queen Gazin de Molas Ensacadas 35x158x198cm Veneza"
"240448800","IAC_240448800_Carrinho de Bebê Alça Reversível com Base e Bebê Conforto Cosco Kids Reverse Trio até 15kg","G:\Drives compartilhados\OAK-WORKSPACE\01 - JOBS\03 - IA E-COMMERCE\EM_ANDAMENTO\2026-07-JULHO\IAC_240448800_Carrinho de Bebê Alça Reversível com Base e Bebê Conforto Cosco Kids Reverse Trio até 15kg"
"240438900","IAC_240438900_Armário com Fruteira 1 Gaveta 2 Portas Aramóveis Lia","G:\Drives compartilhados\OAK-WORKSPACE\01 - JOBS\03 - IA E-COMMERCE\EM_ANDAMENTO\2026-07-JULHO\IAC_240438900_Armário com Fruteira 1 Gaveta 2 Portas Aramóveis Lia"
"240441000","IAC_240441000_Ar Condicionado Split LG Inverter Smart AI 9000 BTU-h Frio S3-Q09JA31E - 220 Volts","G:\Drives compartilhados\OAK-WORKSPACE\01 - JOBS\03 - IA E-COMMERCE\EM_ANDAMENTO\2026-07-JULHO\IAC_240441000_Ar Condicionado Split LG Inverter Smart AI 9000 BTU-h Frio S3-Q09JA31E - 220 Volts"
"240439100","IAC_240439100_Mesa de Jantar 4 Cadeiras Retangular Madeira Maciça com vidro Nesher Donna","G:\Drives compartilhados\OAK-WORKSPACE\01 - JOBS\03 - IA E-COMMERCE\EM_ANDAMENTO\2026-07-JULHO\IAC_240439100_Mesa de Jantar 4 Cadeiras Retangular Madeira Maciça com vidro Nesher Donna"
"240572300","IAC_240572300_Cama de Solteiro Móveis Lopas Loop Branca","G:\Drives compartilhados\OAK-WORKSPACE\01 - JOBS\03 - IA E-COMMERCE\EM_ANDAMENTO\2026-07-JULHO\IAC_240572300_Cama de Solteiro Móveis Lopas Loop Branca"
"240562800","IAC_240562800_Colchão Queen Ortobom de Molas Ensacadas 31x158x198cm Ventury Visco","G:\Drives compartilhados\OAK-WORKSPACE\01 - JOBS\03 - IA E-COMMERCE\EM_ANDAMENTO\2026-07-JULHO\IAC_240562800_Colchão Queen Ortobom de Molas Ensacadas 31x158x198cm Ventury Visco"
"240563100","IAC_240563100_Colchão Casal Ortobom de Molas Ensacadas 31x138x188cm Ventury Visco","G:\Drives compartilhados\OAK-WORKSPACE\01 - JOBS\03 - IA E-COMMERCE\EM_ANDAMENTO\2026-07-JULHO\IAC_240563100_Colchão Casal Ortobom de Molas Ensacadas 31x138x188cm Ventury Visco"
"240572100","IAC_240572100_Cama de Casal Móveis Lopas Loop Amêndoa Clean e Corano Bege","G:\Drives compartilhados\OAK-WORKSPACE\01 - JOBS\03 - IA E-COMMERCE\EM_ANDAMENTO\2026-07-JULHO\IAC_240572100_Cama de Casal Móveis Lopas Loop Amêndoa Clean e Corano Bege"
"240562900","IAC_240562900_Base Cama Box Casal Ortobom 30x138x188cm Ventury","G:\Drives compartilhados\OAK-WORKSPACE\01 - JOBS\03 - IA E-COMMERCE\EM_ANDAMENTO\2026-07-JULHO\IAC_240562900_Base Cama Box Casal Ortobom 30x138x188cm Ventury"
"240563000","IAC_240563000_Base Cama Box Queen Ortobom 30x158x198cm Ventury","G:\Drives compartilhados\OAK-WORKSPACE\01 - JOBS\03 - IA E-COMMERCE\EM_ANDAMENTO\2026-07-JULHO\IAC_240563000_Base Cama Box Queen Ortobom 30x158x198cm Ventury"
"240570400","IAC_240570400_Panela de Arroz Elétrica 5 Xícaras Gaabor Orion RC20M-YE01A","G:\Drives compartilhados\OAK-WORKSPACE\01 - JOBS\03 - IA E-COMMERCE\EM_ANDAMENTO\2026-07-JULHO\IAC_240570400_Panela de Arroz Elétrica 5 Xícaras Gaabor Orion RC20M-YE01A"
"240558500","IAC_240558500_Cadeirinha para Auto com Isofix Safety 1st Orbital 360 i-Size 0 a 36kg Múltiplas Posições","G:\Drives compartilhados\OAK-WORKSPACE\01 - JOBS\03 - IA E-COMMERCE\EM_ANDAMENTO\2026-07-JULHO\IAC_240558500_Cadeirinha para Auto com Isofix Safety 1st Orbital 360 i-Size 0 a 36kg Múltiplas Posições"
"240557900","IAC_240557900_Bebê Conforto Cosco Kids Wizz com Base até 13kg","G:\Drives compartilhados\OAK-WORKSPACE\01 - JOBS\03 - IA E-COMMERCE\EM_ANDAMENTO\2026-07-JULHO\IAC_240557900_Bebê Conforto Cosco Kids Wizz com Base até 13kg"
"240450800","IAC_240450800_Bicicleta 29- Colli Hills Mountain Bike 16 Marchas Câmbio Shimano","G:\Drives compartilhados\OAK-WORKSPACE\01 - JOBS\03 - IA E-COMMERCE\EM_ANDAMENTO\2026-07-JULHO\IAC_240450800_Bicicleta 29- Colli Hills Mountain Bike 16 Marchas Câmbio Shimano"
"240557800","IAC_240557800_Carrinho de Bebê com Bebê Conforto Cosco Kids Lummy Trio até 22kg","G:\Drives compartilhados\OAK-WORKSPACE\01 - JOBS\03 - IA E-COMMERCE\EM_ANDAMENTO\2026-07-JULHO\IAC_240557800_Carrinho de Bebê com Bebê Conforto Cosco Kids Lummy Trio até 22kg"
"240559100","IAC_240559100_Carrinho de Bebê Cosco Kids Reverse até 15kg","G:\Drives compartilhados\OAK-WORKSPACE\01 - JOBS\03 - IA E-COMMERCE\EM_ANDAMENTO\2026-07-JULHO\IAC_240559100_Carrinho de Bebê Cosco Kids Reverse até 15kg"
"240556500","IAC_240556500_Carrinho de Bebê com Bebê Conforto e Base 3 em 1 Cosco Kids Toffy Trio 3 Rodas até 15kg","G:\Drives compartilhados\OAK-WORKSPACE\01 - JOBS\03 - IA E-COMMERCE\EM_ANDAMENTO\2026-07-JULHO\IAC_240556500_Carrinho de Bebê com Bebê Conforto e Base 3 em 1 Cosco Kids Toffy Trio 3 Rodas até 15kg"
"240473900","IAC_240473900_Batata Pringles Netflix Stranger Things Carne Defumada com Alho 100g","G:\Drives compartilhados\OAK-WORKSPACE\01 - JOBS\03 - IA E-COMMERCE\EM_ANDAMENTO\2026-07-JULHO\IAC_240473900_Batata Pringles Netflix Stranger Things Carne Defumada com Alho 100g"
"240557000","IAC_240557000_Assento de Elevação Safety 1st Elev i-Size Altura Regulável 15 a 36kg Preto","G:\Drives compartilhados\OAK-WORKSPACE\01 - JOBS\03 - IA E-COMMERCE\EM_ANDAMENTO\2026-07-JULHO\IAC_240557000_Assento de Elevação Safety 1st Elev i-Size Altura Regulável 15 a 36kg Preto"
"240552800","IAC_240552800_Bicicleta de Equilíbrio Infantil TK3 Track Ranger Azul Zimbro e Preto com Cestinha","G:\Drives compartilhados\OAK-WORKSPACE\01 - JOBS\03 - IA E-COMMERCE\EM_ANDAMENTO\2026-07-JULHO\IAC_240552800_Bicicleta de Equilíbrio Infantil TK3 Track Ranger Azul Zimbro e Preto com Cestinha"
"240554900","IAC_240554900_Ventilador Britânia Mesa Maxx Force 8 pás 174W Preto 127V","G:\Drives compartilhados\OAK-WORKSPACE\01 - JOBS\03 - IA E-COMMERCE\EM_ANDAMENTO\2026-07-JULHO\IAC_240554900_Ventilador Britânia Mesa Maxx Force 8 pás 174W Preto 127V"
"240471200","IAC_240471200_Caixa de Som Portátil JBL Go Essential 2, Bluetooth, 3.1W RMS, À Prova d'Água, Bateria de até 5 Horas, Azul - JBLGOES2BLUBR","G:\Drives compartilhados\OAK-WORKSPACE\01 - JOBS\03 - IA E-COMMERCE\EM_ANDAMENTO\2026-07-JULHO\IAC_240471200_Caixa de Som Portátil JBL Go Essential 2, Bluetooth, 3.1W RMS, À Prova d'Água, Bateria de até 5 Horas, Azul - JBLGOES2BLUBR"
"240579900","IAC_240579900_Aparelho de Jantar Chá 20 Peças Biona Redondo Cerâmica Retrô Blush","G:\Drives compartilhados\OAK-WORKSPACE\01 - JOBS\03 - IA E-COMMERCE\EM_ANDAMENTO\2026-07-JULHO\IAC_240579900_Aparelho de Jantar Chá 20 Peças Biona Redondo Cerâmica Retrô Blush"
"240591100","IAC_240591100_Sofá 5 Lugares Retrátil Reclinável Veludo Olimpo Next Sofás","G:\Drives compartilhados\OAK-WORKSPACE\01 - JOBS\03 - IA E-COMMERCE\EM_ANDAMENTO\2026-07-JULHO\IAC_240591100_Sofá 5 Lugares Retrátil Reclinável Veludo Olimpo Next Sofás"
"240604400","IAC_240604400_Liquidificador Arno Power Max XXL 2200 Cinza LN87","G:\Drives compartilhados\OAK-WORKSPACE\01 - JOBS\03 - IA E-COMMERCE\EM_ANDAMENTO\2026-07-JULHO\IAC_240604400_Liquidificador Arno Power Max XXL 2200 Cinza LN87"
"240573700","IAC_240573700_Mesa de Cabeceira 2 Gavetas Loop Móveis Lopas","G:\Drives compartilhados\OAK-WORKSPACE\01 - JOBS\03 - IA E-COMMERCE\EM_ANDAMENTO\2026-07-JULHO\IAC_240573700_Mesa de Cabeceira 2 Gavetas Loop Móveis Lopas"
"240572700","IAC_240572700_Guarda-roupa 6 Gavetas 6 Portas Móveis Lopas Casal Loop","G:\Drives compartilhados\OAK-WORKSPACE\01 - JOBS\03 - IA E-COMMERCE\EM_ANDAMENTO\2026-07-JULHO\IAC_240572700_Guarda-roupa 6 Gavetas 6 Portas Móveis Lopas Casal Loop"
"240572600","IAC_240572600_Cama de Solteiro com Cama Auxiliar Móveis Lopas Loop Amêndoa Clean e Corano Bege","G:\Drives compartilhados\OAK-WORKSPACE\01 - JOBS\03 - IA E-COMMERCE\EM_ANDAMENTO\2026-07-JULHO\IAC_240572600_Cama de Solteiro com Cama Auxiliar Móveis Lopas Loop Amêndoa Clean e Corano Bege"
"240573400","IAC_240573400_Guarda-roupa Casal com Espelho 6 Gavetas 6 Portas Móveis Lopas Imperatore","G:\Drives compartilhados\OAK-WORKSPACE\01 - JOBS\03 - IA E-COMMERCE\EM_ANDAMENTO\2026-07-JULHO\IAC_240573400_Guarda-roupa Casal com Espelho 6 Gavetas 6 Portas Móveis Lopas Imperatore"
"240579700","IAC_240579700_Aparelho de Jantar e Chá 30 Peças Biona Redondo Cerâmica Trama Mostarda Oxford","G:\Drives compartilhados\OAK-WORKSPACE\01 - JOBS\03 - IA E-COMMERCE\EM_ANDAMENTO\2026-07-JULHO\IAC_240579700_Aparelho de Jantar e Chá 30 Peças Biona Redondo Cerâmica Trama Mostarda Oxford"
"240573500","IAC_240573500_Cama de Casal Móveis Lopas Loop Amêndoa Clean e Corano Bege","G:\Drives compartilhados\OAK-WORKSPACE\01 - JOBS\03 - IA E-COMMERCE\EM_ANDAMENTO\2026-07-JULHO\IAC_240573500_Cama de Casal Móveis Lopas Loop Amêndoa Clean e Corano Bege"
"240579800","IAC_240579800_Aparelho de Jantar e Chá 20 Peças Biona Redondo Cerâmica Donna 24 Marsála Oxford","G:\Drives compartilhados\OAK-WORKSPACE\01 - JOBS\03 - IA E-COMMERCE\EM_ANDAMENTO\2026-07-JULHO\IAC_240579800_Aparelho de Jantar e Chá 20 Peças Biona Redondo Cerâmica Donna 24 Marsála Oxford"
"240573600","IAC_240573600_Cômoda Multiuso 8 Gavetas Móveis Lopas Loop","G:\Drives compartilhados\OAK-WORKSPACE\01 - JOBS\03 - IA E-COMMERCE\EM_ANDAMENTO\2026-07-JULHO\IAC_240573600_Cômoda Multiuso 8 Gavetas Móveis Lopas Loop"
"240654400","IAC_240654400_Base Eudora Niina Secrets Hydra Glow Líquida Cor 13 30ml","G:\Drives compartilhados\OAK-WORKSPACE\01 - JOBS\03 - IA E-COMMERCE\EM_ANDAMENTO\2026-07-JULHO\IAC_240654400_Base Eudora Niina Secrets Hydra Glow Líquida Cor 13 30ml"
"240654300","IAC_240654300_Blush Eudora Niina Secrets Daily Rosa Cremoso Natural 5g","G:\Drives compartilhados\OAK-WORKSPACE\01 - JOBS\03 - IA E-COMMERCE\EM_ANDAMENTO\2026-07-JULHO\IAC_240654300_Blush Eudora Niina Secrets Daily Rosa Cremoso Natural 5g"
"240648200","IAC_240648200_Pó Solto Aveludado Eudora Niina Secrets Perfect Match Cor 3 12g","G:\Drives compartilhados\OAK-WORKSPACE\01 - JOBS\03 - IA E-COMMERCE\EM_ANDAMENTO\2026-07-JULHO\IAC_240648200_Pó Solto Aveludado Eudora Niina Secrets Perfect Match Cor 3 12g"
"240639100","IAC_240639100_Sabão Líquido Brilhante Perfume e Cuidado Extraordinário 5L","G:\Drives compartilhados\OAK-WORKSPACE\01 - JOBS\03 - IA E-COMMERCE\EM_ANDAMENTO\2026-07-JULHO\IAC_240639100_Sabão Líquido Brilhante Perfume e Cuidado Extraordinário 5L"
"240649100","IAC_240649100_Pó Solto Aveludado Eudora Niina Secrets Perfect Match Cor 6 12g","G:\Drives compartilhados\OAK-WORKSPACE\01 - JOBS\03 - IA E-COMMERCE\EM_ANDAMENTO\2026-07-JULHO\IAC_240649100_Pó Solto Aveludado Eudora Niina Secrets Perfect Match Cor 6 12g"
"240652600","IAC_240652600_Corretivo Líquido Eudora Niina Secrets Perfect Match Cor 0 10ml","G:\Drives compartilhados\OAK-WORKSPACE\01 - JOBS\03 - IA E-COMMERCE\EM_ANDAMENTO\2026-07-JULHO\IAC_240652600_Corretivo Líquido Eudora Niina Secrets Perfect Match Cor 0 10ml"
"240649000","IAC_240649000_Pó Solto Aveludado Eudora Niina Secrets Perfect Match Cor 4 12g","G:\Drives compartilhados\OAK-WORKSPACE\01 - JOBS\03 - IA E-COMMERCE\EM_ANDAMENTO\2026-07-JULHO\IAC_240649000_Pó Solto Aveludado Eudora Niina Secrets Perfect Match Cor 4 12g"
"240624000","IAC_240624000_Mesa de Jantar 4 Cadeiras 4 Lugares Retangular Mel e Off White Sonetto Móveis Cris","G:\Drives compartilhados\OAK-WORKSPACE\01 - JOBS\03 - IA E-COMMERCE\EM_ANDAMENTO\2026-07-JULHO\IAC_240624000_Mesa de Jantar 4 Cadeiras 4 Lugares Retangular Mel e Off White Sonetto Móveis Cris"
"240609400","IAC_240609400_Cerveja Heineken Puro Malte 6 Unidades Garrafa 250ml","G:\Drives compartilhados\OAK-WORKSPACE\01 - JOBS\03 - IA E-COMMERCE\EM_ANDAMENTO\2026-07-JULHO\IAC_240609400_Cerveja Heineken Puro Malte 6 Unidades Garrafa 250ml"
"240612100","IAC_240612100_Air Fryer Philips Walita Série 3000 NA341-00 7,2L Preto NA341-00","G:\Drives compartilhados\OAK-WORKSPACE\01 - JOBS\03 - IA E-COMMERCE\EM_ANDAMENTO\2026-07-JULHO\IAC_240612100_Air Fryer Philips Walita Série 3000 NA341-00 7,2L Preto NA341-00"
"240625800","IAC_240625800_Geladeira Continental Frost Free 400L Duplex Branca (TC45)","G:\Drives compartilhados\OAK-WORKSPACE\01 - JOBS\03 - IA E-COMMERCE\EM_ANDAMENTO\2026-07-JULHO\IAC_240625800_Geladeira Continental Frost Free 400L Duplex Branca (TC45)"
"240648900","IAC_240648900_Pó Solto Aveludado Eudora Niina Secrets Perfect Match Cor 5 12g","G:\Drives compartilhados\OAK-WORKSPACE\01 - JOBS\03 - IA E-COMMERCE\EM_ANDAMENTO\2026-07-JULHO\IAC_240648900_Pó Solto Aveludado Eudora Niina Secrets Perfect Match Cor 5 12g"
"240637300","IAC_240637300_Bicicleta Aro 29- South Bike Legend Freio a Disco 21 Marchas Câmbio Shimano","G:\Drives compartilhados\OAK-WORKSPACE\01 - JOBS\03 - IA E-COMMERCE\EM_ANDAMENTO\2026-07-JULHO\IAC_240637300_Bicicleta Aro 29- South Bike Legend Freio a Disco 21 Marchas Câmbio Shimano"
"240685100","IAC_240685100_Fralda Babysec Galinha Pintadinha Ultra Sec XG 11 a 14kg 76 Unidades","G:\Drives compartilhados\OAK-WORKSPACE\01 - JOBS\03 - IA E-COMMERCE\EM_ANDAMENTO\2026-07-JULHO\IAC_240685100_Fralda Babysec Galinha Pintadinha Ultra Sec XG 11 a 14kg 76 Unidades"
"240689900","IAC_240689900_Fralda Pampers Confort Sec Tam. G 9 a 13kg 168 Unidades","G:\Drives compartilhados\OAK-WORKSPACE\01 - JOBS\03 - IA E-COMMERCE\EM_ANDAMENTO\2026-07-JULHO\IAC_240689900_Fralda Pampers Confort Sec Tam. G 9 a 13kg 168 Unidades"
"240685400","IAC_240685400_Banheira de Bebê Galzerano Acqua Trio com Mangueira + Suporte + Redutor - 0 Até 20Kg - Ref.7065","G:\Drives compartilhados\OAK-WORKSPACE\01 - JOBS\03 - IA E-COMMERCE\EM_ANDAMENTO\2026-07-JULHO\IAC_240685400_Banheira de Bebê Galzerano Acqua Trio com Mangueira + Suporte + Redutor - 0 Até 20Kg - Ref.7065"
"240690000","IAC_240690000_Fralda Pampers Confort Sec Tam. XXG 14 a 18kg 112 Unidades","G:\Drives compartilhados\OAK-WORKSPACE\01 - JOBS\03 - IA E-COMMERCE\EM_ANDAMENTO\2026-07-JULHO\IAC_240690000_Fralda Pampers Confort Sec Tam. XXG 14 a 18kg 112 Unidades"
"240685000","IAC_240685000_Fralda Babysec Galinha Pintadinha Ultra Sec G 8,5 a 12kg 80 Unidades","G:\Drives compartilhados\OAK-WORKSPACE\01 - JOBS\03 - IA E-COMMERCE\EM_ANDAMENTO\2026-07-JULHO\IAC_240685000_Fralda Babysec Galinha Pintadinha Ultra Sec G 8,5 a 12kg 80 Unidades"
"240655800","IAC_240655800_Base Eudora Niina Secrets Hydra Glow Líquida Cor 65 30ml","G:\Drives compartilhados\OAK-WORKSPACE\01 - JOBS\03 - IA E-COMMERCE\EM_ANDAMENTO\2026-07-JULHO\IAC_240655800_Base Eudora Niina Secrets Hydra Glow Líquida Cor 65 30ml"
"240654900","IAC_240654900_Batom Líquido Aveludado Eudora Niina Secrets Skinny Matte Vermelho Hibisco Longa duração 5ml","G:\Drives compartilhados\OAK-WORKSPACE\01 - JOBS\03 - IA E-COMMERCE\EM_ANDAMENTO\2026-07-JULHO\IAC_240654900_Batom Líquido Aveludado Eudora Niina Secrets Skinny Matte Vermelho Hibisco Longa duração 5ml"
"240688400","IAC_240688400_Cadeira de Alimentação Galzerano Jig 3 Níveis de Altura até 23kg","G:\Drives compartilhados\OAK-WORKSPACE\01 - JOBS\03 - IA E-COMMERCE\EM_ANDAMENTO\2026-07-JULHO\IAC_240688400_Cadeira de Alimentação Galzerano Jig 3 Níveis de Altura até 23kg"
"240656700","IAC_240656700_Base Eudora Niina Secrets Hydra Glow Líquida Cor 40 30ml","G:\Drives compartilhados\OAK-WORKSPACE\01 - JOBS\03 - IA E-COMMERCE\EM_ANDAMENTO\2026-07-JULHO\IAC_240656700_Base Eudora Niina Secrets Hydra Glow Líquida Cor 40 30ml"
"240655300","IAC_240655300_Base Eudora Niina Secrets Hydra Glow Líquida Cor 25 30ml","G:\Drives compartilhados\OAK-WORKSPACE\01 - JOBS\03 - IA E-COMMERCE\EM_ANDAMENTO\2026-07-JULHO\IAC_240655300_Base Eudora Niina Secrets Hydra Glow Líquida Cor 25 30ml"
"240656500","IAC_240656500_Base Eudora Niina Secrets Hydra Glow Líquida Cor 30 30ml","G:\Drives compartilhados\OAK-WORKSPACE\01 - JOBS\03 - IA E-COMMERCE\EM_ANDAMENTO\2026-07-JULHO\IAC_240656500_Base Eudora Niina Secrets Hydra Glow Líquida Cor 30 30ml"
"240655600","IAC_240655600_Blush Eudora Niina Secrets Daily Rosa Cremoso Coral Natural 5g","G:\Drives compartilhados\OAK-WORKSPACE\01 - JOBS\03 - IA E-COMMERCE\EM_ANDAMENTO\2026-07-JULHO\IAC_240655600_Blush Eudora Niina Secrets Daily Rosa Cremoso Coral Natural 5g"
"240655700","IAC_240655700_Corretivo Líquido Eudora Niina Secrets Perfect Match Cor 65 10ml","G:\Drives compartilhados\OAK-WORKSPACE\01 - JOBS\03 - IA E-COMMERCE\EM_ANDAMENTO\2026-07-JULHO\IAC_240655700_Corretivo Líquido Eudora Niina Secrets Perfect Match Cor 65 10ml"
"240656600","IAC_240656600_Base Eudora Niina Secrets Hydra Glow Líquida Cor 5 30ml","G:\Drives compartilhados\OAK-WORKSPACE\01 - JOBS\03 - IA E-COMMERCE\EM_ANDAMENTO\2026-07-JULHO\IAC_240656600_Base Eudora Niina Secrets Hydra Glow Líquida Cor 5 30ml"
"240656400","IAC_240656400_Base Eudora Niina Secrets Hydra Glow Líquida Cor 10 30ml","G:\Drives compartilhados\OAK-WORKSPACE\01 - JOBS\03 - IA E-COMMERCE\EM_ANDAMENTO\2026-07-JULHO\IAC_240656400_Base Eudora Niina Secrets Hydra Glow Líquida Cor 10 30ml"
"240654500","IAC_240654500_Batom Líquido Aveludado Eudora Niina Secrets Skinny Matte Rosê Gardenia Longa duração 5ml","G:\Drives compartilhados\OAK-WORKSPACE\01 - JOBS\03 - IA E-COMMERCE\EM_ANDAMENTO\2026-07-JULHO\IAC_240654500_Batom Líquido Aveludado Eudora Niina Secrets Skinny Matte Rosê Gardenia Longa duração 5ml"
"240787800","IAC_240787800_Monitor Full HD Flat Samsung Essential S4 LS24D400GALMZD 24- IPS","G:\Drives compartilhados\OAK-WORKSPACE\01 - JOBS\03 - IA E-COMMERCE\EM_ANDAMENTO\2026-07-JULHO\IAC_240787800_Monitor Full HD Flat Samsung Essential S4 LS24D400GALMZD 24- IPS"
"240734200","IAC_240734200_Echostudio 2ª Geração Smart Speaker com Alexa","G:\Drives compartilhados\OAK-WORKSPACE\01 - JOBS\03 - IA E-COMMERCE\EM_ANDAMENTO\2026-07-JULHO\IAC_240734200_Echostudio 2ª Geração Smart Speaker com Alexa"
"240744200","IAC_240744200_Smartwatch Huawei Watch GT 6 41mm Branco 64GB Bluetooth","G:\Drives compartilhados\OAK-WORKSPACE\01 - JOBS\03 - IA E-COMMERCE\EM_ANDAMENTO\2026-07-JULHO\IAC_240744200_Smartwatch Huawei Watch GT 6 41mm Branco 64GB Bluetooth"
"240825700","IAC_240825700_Geladeira-Refrigerador Electrolux Frost Free Side by Side Preto 526L ES5GB","G:\Drives compartilhados\OAK-WORKSPACE\01 - JOBS\03 - IA E-COMMERCE\EM_ANDAMENTO\2026-07-JULHO\IAC_240825700_Geladeira-Refrigerador Electrolux Frost Free Side by Side Preto 526L ES5GB"
"240715700","IAC_240715700_Ventilador de Coluna Britânia Maxx Force 6 Pás 75W BVC31A","G:\Drives compartilhados\OAK-WORKSPACE\01 - JOBS\03 - IA E-COMMERCE\EM_ANDAMENTO\2026-07-JULHO\IAC_240715700_Ventilador de Coluna Britânia Maxx Force 6 Pás 75W BVC31A"
"240736500","IAC_240736500_Cadeira de Escritório Diretor Giratória Preto FC-29-4 Otello","G:\Drives compartilhados\OAK-WORKSPACE\01 - JOBS\03 - IA E-COMMERCE\EM_ANDAMENTO\2026-07-JULHO\IAC_240736500_Cadeira de Escritório Diretor Giratória Preto FC-29-4 Otello"
"240791300","IAC_240791300_Colchão Solteiro Umaflex de Molas Ensacadas 30x88x188cm Verona","G:\Drives compartilhados\OAK-WORKSPACE\01 - JOBS\03 - IA E-COMMERCE\EM_ANDAMENTO\2026-07-JULHO\IAC_240791300_Colchão Solteiro Umaflex de Molas Ensacadas 30x88x188cm Verona"
"240743700","IAC_240743700_Fone de Ouvido Bluetooth Huawei FreeBuds SE 3 com Microfone e Cancelamento de Ruído Intra-auricular True Wireless Preto","G:\Drives compartilhados\OAK-WORKSPACE\01 - JOBS\03 - IA E-COMMERCE\EM_ANDAMENTO\2026-07-JULHO\IAC_240743700_Fone de Ouvido Bluetooth Huawei FreeBuds SE 3 com Microfone e Cancelamento de Ruído Intra-auricular True Wireless Preto"
"240739900","IAC_240739900_Prancha Progressiva Mondial Ultra Liss Pro 250C P-02-PRO","G:\Drives compartilhados\OAK-WORKSPACE\01 - JOBS\03 - IA E-COMMERCE\EM_ANDAMENTO\2026-07-JULHO\IAC_240739900_Prancha Progressiva Mondial Ultra Liss Pro 250C P-02-PRO"
"240816100","IAC_240816100_Sanduicheira Elgin Brunch Time 800W Preto 42SAN4001000","G:\Drives compartilhados\OAK-WORKSPACE\01 - JOBS\03 - IA E-COMMERCE\EM_ANDAMENTO\2026-07-JULHO\IAC_240816100_Sanduicheira Elgin Brunch Time 800W Preto 42SAN4001000"
"240734000","IAC_240734000_Echo Show 8 4ª Geração  Smart Speaker 8- com Alexa","G:\Drives compartilhados\OAK-WORKSPACE\01 - JOBS\03 - IA E-COMMERCE\EM_ANDAMENTO\2026-07-JULHO\IAC_240734000_Echo Show 8 4ª Geração  Smart Speaker 8- com Alexa"
"240815000","IAC_240815000_Notebook Acer Aspire Go 15 AG15-71P-71YM Intel Core i7 16GB RAM 512GB SSD 15,6” Full HD Windows 11 NX.JF6AL.00","G:\Drives compartilhados\OAK-WORKSPACE\01 - JOBS\03 - IA E-COMMERCE\EM_ANDAMENTO\2026-07-JULHO\IAC_240815000_Notebook Acer Aspire Go 15 AG15-71P-71YM Intel Core i7 16GB RAM 512GB SSD 15,6” Full HD Windows 11 NX.JF6AL.00"
"240787900","IAC_240787900_Monitor Gamer Curvo Samsung Odyssey G5 LC34G55TWWLMZD 34- 3440x1440 1ms","G:\Drives compartilhados\OAK-WORKSPACE\01 - JOBS\03 - IA E-COMMERCE\EM_ANDAMENTO\2026-07-JULHO\IAC_240787900_Monitor Gamer Curvo Samsung Odyssey G5 LC34G55TWWLMZD 34- 3440x1440 1ms"
"240724200","IAC_240724200_Caixa de Som Soundbar TCL 5.1 Canais Q65H Preto Bivolt","G:\Drives compartilhados\OAK-WORKSPACE\01 - JOBS\03 - IA E-COMMERCE\EM_ANDAMENTO\2026-07-JULHO\IAC_240724200_Caixa de Som Soundbar TCL 5.1 Canais Q65H Preto Bivolt"
"240749600","IAC_240749600_Conjunto de Bowls e Medidores de Inox 3 Peças Electrolux Multiuso 41049099","G:\Drives compartilhados\OAK-WORKSPACE\01 - JOBS\03 - IA E-COMMERCE\EM_ANDAMENTO\2026-07-JULHO\IAC_240749600_Conjunto de Bowls e Medidores de Inox 3 Peças Electrolux Multiuso 41049099"
"240740800","IAC_240740800_Lavadora de Alta Pressão Wap 1500 PSI 1400W WL 1800","G:\Drives compartilhados\OAK-WORKSPACE\01 - JOBS\03 - IA E-COMMERCE\EM_ANDAMENTO\2026-07-JULHO\IAC_240740800_Lavadora de Alta Pressão Wap 1500 PSI 1400W WL 1800"
"240743000","IAC_240743000_Jogo de Panelas Rochedo Antiaderente de Alumínio Vermelho 11 Peças Facilita","G:\Drives compartilhados\OAK-WORKSPACE\01 - JOBS\03 - IA E-COMMERCE\EM_ANDAMENTO\2026-07-JULHO\IAC_240743000_Jogo de Panelas Rochedo Antiaderente de Alumínio Vermelho 11 Peças Facilita"
"240817500","IAC_240817500_Cooktop 4 Bocas Indução Electrolux Mesa de Vidro Preto Acendimento Automático Touch IE8CH","G:\Drives compartilhados\OAK-WORKSPACE\01 - JOBS\03 - IA E-COMMERCE\EM_ANDAMENTO\2026-07-JULHO\IAC_240817500_Cooktop 4 Bocas Indução Electrolux Mesa de Vidro Preto Acendimento Automático Touch IE8CH"
"240798700","IAC_240798700_Lavadora de Alta Pressão Karcher 15000 Libras 1400W Prática","G:\Drives compartilhados\OAK-WORKSPACE\01 - JOBS\03 - IA E-COMMERCE\EM_ANDAMENTO\2026-07-JULHO\IAC_240798700_Lavadora de Alta Pressão Karcher 15000 Libras 1400W Prática"
"240693800","IAC_240693800_Bicicleta Infantil Aro 20- Verden Breeze Menta e Bege com Cestinha Freio V-Brake","G:\Drives compartilhados\OAK-WORKSPACE\01 - JOBS\03 - IA E-COMMERCE\EM_ANDAMENTO\2026-07-JULHO\IAC_240693800_Bicicleta Infantil Aro 20- Verden Breeze Menta e Bege com Cestinha Freio V-Brake"
"240708700","IAC_240708700_Esmerilhadeira Black+Decker Angular 920W 4 1-2” G720X","G:\Drives compartilhados\OAK-WORKSPACE\01 - JOBS\03 - IA E-COMMERCE\EM_ANDAMENTO\2026-07-JULHO\IAC_240708700_Esmerilhadeira Black+Decker Angular 920W 4 1-2” G720X"
"240693000","IAC_240693000_Caixa de Som JBL PartyBox 720 Bluetooth Amplificada Portátil 800W","G:\Drives compartilhados\OAK-WORKSPACE\01 - JOBS\03 - IA E-COMMERCE\EM_ANDAMENTO\2026-07-JULHO\IAC_240693000_Caixa de Som JBL PartyBox 720 Bluetooth Amplificada Portátil 800W"
"240706200","IAC_240706200_Monitor Portátil Acer 15,6- Full HD 60Hz PM161Q Jbmiuux IPS LED UM.ZP1AA.J03","G:\Drives compartilhados\OAK-WORKSPACE\01 - JOBS\03 - IA E-COMMERCE\EM_ANDAMENTO\2026-07-JULHO\IAC_240706200_Monitor Portátil Acer 15,6- Full HD 60Hz PM161Q Jbmiuux IPS LED UM.ZP1AA.J03"
"240706100","IAC_240706100_Pneu Aro 15- 185-65R15 Goodyear 88H Eagle Touring","G:\Drives compartilhados\OAK-WORKSPACE\01 - JOBS\03 - IA E-COMMERCE\EM_ANDAMENTO\2026-07-JULHO\IAC_240706100_Pneu Aro 15- 185-65R15 Goodyear 88H Eagle Touring"
"240714400","IAC_240714400_Gree Ar Condicionado de Janela 10.000 BTUs Resistente à Maresia 127v Eletrônico","G:\Drives compartilhados\OAK-WORKSPACE\01 - JOBS\03 - IA E-COMMERCE\EM_ANDAMENTO\2026-07-JULHO\IAC_240714400_Gree Ar Condicionado de Janela 10.000 BTUs Resistente à Maresia 127v Eletrônico"
"240709300","IAC_240709300_Armário de Cozinha Completa Aramóveis Kit Mega 9 Portas 2 Gavetas","G:\Drives compartilhados\OAK-WORKSPACE\01 - JOBS\03 - IA E-COMMERCE\EM_ANDAMENTO\2026-07-JULHO\IAC_240709300_Armário de Cozinha Completa Aramóveis Kit Mega 9 Portas 2 Gavetas"
"240687000","IAC_240687000_Lixeira para Fraldas Antiodor Maxi Baby Lixo Mágico Branca e Cinza","G:\Drives compartilhados\OAK-WORKSPACE\01 - JOBS\03 - IA E-COMMERCE\EM_ANDAMENTO\2026-07-JULHO\IAC_240687000_Lixeira para Fraldas Antiodor Maxi Baby Lixo Mágico Branca e Cinza"
"240694100","IAC_240694100_Guarda-roupa Casal com Espelho 6 Gavetas 6 Portas Moval França","G:\Drives compartilhados\OAK-WORKSPACE\01 - JOBS\03 - IA E-COMMERCE\EM_ANDAMENTO\2026-07-JULHO\IAC_240694100_Guarda-roupa Casal com Espelho 6 Gavetas 6 Portas Moval França"
"240692100","IAC_240692100_Caixa de Som JBL Grip Bluetooth Amplificada Portátil à Prova de Água 16W","G:\Drives compartilhados\OAK-WORKSPACE\01 - JOBS\03 - IA E-COMMERCE\EM_ANDAMENTO\2026-07-JULHO\IAC_240692100_Caixa de Som JBL Grip Bluetooth Amplificada Portátil à Prova de Água 16W"
"240682900","IAC_240682900_Amaciante Downy Concentrado Verão Tropical 3L","G:\Drives compartilhados\OAK-WORKSPACE\01 - JOBS\03 - IA E-COMMERCE\EM_ANDAMENTO\2026-07-JULHO\IAC_240682900_Amaciante Downy Concentrado Verão Tropical 3L"
"240692500","IAC_240692500_Caixa de Som Bluetooth JBL PartyBox On-the-Go 2","G:\Drives compartilhados\OAK-WORKSPACE\01 - JOBS\03 - IA E-COMMERCE\EM_ANDAMENTO\2026-07-JULHO\IAC_240692500_Caixa de Som Bluetooth JBL PartyBox On-the-Go 2"
"240686900","IAC_240686900_Carrinho de Bebê com Barra Reversível + Bebê Conforto Maxi Baby Youturn até 15kg","G:\Drives compartilhados\OAK-WORKSPACE\01 - JOBS\03 - IA E-COMMERCE\EM_ANDAMENTO\2026-07-JULHO\IAC_240686900_Carrinho de Bebê com Barra Reversível + Bebê Conforto Maxi Baby Youturn até 15kg"
"240936100","IAC_240936100_Chaleira Elétrica Itatiaia CHITA1ESSA Inox 1,8L","G:\Drives compartilhados\OAK-WORKSPACE\01 - JOBS\03 - IA E-COMMERCE\EM_ANDAMENTO\2026-07-JULHO\IAC_240936100_Chaleira Elétrica Itatiaia CHITA1ESSA Inox 1,8L"
"240936300","IAC_240936300_Sanduicheira Grill Itatiaia Essencial 750W Preto SDESS2003","G:\Drives compartilhados\OAK-WORKSPACE\01 - JOBS\03 - IA E-COMMERCE\EM_ANDAMENTO\2026-07-JULHO\IAC_240936300_Sanduicheira Grill Itatiaia Essencial 750W Preto SDESS2003"
"240931500","IAC_240931500_Panela de Pressão Brinox 3L Cinza Ceramic Life Vapt","G:\Drives compartilhados\OAK-WORKSPACE\01 - JOBS\03 - IA E-COMMERCE\EM_ANDAMENTO\2026-07-JULHO\IAC_240931500_Panela de Pressão Brinox 3L Cinza Ceramic Life Vapt"
"240864900","IAC_240864900_ROG Xbox Ally 2025 512GB Branco ASUS Pré-venda","G:\Drives compartilhados\OAK-WORKSPACE\01 - JOBS\03 - IA E-COMMERCE\EM_ANDAMENTO\2026-07-JULHO\IAC_240864900_ROG Xbox Ally 2025 512GB Branco ASUS Pré-venda"
"240825900","IAC_240825900_Micro-ondas Electrolux 34L Preto MV43T","G:\Drives compartilhados\OAK-WORKSPACE\01 - JOBS\03 - IA E-COMMERCE\EM_ANDAMENTO\2026-07-JULHO\IAC_240825900_Micro-ondas Electrolux 34L Preto MV43T"
"240931300","IAC_240931300_Panela de Pressão Brinox 7,5L Cinza Ceramic Life Vapt","G:\Drives compartilhados\OAK-WORKSPACE\01 - JOBS\03 - IA E-COMMERCE\EM_ANDAMENTO\2026-07-JULHO\IAC_240931300_Panela de Pressão Brinox 7,5L Cinza Ceramic Life Vapt"
"240894800","IAC_240894800_Panela de Pressão Elétrica 6L Wap Digital Prosdócimo WPPE6 FW011383","G:\Drives compartilhados\OAK-WORKSPACE\01 - JOBS\03 - IA E-COMMERCE\EM_ANDAMENTO\2026-07-JULHO\IAC_240894800_Panela de Pressão Elétrica 6L Wap Digital Prosdócimo WPPE6 FW011383"
"240861600","IAC_240861600_Notebook Gamer ASUS TUF Gaming F16  Intel Core 5 210H 512GB SSD 16- FHD+ 144Hz IPS NVIDIA GeForce RTX 3050 6GB Linux KeepOS FX607VJ-RL015","G:\Drives compartilhados\OAK-WORKSPACE\01 - JOBS\03 - IA E-COMMERCE\EM_ANDAMENTO\2026-07-JULHO\IAC_240861600_Notebook Gamer ASUS TUF Gaming F16  Intel Core 5 210H 512GB SSD 16- FHD+ 144Hz IPS NVIDIA GeForce RTX 3050 6GB Linux KeepOS FX607VJ-RL015"
"240879900","IAC_240879900_Ar Condicionado Inverter Elgin Hw Eco II Wifi 12000 Btu R32 Frio 220V","G:\Drives compartilhados\OAK-WORKSPACE\01 - JOBS\03 - IA E-COMMERCE\EM_ANDAMENTO\2026-07-JULHO\IAC_240879900_Ar Condicionado Inverter Elgin Hw Eco II Wifi 12000 Btu R32 Frio 220V"
"240826000","IAC_240826000_Lava-louças Electrolux 14 Serviços com Função Higienizar Pro Series LP14V Preto","G:\Drives compartilhados\OAK-WORKSPACE\01 - JOBS\03 - IA E-COMMERCE\EM_ANDAMENTO\2026-07-JULHO\IAC_240826000_Lava-louças Electrolux 14 Serviços com Função Higienizar Pro Series LP14V Preto"
"240793500","IAC_240793500_Base Cama Box Solteiro Umaflex 26x88x188cm Verona","G:\Drives compartilhados\OAK-WORKSPACE\01 - JOBS\03 - IA E-COMMERCE\EM_ANDAMENTO\2026-07-JULHO\IAC_240793500_Base Cama Box Solteiro Umaflex 26x88x188cm Verona"
"241047400","IAC_241047400_Caixa de Som Bluetooth Harman Kardon SoundSticks 5 com 190W Branca","G:\Drives compartilhados\OAK-WORKSPACE\01 - JOBS\03 - IA E-COMMERCE\EM_ANDAMENTO\2026-07-JULHO\IAC_241047400_Caixa de Som Bluetooth Harman Kardon SoundSticks 5 com 190W Branca"
"240963000","IAC_240963000_Frigideira Antiaderente Electrolux Inox 41044561 Preta 24cm","G:\Drives compartilhados\OAK-WORKSPACE\01 - JOBS\03 - IA E-COMMERCE\EM_ANDAMENTO\2026-07-JULHO\IAC_240963000_Frigideira Antiaderente Electrolux Inox 41044561 Preta 24cm"
"241047900","IAC_241047900_Headphone Bluetooth JBL Tune 530BT com Microfone Preto","G:\Drives compartilhados\OAK-WORKSPACE\01 - JOBS\03 - IA E-COMMERCE\EM_ANDAMENTO\2026-07-JULHO\IAC_241047900_Headphone Bluetooth JBL Tune 530BT com Microfone Preto"
"241012300","IAC_241012300_Sofá 3 Lugares Retrátil Reclinável Veludo Kratos SMP","G:\Drives compartilhados\OAK-WORKSPACE\01 - JOBS\03 - IA E-COMMERCE\EM_ANDAMENTO\2026-07-JULHO\IAC_241012300_Sofá 3 Lugares Retrátil Reclinável Veludo Kratos SMP"
"241046100","IAC_241046100_Fone de Ouvido JBL Endurance Peak 4 Intra-auricular Branco - JBLENDUPEAK4","G:\Drives compartilhados\OAK-WORKSPACE\01 - JOBS\03 - IA E-COMMERCE\EM_ANDAMENTO\2026-07-JULHO\IAC_241046100_Fone de Ouvido JBL Endurance Peak 4 Intra-auricular Branco - JBLENDUPEAK4"
"241045900","IAC_241045900_Desumidificador de Ar Portátil Thermomatic Desidrat Plus 150 WF Wi-Fi compatível com Alexa 12L-Dia Branco","G:\Drives compartilhados\OAK-WORKSPACE\01 - JOBS\03 - IA E-COMMERCE\EM_ANDAMENTO\2026-07-JULHO\IAC_241045900_Desumidificador de Ar Portátil Thermomatic Desidrat Plus 150 WF Wi-Fi compatível com Alexa 12L-Dia Branco"
"241042000","IAC_241042000_Secador Multifuncional 5 Em 1 Mondial Golden Rosé 1500W SM-01-BLDC-GR","G:\Drives compartilhados\OAK-WORKSPACE\01 - JOBS\03 - IA E-COMMERCE\EM_ANDAMENTO\2026-07-JULHO\IAC_241042000_Secador Multifuncional 5 Em 1 Mondial Golden Rosé 1500W SM-01-BLDC-GR"
"241046400","IAC_241046400_Caixa de Som Bluetooth Harman Kardon Aura Studio 5 com 160W Preta","G:\Drives compartilhados\OAK-WORKSPACE\01 - JOBS\03 - IA E-COMMERCE\EM_ANDAMENTO\2026-07-JULHO\IAC_241046400_Caixa de Som Bluetooth Harman Kardon Aura Studio 5 com 160W Preta"
"240969500","IAC_240969500_Micro-ondas PMO42EB 42L Espelhado Philco","G:\Drives compartilhados\OAK-WORKSPACE\01 - JOBS\03 - IA E-COMMERCE\EM_ANDAMENTO\2026-07-JULHO\IAC_240969500_Micro-ondas PMO42EB 42L Espelhado Philco"
"240967400","IAC_240967400_Impressora Multifuncional HP DeskJet Ink Advantage 2975 Jato de Tinta Colorida Wi‑Fi US","G:\Drives compartilhados\OAK-WORKSPACE\01 - JOBS\03 - IA E-COMMERCE\EM_ANDAMENTO\2026-07-JULHO\IAC_240967400_Impressora Multifuncional HP DeskJet Ink Advantage 2975 Jato de Tinta Colorida Wi‑Fi US"
"240938200","IAC_240938200_Cômoda 10 Gavetas 1 Porta Batrol Imperial","G:\Drives compartilhados\OAK-WORKSPACE\01 - JOBS\03 - IA E-COMMERCE\EM_ANDAMENTO\2026-07-JULHO\IAC_240938200_Cômoda 10 Gavetas 1 Porta Batrol Imperial"
"240963500","IAC_240963500_Sofá 3 Lugares Retrátil Reclinável Veludo Zeus Nordeste Flex","G:\Drives compartilhados\OAK-WORKSPACE\01 - JOBS\03 - IA E-COMMERCE\EM_ANDAMENTO\2026-07-JULHO\IAC_240963500_Sofá 3 Lugares Retrátil Reclinável Veludo Zeus Nordeste Flex"
"240941200","IAC_240941200_Tablet Samsung Galaxy Tab A11+ 6GB RAM 128GB 11- Android 16 Octa-Core Wi-Fi","G:\Drives compartilhados\OAK-WORKSPACE\01 - JOBS\03 - IA E-COMMERCE\EM_ANDAMENTO\2026-07-JULHO\IAC_240941200_Tablet Samsung Galaxy Tab A11+ 6GB RAM 128GB 11- Android 16 Octa-Core Wi-Fi"
"240963200","IAC_240963200_Organizador de Geladeira Electrolux Experience 3 Peças","G:\Drives compartilhados\OAK-WORKSPACE\01 - JOBS\03 - IA E-COMMERCE\EM_ANDAMENTO\2026-07-JULHO\IAC_240963200_Organizador de Geladeira Electrolux Experience 3 Peças"
"241037000","IAC_241037000_Monitor Gamer LG 34G600A-B Curvo 34” QuadHD 2K Preto UltraGea","G:\Drives compartilhados\OAK-WORKSPACE\01 - JOBS\03 - IA E-COMMERCE\EM_ANDAMENTO\2026-07-JULHO\IAC_241037000_Monitor Gamer LG 34G600A-B Curvo 34” QuadHD 2K Preto UltraGea"
"240950700","IAC_240950700_Caixa de Som Torre Amvox ATX 1600M Pancadão Bluetooth 1600W Amplificada","G:\Drives compartilhados\OAK-WORKSPACE\01 - JOBS\03 - IA E-COMMERCE\EM_ANDAMENTO\2026-07-JULHO\IAC_240950700_Caixa de Som Torre Amvox ATX 1600M Pancadão Bluetooth 1600W Amplificada"
"241143000","IAC_241143000_Fralda Descartável Huggies Máxima Proteção M 5,5 a 9,5kg 172 Unidades","G:\Drives compartilhados\OAK-WORKSPACE\01 - JOBS\03 - IA E-COMMERCE\EM_ANDAMENTO\2026-07-JULHO\IAC_241143000_Fralda Descartável Huggies Máxima Proteção M 5,5 a 9,5kg 172 Unidades"
"241131200","IAC_241131200_Ar-condicionado Split 9.000 BTUs LG Dual Inverter Quente e Frio AI Voice S3NW09AA31E","G:\Drives compartilhados\OAK-WORKSPACE\01 - JOBS\03 - IA E-COMMERCE\EM_ANDAMENTO\2026-07-JULHO\IAC_241131200_Ar-condicionado Split 9.000 BTUs LG Dual Inverter Quente e Frio AI Voice S3NW09AA31E"
"241144300","IAC_241144300_Fone de Ouvido Bluetooth Samsung Galaxy Buds 4 com Microfone Integrado Esportivo Intra-auricular True Wireless Preto","G:\Drives compartilhados\OAK-WORKSPACE\01 - JOBS\03 - IA E-COMMERCE\EM_ANDAMENTO\2026-07-JULHO\IAC_241144300_Fone de Ouvido Bluetooth Samsung Galaxy Buds 4 com Microfone Integrado Esportivo Intra-auricular True Wireless Preto"
"241142400","IAC_241142400_Cafeteira Espresso Pixie Prata","G:\Drives compartilhados\OAK-WORKSPACE\01 - JOBS\03 - IA E-COMMERCE\EM_ANDAMENTO\2026-07-JULHO\IAC_241142400_Cafeteira Espresso Pixie Prata"
"241144800","IAC_241144800_Notebook ASUS Zenbook A14 Snapdragon X1 32GB RAM 1 TB SSD 14- Windows 11 UX3407QA-QD391W","G:\Drives compartilhados\OAK-WORKSPACE\01 - JOBS\03 - IA E-COMMERCE\EM_ANDAMENTO\2026-07-JULHO\IAC_241144800_Notebook ASUS Zenbook A14 Snapdragon X1 32GB RAM 1 TB SSD 14- Windows 11 UX3407QA-QD391W"
"241143200","IAC_241143200_Fralda Descartável Huggies Máxima Proteção XXG 14 a 20kg 112 Unidades","G:\Drives compartilhados\OAK-WORKSPACE\01 - JOBS\03 - IA E-COMMERCE\EM_ANDAMENTO\2026-07-JULHO\IAC_241143200_Fralda Descartável Huggies Máxima Proteção XXG 14 a 20kg 112 Unidades"
"241127700","IAC_241127700_Tanquinho de Lavar Roupas Suggar 10kg Neo Eco","G:\Drives compartilhados\OAK-WORKSPACE\01 - JOBS\03 - IA E-COMMERCE\EM_ANDAMENTO\2026-07-JULHO\IAC_241127700_Tanquinho de Lavar Roupas Suggar 10kg Neo Eco"
"241066200","IAC_241066200_Kindle Colorsoft Amazon 7- 16GB 300ppi Wi-Fi à Prova de Água Preto","G:\Drives compartilhados\OAK-WORKSPACE\01 - JOBS\03 - IA E-COMMERCE\EM_ANDAMENTO\2026-07-JULHO\IAC_241066200_Kindle Colorsoft Amazon 7- 16GB 300ppi Wi-Fi à Prova de Água Preto"
"241088800","IAC_241088800_Soundbar Samsung HW-B450F 2.1 Canais Bluetooth com Subwoofer 300W Preto","G:\Drives compartilhados\OAK-WORKSPACE\01 - JOBS\03 - IA E-COMMERCE\EM_ANDAMENTO\2026-07-JULHO\IAC_241088800_Soundbar Samsung HW-B450F 2.1 Canais Bluetooth com Subwoofer 300W Preto"
"241102300","IAC_241102300_Conjunto de Sofás 2 e 3 Lugares Viena Plus SMP","G:\Drives compartilhados\OAK-WORKSPACE\01 - JOBS\03 - IA E-COMMERCE\EM_ANDAMENTO\2026-07-JULHO\IAC_241102300_Conjunto de Sofás 2 e 3 Lugares Viena Plus SMP"
"241128500","IAC_241128500_Controle para Xbox e PC sem Fio EP2-40651 Microsoft Carbon Black","G:\Drives compartilhados\OAK-WORKSPACE\01 - JOBS\03 - IA E-COMMERCE\EM_ANDAMENTO\2026-07-JULHO\IAC_241128500_Controle para Xbox e PC sem Fio EP2-40651 Microsoft Carbon Black"
"241088000","IAC_241088000_Smartphone Jovi Y31 256GB 16GB RAM Preto 6,75- Câm. Dupla + Selfie 32MP","G:\Drives compartilhados\OAK-WORKSPACE\01 - JOBS\03 - IA E-COMMERCE\EM_ANDAMENTO\2026-07-JULHO\IAC_241088000_Smartphone Jovi Y31 256GB 16GB RAM Preto 6,75- Câm. Dupla + Selfie 32MP"
"241088400","IAC_241088400_Smartphone Jovi V70 256GB 5G 8GB RAM Lilás Boreal 6,83- Cam. Dupla + Selfie 32MP","G:\Drives compartilhados\OAK-WORKSPACE\01 - JOBS\03 - IA E-COMMERCE\EM_ANDAMENTO\2026-07-JULHO\IAC_241088400_Smartphone Jovi V70 256GB 5G 8GB RAM Lilás Boreal 6,83- Cam. Dupla + Selfie 32MP"
"241081900","IAC_241081900_Liquidificador Arno Power Max 2200 Marfim LN64","G:\Drives compartilhados\OAK-WORKSPACE\01 - JOBS\03 - IA E-COMMERCE\EM_ANDAMENTO\2026-07-JULHO\IAC_241081900_Liquidificador Arno Power Max 2200 Marfim LN64"
"241061700","IAC_241061700_Air Fryer Forno 25L French Door Mondial Preto-Inox 2000W - AFDO-25L-FD","G:\Drives compartilhados\OAK-WORKSPACE\01 - JOBS\03 - IA E-COMMERCE\EM_ANDAMENTO\2026-07-JULHO\IAC_241061700_Air Fryer Forno 25L French Door Mondial Preto-Inox 2000W - AFDO-25L-FD"
"241060800","IAC_241060800_Cooktop 4 Bocas a Gás GLP Itatiaia Preto Electra Plus","G:\Drives compartilhados\OAK-WORKSPACE\01 - JOBS\03 - IA E-COMMERCE\EM_ANDAMENTO\2026-07-JULHO\IAC_241060800_Cooktop 4 Bocas a Gás GLP Itatiaia Preto Electra Plus"
"241092500","IAC_241092500_Pneu 205-50R17 Westlake ZuperEco Z-108 93W","G:\Drives compartilhados\OAK-WORKSPACE\01 - JOBS\03 - IA E-COMMERCE\EM_ANDAMENTO\2026-07-JULHO\IAC_241092500_Pneu 205-50R17 Westlake ZuperEco Z-108 93W"
"241091400","IAC_241091400_Pneu Aro 15- 235-75R15 Westlake 105T SU318 H-T","G:\Drives compartilhados\OAK-WORKSPACE\01 - JOBS\03 - IA E-COMMERCE\EM_ANDAMENTO\2026-07-JULHO\IAC_241091400_Pneu Aro 15- 235-75R15 Westlake 105T SU318 H-T"
"241127500","IAC_241127500_Tanquinho de Lavar Roupas Suggar 10kg Neo Eco","G:\Drives compartilhados\OAK-WORKSPACE\01 - JOBS\03 - IA E-COMMERCE\EM_ANDAMENTO\2026-07-JULHO\IAC_241127500_Tanquinho de Lavar Roupas Suggar 10kg Neo Eco"
"241048000","IAC_241048000_Fone de Ouvido Bluetooth JBL Tune 780NC Over Ear Preto com Noise Cancelling","G:\Drives compartilhados\OAK-WORKSPACE\01 - JOBS\03 - IA E-COMMERCE\EM_ANDAMENTO\2026-07-JULHO\IAC_241048000_Fone de Ouvido Bluetooth JBL Tune 780NC Over Ear Preto com Noise Cancelling"
"241103000","IAC_241103000_Frigobar Midea 45L Branco MDRD086FGD013","G:\Drives compartilhados\OAK-WORKSPACE\01 - JOBS\03 - IA E-COMMERCE\EM_ANDAMENTO\2026-07-JULHO\IAC_241103000_Frigobar Midea 45L Branco MDRD086FGD013"
"241088700","IAC_241088700_Smartphone Jovi Y31 512GB 16GB RAM Preto Lírio 6,75- Câm. Dupla + Selfie 32MP","G:\Drives compartilhados\OAK-WORKSPACE\01 - JOBS\03 - IA E-COMMERCE\EM_ANDAMENTO\2026-07-JULHO\IAC_241088700_Smartphone Jovi Y31 512GB 16GB RAM Preto Lírio 6,75- Câm. Dupla + Selfie 32MP"
"241048100","IAC_241048100_Fone de Ouvido JBL Endurance Peak 4 Intra-auricular Preto - JBLENDUPEAK4","G:\Drives compartilhados\OAK-WORKSPACE\01 - JOBS\03 - IA E-COMMERCE\EM_ANDAMENTO\2026-07-JULHO\IAC_241048100_Fone de Ouvido JBL Endurance Peak 4 Intra-auricular Preto - JBLENDUPEAK4"
"241065300","IAC_241065300_Ar Condicionado Split Philco 24000 BTUs Quente e Frio PAC24QI  220 Volts","G:\Drives compartilhados\OAK-WORKSPACE\01 - JOBS\03 - IA E-COMMERCE\EM_ANDAMENTO\2026-07-JULHO\IAC_241065300_Ar Condicionado Split Philco 24000 BTUs Quente e Frio PAC24QI  220 Volts"
"241061600","IAC_241061600_Cooktop 5 Bocas a Gás GLP Itatiaia Preto Electra Plus","G:\Drives compartilhados\OAK-WORKSPACE\01 - JOBS\03 - IA E-COMMERCE\EM_ANDAMENTO\2026-07-JULHO\IAC_241061600_Cooktop 5 Bocas a Gás GLP Itatiaia Preto Electra Plus"
"241127200","IAC_241127200_Tanquinho de Lavar Roupas Suggar 10kg Neo Eco","G:\Drives compartilhados\OAK-WORKSPACE\01 - JOBS\03 - IA E-COMMERCE\EM_ANDAMENTO\2026-07-JULHO\IAC_241127200_Tanquinho de Lavar Roupas Suggar 10kg Neo Eco"
"241088100","IAC_241088100_Smartphone Jovi Y21 256GB 8GB RAM Preto 6,68- Câm 50MP + Selfie 5MP","G:\Drives compartilhados\OAK-WORKSPACE\01 - JOBS\03 - IA E-COMMERCE\EM_ANDAMENTO\2026-07-JULHO\IAC_241088100_Smartphone Jovi Y21 256GB 8GB RAM Preto 6,68- Câm 50MP + Selfie 5MP"
"241073200","IAC_241073200_Geladeira-Refrigerador Midea Cycle Defrost Duplex Branca 410L RT554","G:\Drives compartilhados\OAK-WORKSPACE\01 - JOBS\03 - IA E-COMMERCE\EM_ANDAMENTO\2026-07-JULHO\IAC_241073200_Geladeira-Refrigerador Midea Cycle Defrost Duplex Branca 410L RT554"
"241065600","IAC_241065600_Soundbar Samsung HW-Q600F 3.1.2 Canais Bluetooth com Subwoofer 380W Preto","G:\Drives compartilhados\OAK-WORKSPACE\01 - JOBS\03 - IA E-COMMERCE\EM_ANDAMENTO\2026-07-JULHO\IAC_241065600_Soundbar Samsung HW-Q600F 3.1.2 Canais Bluetooth com Subwoofer 380W Preto"
"241075000","IAC_241075000_Geladeira-Refrigerador Brastemp Frost Free Duplex Black Inox 415L BRM52ME","G:\Drives compartilhados\OAK-WORKSPACE\01 - JOBS\03 - IA E-COMMERCE\EM_ANDAMENTO\2026-07-JULHO\IAC_241075000_Geladeira-Refrigerador Brastemp Frost Free Duplex Black Inox 415L BRM52ME"
"241148700","IAC_241148700_Monitor Gamer Samsung Odyssey G9 Curvo Ultrawide 49- DQHD Preto LS49FG910ELXZD","G:\Drives compartilhados\OAK-WORKSPACE\01 - JOBS\03 - IA E-COMMERCE\EM_ANDAMENTO\2026-07-JULHO\IAC_241148700_Monitor Gamer Samsung Odyssey G9 Curvo Ultrawide 49- DQHD Preto LS49FG910ELXZD"
"241144700","IAC_241144700_Notebook ASUS Vivobook 15 X1504VA Intel Core i5 1334U 16Gb Ram 512GB SSD Linux KeepOS Intel Iris Xe Tela 15,6- LED FHD Blue - NJ1746","G:\Drives compartilhados\OAK-WORKSPACE\01 - JOBS\03 - IA E-COMMERCE\EM_ANDAMENTO\2026-07-JULHO\IAC_241144700_Notebook ASUS Vivobook 15 X1504VA Intel Core i5 1334U 16Gb Ram 512GB SSD Linux KeepOS Intel Iris Xe Tela 15,6- LED FHD Blue - NJ1746"
"241148600","IAC_241148600_Monitor Gamer Samsung LS27CG552ELMZD Odyssey Curvo 27’’ QHD Preto AA31792","G:\Drives compartilhados\OAK-WORKSPACE\01 - JOBS\03 - IA E-COMMERCE\EM_ANDAMENTO\2026-07-JULHO\IAC_241148600_Monitor Gamer Samsung LS27CG552ELMZD Odyssey Curvo 27’’ QHD Preto AA31792"
"241142800","IAC_241142800_Fralda Descartável Huggies Máxima Proteção XG 12 a 15kg 112 Unidades","G:\Drives compartilhados\OAK-WORKSPACE\01 - JOBS\03 - IA E-COMMERCE\EM_ANDAMENTO\2026-07-JULHO\IAC_241142800_Fralda Descartável Huggies Máxima Proteção XG 12 a 15kg 112 Unidades"
"241174400","IAC_241174400_Lava e Seca Smart LG 18kg WD18GNT Motor Inverter Direct Drive Água Fria e Quente Black Inox","G:\Drives compartilhados\OAK-WORKSPACE\01 - JOBS\03 - IA E-COMMERCE\EM_ANDAMENTO\2026-07-JULHO\IAC_241174400_Lava e Seca Smart LG 18kg WD18GNT Motor Inverter Direct Drive Água Fria e Quente Black Inox"
"241186700","IAC_241186700_Lavadora de Roupas Electrolux Inverter 12kg Cesto Inox 8 Programas de Lavagem Água Quente Cinza Ônix LFC12","G:\Drives compartilhados\OAK-WORKSPACE\01 - JOBS\03 - IA E-COMMERCE\EM_ANDAMENTO\2026-07-JULHO\IAC_241186700_Lavadora de Roupas Electrolux Inverter 12kg Cesto Inox 8 Programas de Lavagem Água Quente Cinza Ônix LFC12"
"241202400","IAC_241202400_Smartphone Motorola Edge 70 5G Crystals by Swarovski 512GB 24GB (12GB RAM + 12GB RAM Boost) Ultrafino 3 Câmeras 50MP e Tela Extreme Amoled 120Hz","G:\Drives compartilhados\OAK-WORKSPACE\01 - JOBS\03 - IA E-COMMERCE\EM_ANDAMENTO\2026-07-JULHO\IAC_241202400_Smartphone Motorola Edge 70 5G Crystals by Swarovski 512GB 24GB (12GB RAM + 12GB RAM Boost) Ultrafino 3 Câmeras 50MP e Tela Extreme Amoled 120Hz"
"241202600","IAC_241202600_Smartphone Motorola Moto G77 5G 256GB 24GB (8GB RAM + 16GB RAM Boost) Câmera 108MP Ultra-Pixel Tela 1.5K Extreme Amoled 120Hz Ultrarresistente","G:\Drives compartilhados\OAK-WORKSPACE\01 - JOBS\03 - IA E-COMMERCE\EM_ANDAMENTO\2026-07-JULHO\IAC_241202600_Smartphone Motorola Moto G77 5G 256GB 24GB (8GB RAM + 16GB RAM Boost) Câmera 108MP Ultra-Pixel Tela 1.5K Extreme Amoled 120Hz Ultrarresistente"
"241203000","IAC_241203000_Smartphone Motorola Moto G17 4G, 128GB, 4GB RAM, Camera 50MP Sony Lytia 600, tela FHD 60hz, bateria 5200 mAh","G:\Drives compartilhados\OAK-WORKSPACE\01 - JOBS\03 - IA E-COMMERCE\EM_ANDAMENTO\2026-07-JULHO\IAC_241203000_Smartphone Motorola Moto G17 4G, 128GB, 4GB RAM, Camera 50MP Sony Lytia 600, tela FHD 60hz, bateria 5200 mAh"
"241202500","IAC_241202500_Smartphone Motorola Moto G67 128GB 5G 4GB RAM+8GB Ram Boost Chumbo 6,8- Câm. Tripla + Selfie 32MP","G:\Drives compartilhados\OAK-WORKSPACE\01 - JOBS\03 - IA E-COMMERCE\EM_ANDAMENTO\2026-07-JULHO\IAC_241202500_Smartphone Motorola Moto G67 128GB 5G 4GB RAM+8GB Ram Boost Chumbo 6,8- Câm. Tripla + Selfie 32MP"
"241189400","IAC_241189400_Panela de Pressão Elétrica 8L Philco Digital PPP80 56402094","G:\Drives compartilhados\OAK-WORKSPACE\01 - JOBS\03 - IA E-COMMERCE\EM_ANDAMENTO\2026-07-JULHO\IAC_241189400_Panela de Pressão Elétrica 8L Philco Digital PPP80 56402094"
"241192000","IAC_241192000_Robô Aspirador de Pó 4 em 1 Electrolux Experience ERB44 100W 3016AEG0001","G:\Drives compartilhados\OAK-WORKSPACE\01 - JOBS\03 - IA E-COMMERCE\EM_ANDAMENTO\2026-07-JULHO\IAC_241192000_Robô Aspirador de Pó 4 em 1 Electrolux Experience ERB44 100W 3016AEG0001"
"241203200","IAC_241203200_Smartphone Motorola Edge 70 5G 256GB 24GB (8GB RAM + 16GB RAM Boost) Ultrafino 3 Câmeras 50MP Tela 1.5K Extreme Amoled 120Hz","G:\Drives compartilhados\OAK-WORKSPACE\01 - JOBS\03 - IA E-COMMERCE\EM_ANDAMENTO\2026-07-JULHO\IAC_241203200_Smartphone Motorola Edge 70 5G 256GB 24GB (8GB RAM + 16GB RAM Boost) Ultrafino 3 Câmeras 50MP Tela 1.5K Extreme Amoled 120Hz"
"241195500","IAC_241195500_Frigideira Antiaderente Panelux de Alumínio Com Tampa Magnific Grafite 22cm","G:\Drives compartilhados\OAK-WORKSPACE\01 - JOBS\03 - IA E-COMMERCE\EM_ANDAMENTO\2026-07-JULHO\IAC_241195500_Frigideira Antiaderente Panelux de Alumínio Com Tampa Magnific Grafite 22cm"
"241202200","IAC_241202200_Smartphone Motorola Moto G17 4G 256GB 12GB (4GB RAM + 8GB RAM Boost) Câmera 50MP Sony Lytia 600 Tela FHD+ 60Hz Bateria 5200 mAh","G:\Drives compartilhados\OAK-WORKSPACE\01 - JOBS\03 - IA E-COMMERCE\EM_ANDAMENTO\2026-07-JULHO\IAC_241202200_Smartphone Motorola Moto G17 4G 256GB 12GB (4GB RAM + 8GB RAM Boost) Câmera 50MP Sony Lytia 600 Tela FHD+ 60Hz Bateria 5200 mAh"
"241192200","IAC_241192200_Kit de Mouse e Teclado Dell KM300C Convencional Preto","G:\Drives compartilhados\OAK-WORKSPACE\01 - JOBS\03 - IA E-COMMERCE\EM_ANDAMENTO\2026-07-JULHO\IAC_241192200_Kit de Mouse e Teclado Dell KM300C Convencional Preto"
"241152500","IAC_241152500_Monitor 60Hz Full HD Dell Serie C C2423H 23,8- IPS LED 210-BJTW","G:\Drives compartilhados\OAK-WORKSPACE\01 - JOBS\03 - IA E-COMMERCE\EM_ANDAMENTO\2026-07-JULHO\IAC_241152500_Monitor 60Hz Full HD Dell Serie C C2423H 23,8- IPS LED 210-BJTW"
"241174300","IAC_241174300_Lava e Seca Smart LG 16kg WD16GNT Motor Inverter Direct Drive Água Fria e Quente Black Inox","G:\Drives compartilhados\OAK-WORKSPACE\01 - JOBS\03 - IA E-COMMERCE\EM_ANDAMENTO\2026-07-JULHO\IAC_241174300_Lava e Seca Smart LG 16kg WD16GNT Motor Inverter Direct Drive Água Fria e Quente Black Inox"
"241188200","IAC_241188200_Air Fryer Britânia BAF45A 4,35L Preta 63801122","G:\Drives compartilhados\OAK-WORKSPACE\01 - JOBS\03 - IA E-COMMERCE\EM_ANDAMENTO\2026-07-JULHO\IAC_241188200_Air Fryer Britânia BAF45A 4,35L Preta 63801122"
"241152600","IAC_241152600_Jogo de Panelas Bianchini Revestimento Cerâmico Antiaderente de Alumínio Bege 5 Peças Provence","G:\Drives compartilhados\OAK-WORKSPACE\01 - JOBS\03 - IA E-COMMERCE\EM_ANDAMENTO\2026-07-JULHO\IAC_241152600_Jogo de Panelas Bianchini Revestimento Cerâmico Antiaderente de Alumínio Bege 5 Peças Provence"
"241174700","IAC_241174700_Lava e Seca Smart LG 16kg WD16WNT Inverter Smart Água Fria e Quente Branca","G:\Drives compartilhados\OAK-WORKSPACE\01 - JOBS\03 - IA E-COMMERCE\EM_ANDAMENTO\2026-07-JULHO\IAC_241174700_Lava e Seca Smart LG 16kg WD16WNT Inverter Smart Água Fria e Quente Branca"
"241180700","IAC_241180700_Armário de Cozinha Compacta Itatiaia Florença Aço Porta de Vidro 6 Portas 2 Gavetas","G:\Drives compartilhados\OAK-WORKSPACE\01 - JOBS\03 - IA E-COMMERCE\EM_ANDAMENTO\2026-07-JULHO\IAC_241180700_Armário de Cozinha Compacta Itatiaia Florença Aço Porta de Vidro 6 Portas 2 Gavetas"
"241188900","IAC_241188900_Air Fryer Philco PAF15C Oven 15L Preto","G:\Drives compartilhados\OAK-WORKSPACE\01 - JOBS\03 - IA E-COMMERCE\EM_ANDAMENTO\2026-07-JULHO\IAC_241188900_Air Fryer Philco PAF15C Oven 15L Preto"
"241188100","IAC_241188100_Air Fryer Britânia BFR36A 4,2L Preta 63802129","G:\Drives compartilhados\OAK-WORKSPACE\01 - JOBS\03 - IA E-COMMERCE\EM_ANDAMENTO\2026-07-JULHO\IAC_241188100_Air Fryer Britânia BFR36A 4,2L Preta 63802129"
"241325500","IAC_241325500_Freezer Horizontal Electrolux 141L 1 Porta Inverter HB150","G:\Drives compartilhados\OAK-WORKSPACE\01 - JOBS\03 - IA E-COMMERCE\EM_ANDAMENTO\2026-07-JULHO\IAC_241325500_Freezer Horizontal Electrolux 141L 1 Porta Inverter HB150"
"241323000","IAC_241323000_Smartphone Motorola Edge 70 Fusion 5G 256GB 24GB (8GB RAM + 16GB RAM Boost) Câmera 50MP Sony Lytia 710 Tela 1.5K Extreme Amoled 144Hz","G:\Drives compartilhados\OAK-WORKSPACE\01 - JOBS\03 - IA E-COMMERCE\EM_ANDAMENTO\2026-07-JULHO\IAC_241323000_Smartphone Motorola Edge 70 Fusion 5G 256GB 24GB (8GB RAM + 16GB RAM Boost) Câmera 50MP Sony Lytia 710 Tela 1.5K Extreme Amoled 144Hz"
"241293000","IAC_241293000_Fogão 4 Bocas Atlas Preto Up Glass Agile","G:\Drives compartilhados\OAK-WORKSPACE\01 - JOBS\03 - IA E-COMMERCE\EM_ANDAMENTO\2026-07-JULHO\IAC_241293000_Fogão 4 Bocas Atlas Preto Up Glass Agile"
"241325400","IAC_241325400_Freezer Horizontal Electrolux 95L 1 Porta Inverter HB100","G:\Drives compartilhados\OAK-WORKSPACE\01 - JOBS\03 - IA E-COMMERCE\EM_ANDAMENTO\2026-07-JULHO\IAC_241325400_Freezer Horizontal Electrolux 95L 1 Porta Inverter HB100"
"241314100","IAC_241314100_Smart TV AOC 50- LED ROKU 4K Wi-Fi 50U6125-78G Bivolt","G:\Drives compartilhados\OAK-WORKSPACE\01 - JOBS\03 - IA E-COMMERCE\EM_ANDAMENTO\2026-07-JULHO\IAC_241314100_Smart TV AOC 50- LED ROKU 4K Wi-Fi 50U6125-78G Bivolt"
"241292400","IAC_241292400_Fogão Elétrico 4 Bocas Atlas Branco Agile","G:\Drives compartilhados\OAK-WORKSPACE\01 - JOBS\03 - IA E-COMMERCE\EM_ANDAMENTO\2026-07-JULHO\IAC_241292400_Fogão Elétrico 4 Bocas Atlas Branco Agile"
"241258700","IAC_241258700_Box Premium Álbum de Figurinhas Capa Dura Prata Copa do Mundo FIFA 2026 EUA com 50 Pacotes de Figurinhas Panini","G:\Drives compartilhados\OAK-WORKSPACE\01 - JOBS\03 - IA E-COMMERCE\EM_ANDAMENTO\2026-07-JULHO\IAC_241258700_Box Premium Álbum de Figurinhas Capa Dura Prata Copa do Mundo FIFA 2026 EUA com 50 Pacotes de Figurinhas Panini"
"241258300","IAC_241258300_Álbum de Figurinhas Capa Dura Prata Copa do Mundo FIFA 2026 EUA Panini","G:\Drives compartilhados\OAK-WORKSPACE\01 - JOBS\03 - IA E-COMMERCE\EM_ANDAMENTO\2026-07-JULHO\IAC_241258300_Álbum de Figurinhas Capa Dura Prata Copa do Mundo FIFA 2026 EUA Panini"
"241313000","IAC_241313000_Robô Aspirador Limpa Piso Electrolux Experience ERB60 140W com Mapeamento Compatível com Alexa 3016AEG0002","G:\Drives compartilhados\OAK-WORKSPACE\01 - JOBS\03 - IA E-COMMERCE\EM_ANDAMENTO\2026-07-JULHO\IAC_241313000_Robô Aspirador Limpa Piso Electrolux Experience ERB60 140W com Mapeamento Compatível com Alexa 3016AEG0002"
"241292900","IAC_241292900_Fogão 5 Bocas Atlas Branco Mônaco Top","G:\Drives compartilhados\OAK-WORKSPACE\01 - JOBS\03 - IA E-COMMERCE\EM_ANDAMENTO\2026-07-JULHO\IAC_241292900_Fogão 5 Bocas Atlas Branco Mônaco Top"
"241298200","IAC_241298200_Monitor Acer 23,8- Full HD 120Hz CB242Y IPS LED UM.QB7AA.602 com WEBCAM","G:\Drives compartilhados\OAK-WORKSPACE\01 - JOBS\03 - IA E-COMMERCE\EM_ANDAMENTO\2026-07-JULHO\IAC_241298200_Monitor Acer 23,8- Full HD 120Hz CB242Y IPS LED UM.QB7AA.602 com WEBCAM"
"241348400","IAC_241348400_Tanquinho de Lavar Roupas Colormaq 10kg Ecomax LCS10","G:\Drives compartilhados\OAK-WORKSPACE\01 - JOBS\03 - IA E-COMMERCE\EM_ANDAMENTO\2026-07-JULHO\IAC_241348400_Tanquinho de Lavar Roupas Colormaq 10kg Ecomax LCS10"
"241292100","IAC_241292100_Fogão 5 Bocas Atlas Branco Mônaco Plus","G:\Drives compartilhados\OAK-WORKSPACE\01 - JOBS\03 - IA E-COMMERCE\EM_ANDAMENTO\2026-07-JULHO\IAC_241292100_Fogão 5 Bocas Atlas Branco Mônaco Plus"
"241292200","IAC_241292200_Fogão 4 Bocas Atlas Preto Mônaco Top Glass","G:\Drives compartilhados\OAK-WORKSPACE\01 - JOBS\03 - IA E-COMMERCE\EM_ANDAMENTO\2026-07-JULHO\IAC_241292200_Fogão 4 Bocas Atlas Preto Mônaco Top Glass"
"241243300","IAC_241243300_Forno Elétrico de Bancada Mondial Multifuncional Função Grill 60L Preto e Inox Family Grill FRN-60-BI","G:\Drives compartilhados\OAK-WORKSPACE\01 - JOBS\03 - IA E-COMMERCE\EM_ANDAMENTO\2026-07-JULHO\IAC_241243300_Forno Elétrico de Bancada Mondial Multifuncional Função Grill 60L Preto e Inox Family Grill FRN-60-BI"
"241292000","IAC_241292000_Fogão 4 Bocas Atlas Branco Coliseum Plus","G:\Drives compartilhados\OAK-WORKSPACE\01 - JOBS\03 - IA E-COMMERCE\EM_ANDAMENTO\2026-07-JULHO\IAC_241292000_Fogão 4 Bocas Atlas Branco Coliseum Plus"
"241335600","IAC_241335600_Mixer e Blender Philco 400W Preto Pro Maxx PMX40A 2 Velocidades","G:\Drives compartilhados\OAK-WORKSPACE\01 - JOBS\03 - IA E-COMMERCE\EM_ANDAMENTO\2026-07-JULHO\IAC_241335600_Mixer e Blender Philco 400W Preto Pro Maxx PMX40A 2 Velocidades"
"241298100","IAC_241298100_Monitor Acer 23,8- Full HD 120Hz EK241Y Gbi IPS UM.QE1AA.G01","G:\Drives compartilhados\OAK-WORKSPACE\01 - JOBS\03 - IA E-COMMERCE\EM_ANDAMENTO\2026-07-JULHO\IAC_241298100_Monitor Acer 23,8- Full HD 120Hz EK241Y Gbi IPS UM.QE1AA.G01"
"241224400","IAC_241224400_Jogo de Panelas Tramontina Revestimento Cerâmico de Alumínio Linho 5 Peças Veronese","G:\Drives compartilhados\OAK-WORKSPACE\01 - JOBS\03 - IA E-COMMERCE\EM_ANDAMENTO\2026-07-JULHO\IAC_241224400_Jogo de Panelas Tramontina Revestimento Cerâmico de Alumínio Linho 5 Peças Veronese"
"241324100","IAC_241324100_Monitor Gamer LG 24G411A-B 24” Full HD Preto UltraGear G","G:\Drives compartilhados\OAK-WORKSPACE\01 - JOBS\03 - IA E-COMMERCE\EM_ANDAMENTO\2026-07-JULHO\IAC_241324100_Monitor Gamer LG 24G411A-B 24” Full HD Preto UltraGear G"
"241292500","IAC_241292500_Fogão 5 Bocas Atlas Branco Agile","G:\Drives compartilhados\OAK-WORKSPACE\01 - JOBS\03 - IA E-COMMERCE\EM_ANDAMENTO\2026-07-JULHO\IAC_241292500_Fogão 5 Bocas Atlas Branco Agile"
"241258800","IAC_241258800_Box Gaveta Álbum de Figurinhas Capa Dura (Colorido) Copa do Mundo FIFA 2026 EUA com 60 Pacotes de Figurinhas Panini","G:\Drives compartilhados\OAK-WORKSPACE\01 - JOBS\03 - IA E-COMMERCE\EM_ANDAMENTO\2026-07-JULHO\IAC_241258800_Box Gaveta Álbum de Figurinhas Capa Dura (Colorido) Copa do Mundo FIFA 2026 EUA com 60 Pacotes de Figurinhas Panini"
"241298300","IAC_241298300_Monitor Gamer Acer KG243Y P1bip 23,8- Full HD Preto KG Nitro Series UM.QX3AA.103","G:\Drives compartilhados\OAK-WORKSPACE\01 - JOBS\03 - IA E-COMMERCE\EM_ANDAMENTO\2026-07-JULHO\IAC_241298300_Monitor Gamer Acer KG243Y P1bip 23,8- Full HD Preto KG Nitro Series UM.QX3AA.103"
"241222200","IAC_241222200_Geladeira-Refrigerador Esmaltec Cycle Defrost 1 Porta Branco 291L ROC35 PRO","G:\Drives compartilhados\OAK-WORKSPACE\01 - JOBS\03 - IA E-COMMERCE\EM_ANDAMENTO\2026-07-JULHO\IAC_241222200_Geladeira-Refrigerador Esmaltec Cycle Defrost 1 Porta Branco 291L ROC35 PRO"
"241258200","IAC_241258200_Blister com 12 Pacotes de Figurinhas Copa do Mundo FIFA 2026 EUA","G:\Drives compartilhados\OAK-WORKSPACE\01 - JOBS\03 - IA E-COMMERCE\EM_ANDAMENTO\2026-07-JULHO\IAC_241258200_Blister com 12 Pacotes de Figurinhas Copa do Mundo FIFA 2026 EUA"
"241292700","IAC_241292700_Fogão 5 Bocas Atlas Preto Up Glass Agile","G:\Drives compartilhados\OAK-WORKSPACE\01 - JOBS\03 - IA E-COMMERCE\EM_ANDAMENTO\2026-07-JULHO\IAC_241292700_Fogão 5 Bocas Atlas Preto Up Glass Agile"
"241258500","IAC_241258500_Álbum de Figurinhas Capa Dura Ouro Copa do Mundo FIFA 2026 EUA Panini","G:\Drives compartilhados\OAK-WORKSPACE\01 - JOBS\03 - IA E-COMMERCE\EM_ANDAMENTO\2026-07-JULHO\IAC_241258500_Álbum de Figurinhas Capa Dura Ouro Copa do Mundo FIFA 2026 EUA Panini"
"241292600","IAC_241292600_Fogão 4 Bocas Atlas Branco Mônaco Plus","G:\Drives compartilhados\OAK-WORKSPACE\01 - JOBS\03 - IA E-COMMERCE\EM_ANDAMENTO\2026-07-JULHO\IAC_241292600_Fogão 4 Bocas Atlas Branco Mônaco Plus"
"241228100","IAC_241228100_Impressora Multifuncional HP Smart Tank 589 Tanque de Tinta Colorida Wi-Fi 1 USB","G:\Drives compartilhados\OAK-WORKSPACE\01 - JOBS\03 - IA E-COMMERCE\EM_ANDAMENTO\2026-07-JULHO\IAC_241228100_Impressora Multifuncional HP Smart Tank 589 Tanque de Tinta Colorida Wi-Fi 1 USB"
"241258600","IAC_241258600_Álbum de Figurinhas Brochura Copa do Mundo FIFA 2026 EUA Panini","G:\Drives compartilhados\OAK-WORKSPACE\01 - JOBS\03 - IA E-COMMERCE\EM_ANDAMENTO\2026-07-JULHO\IAC_241258600_Álbum de Figurinhas Brochura Copa do Mundo FIFA 2026 EUA Panini"
"241258400","IAC_241258400_Álbum de Figurinhas Capa Dura Copa do Mundo FIFA 2026 EUA Panini","G:\Drives compartilhados\OAK-WORKSPACE\01 - JOBS\03 - IA E-COMMERCE\EM_ANDAMENTO\2026-07-JULHO\IAC_241258400_Álbum de Figurinhas Capa Dura Copa do Mundo FIFA 2026 EUA Panini"
"241292300","IAC_241292300_Fogão 5 Bocas Atlas Preto Mônaco Top Glass","G:\Drives compartilhados\OAK-WORKSPACE\01 - JOBS\03 - IA E-COMMERCE\EM_ANDAMENTO\2026-07-JULHO\IAC_241292300_Fogão 5 Bocas Atlas Preto Mônaco Top Glass"
"241206000","IAC_241206000_Monitor Gamer Zowie XL2566X+ 24,1- Full HD Preto","G:\Drives compartilhados\OAK-WORKSPACE\01 - JOBS\03 - IA E-COMMERCE\EM_ANDAMENTO\2026-07-JULHO\IAC_241206000_Monitor Gamer Zowie XL2566X+ 24,1- Full HD Preto"
"241228000","IAC_241228000_Varal de Chão Dobrável Secalux Paris","G:\Drives compartilhados\OAK-WORKSPACE\01 - JOBS\03 - IA E-COMMERCE\EM_ANDAMENTO\2026-07-JULHO\IAC_241228000_Varal de Chão Dobrável Secalux Paris"
"241220000","IAC_241220000_Pneu Pirelli Aro 15 P400 Evo 185-65R15 88H","G:\Drives compartilhados\OAK-WORKSPACE\01 - JOBS\03 - IA E-COMMERCE\EM_ANDAMENTO\2026-07-JULHO\IAC_241220000_Pneu Pirelli Aro 15 P400 Evo 185-65R15 88H"
"241220900","IAC_241220900_Pneu Aro 16 Pirelli 205-55 r16 91v P400 Evo","G:\Drives compartilhados\OAK-WORKSPACE\01 - JOBS\03 - IA E-COMMERCE\EM_ANDAMENTO\2026-07-JULHO\IAC_241220900_Pneu Aro 16 Pirelli 205-55 r16 91v P400 Evo"
"241221400","IAC_241221400_Pneu Aro 17 225-45R17 Pirelli Powergy 91W","G:\Drives compartilhados\OAK-WORKSPACE\01 - JOBS\03 - IA E-COMMERCE\EM_ANDAMENTO\2026-07-JULHO\IAC_241221400_Pneu Aro 17 225-45R17 Pirelli Powergy 91W"
"241206200","IAC_241206200_Geladeira-Refrigerador Esmaltec Cycle Defrost 1 Porta Branco 293L ROC31 PRO","G:\Drives compartilhados\OAK-WORKSPACE\01 - JOBS\03 - IA E-COMMERCE\EM_ANDAMENTO\2026-07-JULHO\IAC_241206200_Geladeira-Refrigerador Esmaltec Cycle Defrost 1 Porta Branco 293L ROC31 PRO"
"241203400","IAC_241203400_Motorola Edge 70 Fusion+ Verde Claro 5G 256GB 24GB (12GB RAM + 12GB RAM Boost) Câmera 50MP Sony Lytia 710 Tela 1.5K Extreme Amoled 144Hz","G:\Drives compartilhados\OAK-WORKSPACE\01 - JOBS\03 - IA E-COMMERCE\EM_ANDAMENTO\2026-07-JULHO\IAC_241203400_Motorola Edge 70 Fusion+ Verde Claro 5G 256GB 24GB (12GB RAM + 12GB RAM Boost) Câmera 50MP Sony Lytia 710 Tela 1.5K Extreme Amoled 144Hz"
"241203900","IAC_241203900_Smartphone Motorola Signature 5G 512GB 24GB (12GB RAM + 12GB RAM Boost) 3 Câmeras 50MP Sony Lytia e Zoom 100x Tela 1.5K Extreme Amoled 165Hz","G:\Drives compartilhados\OAK-WORKSPACE\01 - JOBS\03 - IA E-COMMERCE\EM_ANDAMENTO\2026-07-JULHO\IAC_241203900_Smartphone Motorola Signature 5G 512GB 24GB (12GB RAM + 12GB RAM Boost) 3 Câmeras 50MP Sony Lytia e Zoom 100x Tela 1.5K Extreme Amoled 165Hz"
"241219900","IAC_241219900_Pneu Aro 14- 175-70R14 Pirelli 84T P400 Evo","G:\Drives compartilhados\OAK-WORKSPACE\01 - JOBS\03 - IA E-COMMERCE\EM_ANDAMENTO\2026-07-JULHO\IAC_241219900_Pneu Aro 14- 175-70R14 Pirelli 84T P400 Evo"
"241203500","IAC_241203500_Smartphone Motorola Moto G67 5G 256GB 12GB (4GB RAM + 8GB RAM Boost) Câmera 50MP Sony Lytia 600 Tela 1.5K Extreme Amoled 120Hz Ultrarresistente","G:\Drives compartilhados\OAK-WORKSPACE\01 - JOBS\03 - IA E-COMMERCE\EM_ANDAMENTO\2026-07-JULHO\IAC_241203500_Smartphone Motorola Moto G67 5G 256GB 12GB (4GB RAM + 8GB RAM Boost) Câmera 50MP Sony Lytia 600 Tela 1.5K Extreme Amoled 120Hz Ultrarresistente"
"241220800","IAC_241220800_Pneu Pirelli Aro16 Scorpion Verde All Season 215-65R16 102H XL","G:\Drives compartilhados\OAK-WORKSPACE\01 - JOBS\03 - IA E-COMMERCE\EM_ANDAMENTO\2026-07-JULHO\IAC_241220800_Pneu Pirelli Aro16 Scorpion Verde All Season 215-65R16 102H XL"
"241203800","IAC_241203800_Smartphone Motorola Edge 70 5G 512GB 24GB (12GB RAM + 12GB RAM Boost) Ultrafino 3 Câmeras 50MP Tela 1.5K Extreme Amoled 120Hz","G:\Drives compartilhados\OAK-WORKSPACE\01 - JOBS\03 - IA E-COMMERCE\EM_ANDAMENTO\2026-07-JULHO\IAC_241203800_Smartphone Motorola Edge 70 5G 512GB 24GB (12GB RAM + 12GB RAM Boost) Ultrafino 3 Câmeras 50MP Tela 1.5K Extreme Amoled 120Hz"
"241370300","IAC_241370300_Notebook ASUS TUF Gaming F16 FX607VU RTX4050 Intel Core 5 210H 8Gb Ram 512Gb SSD Linux KeepOS Tela Nível IPS 16- LED 144Hz Gray - RL054","G:\Drives compartilhados\OAK-WORKSPACE\01 - JOBS\03 - IA E-COMMERCE\EM_ANDAMENTO\2026-07-JULHO\IAC_241370300_Notebook ASUS TUF Gaming F16 FX607VU RTX4050 Intel Core 5 210H 8Gb Ram 512Gb SSD Linux KeepOS Tela Nível IPS 16- LED 144Hz Gray - RL054"
"241354100","IAC_241354100_Smartphone OPPO A6 256GB 18GB RAM Safira 6,75- Câmera Dupla 50MP+2MP + Selfie 8MP","G:\Drives compartilhados\OAK-WORKSPACE\01 - JOBS\03 - IA E-COMMERCE\EM_ANDAMENTO\2026-07-JULHO\IAC_241354100_Smartphone OPPO A6 256GB 18GB RAM Safira 6,75- Câmera Dupla 50MP+2MP + Selfie 8MP"
"241357500","IAC_241357500_Liquidificador Oster Super Chef Copo de Vidro 750W 1,5L Preto BLSTMG-BR8-317","G:\Drives compartilhados\OAK-WORKSPACE\01 - JOBS\03 - IA E-COMMERCE\EM_ANDAMENTO\2026-07-JULHO\IAC_241357500_Liquidificador Oster Super Chef Copo de Vidro 750W 1,5L Preto BLSTMG-BR8-317"
"241382000","IAC_241382000_Panela de Pressão Elétrica 5,7L Oster Digital OPAN930 OPAN930-127","G:\Drives compartilhados\OAK-WORKSPACE\01 - JOBS\03 - IA E-COMMERCE\EM_ANDAMENTO\2026-07-JULHO\IAC_241382000_Panela de Pressão Elétrica 5,7L Oster Digital OPAN930 OPAN930-127"
"241356200","IAC_241356200_Passadeira a Vapor Oster Portátil 240ml 1270W Preto Power GCSTES-101","G:\Drives compartilhados\OAK-WORKSPACE\01 - JOBS\03 - IA E-COMMERCE\EM_ANDAMENTO\2026-07-JULHO\IAC_241356200_Passadeira a Vapor Oster Portátil 240ml 1270W Preto Power GCSTES-101"
"241357000","IAC_241357000_Moedor de Café Oster OMDR110 150W 1 Nível de Moagem","G:\Drives compartilhados\OAK-WORKSPACE\01 - JOBS\03 - IA E-COMMERCE\EM_ANDAMENTO\2026-07-JULHO\IAC_241357000_Moedor de Café Oster OMDR110 150W 1 Nível de Moagem"
"241350700","IAC_241350700_Aspirador de Pó 3 em 1 Wap 1600W Power Speed Max Cinza e Vermelho FW012310","G:\Drives compartilhados\OAK-WORKSPACE\01 - JOBS\03 - IA E-COMMERCE\EM_ANDAMENTO\2026-07-JULHO\IAC_241350700_Aspirador de Pó 3 em 1 Wap 1600W Power Speed Max Cinza e Vermelho FW012310"
"241356000","IAC_241356000_Forno Elétrico de Bancada Philco Multifuncional Grill 66L com Lâmpada Preto PFE66","G:\Drives compartilhados\OAK-WORKSPACE\01 - JOBS\03 - IA E-COMMERCE\EM_ANDAMENTO\2026-07-JULHO\IAC_241356000_Forno Elétrico de Bancada Philco Multifuncional Grill 66L com Lâmpada Preto PFE66"
"241352200","IAC_241352200_Lavadora de Roupas Consul 14kg Cesto Inox 12 programas Branco CWN14AB","G:\Drives compartilhados\OAK-WORKSPACE\01 - JOBS\03 - IA E-COMMERCE\EM_ANDAMENTO\2026-07-JULHO\IAC_241352200_Lavadora de Roupas Consul 14kg Cesto Inox 12 programas Branco CWN14AB"
"241351600","IAC_241351600_Máquina de Lavar Brastemp 16Kg Cinza Timer Pro - BWT16A9","G:\Drives compartilhados\OAK-WORKSPACE\01 - JOBS\03 - IA E-COMMERCE\EM_ANDAMENTO\2026-07-JULHO\IAC_241351600_Máquina de Lavar Brastemp 16Kg Cinza Timer Pro - BWT16A9"
"241351800","IAC_241351800_Lavadora de Roupas Brastemp 16kg Cesto Inox 12 programas Branco BWF16AB","G:\Drives compartilhados\OAK-WORKSPACE\01 - JOBS\03 - IA E-COMMERCE\EM_ANDAMENTO\2026-07-JULHO\IAC_241351800_Lavadora de Roupas Brastemp 16kg Cesto Inox 12 programas Branco BWF16AB"
"241355700","IAC_241355700_Centrífuga de Roupas 15kg Britânia BCE15A Branco","G:\Drives compartilhados\OAK-WORKSPACE\01 - JOBS\03 - IA E-COMMERCE\EM_ANDAMENTO\2026-07-JULHO\IAC_241355700_Centrífuga de Roupas 15kg Britânia BCE15A Branco"
"241353900","IAC_241353900_Smartphone OPPO A6k 256GB 4GB RAM+8GB Ram Boost Azul Cristal 6,75- Câmera Dupla 50MP + Selfie 5MP","G:\Drives compartilhados\OAK-WORKSPACE\01 - JOBS\03 - IA E-COMMERCE\EM_ANDAMENTO\2026-07-JULHO\IAC_241353900_Smartphone OPPO A6k 256GB 4GB RAM+8GB Ram Boost Azul Cristal 6,75- Câmera Dupla 50MP + Selfie 5MP"
"241352400","IAC_241352400_Lavadora de Roupas Consul 16kg Cesto Inox 12 programas Branco CWN16AB","G:\Drives compartilhados\OAK-WORKSPACE\01 - JOBS\03 - IA E-COMMERCE\EM_ANDAMENTO\2026-07-JULHO\IAC_241352400_Lavadora de Roupas Consul 16kg Cesto Inox 12 programas Branco CWN16AB"
"241352000","IAC_241352000_Lavadora de Roupas Consul 10kg 16 Programas de Lavagem Branca CWB10BB","G:\Drives compartilhados\OAK-WORKSPACE\01 - JOBS\03 - IA E-COMMERCE\EM_ANDAMENTO\2026-07-JULHO\IAC_241352000_Lavadora de Roupas Consul 10kg 16 Programas de Lavagem Branca CWB10BB"
"241493400","IAC_241493400_Smartphone Samsung Galaxy A57 256GB 5G 8GB RAM Lilás 6,7- Câm Tripla + Selfie 12MP","G:\Drives compartilhados\OAK-WORKSPACE\01 - JOBS\03 - IA E-COMMERCE\EM_ANDAMENTO\2026-07-JULHO\IAC_241493400_Smartphone Samsung Galaxy A57 256GB 5G 8GB RAM Lilás 6,7- Câm Tripla + Selfie 12MP"
"241492400","IAC_241492400_Smartphone Samsung Galaxy A37 256GB 5G 6GB RAM Preto 6,7- Câm Tripla + Selfie 12MP","G:\Drives compartilhados\OAK-WORKSPACE\01 - JOBS\03 - IA E-COMMERCE\EM_ANDAMENTO\2026-07-JULHO\IAC_241492400_Smartphone Samsung Galaxy A37 256GB 5G 6GB RAM Preto 6,7- Câm Tripla + Selfie 12MP"
"241502800","IAC_241502800_Smart TV 4K TCL Advanced QLED 55” Polegadas com Processador AIPQ, Dolby Vision, 120 Hz, HDR10+ e Wi-Fi - 55P7L","G:\Drives compartilhados\OAK-WORKSPACE\01 - JOBS\03 - IA E-COMMERCE\EM_ANDAMENTO\2026-07-JULHO\IAC_241502800_Smart TV 4K TCL Advanced QLED 55” Polegadas com Processador AIPQ, Dolby Vision, 120 Hz, HDR10+ e Wi-Fi - 55P7L"
"150673500","Lu_Ofer_150673500_Chip Triplo Corte Claro 5G Pré-Pago Cobertura Nacional","G:\Drives compartilhados\OAK-WORKSPACE\01 - JOBS\03 - IA E-COMMERCE\EM_ANDAMENTO\2026-07-JULHO\Lu_Ofer_150673500_Chip Triplo Corte Claro 5G Pré-Pago Cobertura Nacional"
"043179500","Lu_Ofer_043179500_Controle para PS4 e PC Sem Fio Dualshock 4 Sony - Preto","G:\Drives compartilhados\OAK-WORKSPACE\01 - JOBS\03 - IA E-COMMERCE\EM_ANDAMENTO\2026-07-JULHO\Lu_Ofer_043179500_Controle para PS4 e PC Sem Fio Dualshock 4 Sony - Preto"
"241493300","IAC_241493300_Smartphone Samsung Galaxy A57 128GB 5G 8GB RAM Cinza 6,7- Câm Tripla + Selfie 12MP","G:\Drives compartilhados\OAK-WORKSPACE\01 - JOBS\03 - IA E-COMMERCE\EM_ANDAMENTO\2026-07-JULHO\IAC_241493300_Smartphone Samsung Galaxy A57 128GB 5G 8GB RAM Cinza 6,7- Câm Tripla + Selfie 12MP"
"222260500","Lu_Ofer_222260500_Sabão Líquido Brilhante Limpeza Total 5L","G:\Drives compartilhados\OAK-WORKSPACE\01 - JOBS\03 - IA E-COMMERCE\EM_ANDAMENTO\2026-07-JULHO\Lu_Ofer_222260500_Sabão Líquido Brilhante Limpeza Total 5L"
"011356600","IAC_011356600_Micro-ondas Brastemp 32 Litros cor Inox Espelhado com Grill e Painel Integrado - BMG45AR","G:\Drives compartilhados\OAK-WORKSPACE\01 - JOBS\03 - IA E-COMMERCE\EM_ANDAMENTO\2026-07-JULHO\IAC_011356600_Micro-ondas Brastemp 32 Litros cor Inox Espelhado com Grill e Painel Integrado - BMG45AR"
"144301900","IAC_144301900_Panela de Pressão Panelux 4,5L Prata Classic 5000002","G:\Drives compartilhados\OAK-WORKSPACE\01 - JOBS\03 - IA E-COMMERCE\EM_ANDAMENTO\2026-07-JULHO\IAC_144301900_Panela de Pressão Panelux 4,5L Prata Classic 5000002"
"241686000","IAC_241686000_Guarda-roupa Casal 4 Gavetas 6 Portas Móveis Henn Americano","G:\Drives compartilhados\OAK-WORKSPACE\01 - JOBS\03 - IA E-COMMERCE\EM_ANDAMENTO\2026-07-JULHO\IAC_241686000_Guarda-roupa Casal 4 Gavetas 6 Portas Móveis Henn Americano"
"226146800","Lu_Ofer_226146800_Gin Amázzoni Rio Negro 750ml","G:\Drives compartilhados\OAK-WORKSPACE\01 - JOBS\03 - IA E-COMMERCE\EM_ANDAMENTO\2026-07-JULHO\Lu_Ofer_226146800_Gin Amázzoni Rio Negro 750ml"
"071314040","IAC_071314040_Conjunto de Mesa Dobrável com 4 Banquetas","G:\Drives compartilhados\OAK-WORKSPACE\01 - JOBS\03 - IA E-COMMERCE\EM_ANDAMENTO\2026-07-JULHO\IAC_071314040_Conjunto de Mesa Dobrável com 4 Banquetas"
"241439700","IAC_241439700_Caixa de Som Mondial CM-300-N X Sound Amplificada 300W RMS Bivolt","G:\Drives compartilhados\OAK-WORKSPACE\01 - JOBS\03 - IA E-COMMERCE\EM_ANDAMENTO\2026-07-JULHO\IAC_241439700_Caixa de Som Mondial CM-300-N X Sound Amplificada 300W RMS Bivolt"
"241472500","IAC_241472500_Kit 4 Pneu Xbri Aro 16 205-60r16 Tl 92 V Ecology","G:\Drives compartilhados\OAK-WORKSPACE\01 - JOBS\03 - IA E-COMMERCE\EM_ANDAMENTO\2026-07-JULHO\IAC_241472500_Kit 4 Pneu Xbri Aro 16 205-60r16 Tl 92 V Ecology"
"241438700","IAC_241438700_Panela de Arroz Elétrica 8 Xícaras Itatiaia Midi PAMID1001","G:\Drives compartilhados\OAK-WORKSPACE\01 - JOBS\03 - IA E-COMMERCE\EM_ANDAMENTO\2026-07-JULHO\IAC_241438700_Panela de Arroz Elétrica 8 Xícaras Itatiaia Midi PAMID1001"
"241394500","IAC_241394500_Centrífuga de Roupas 12kg Colormaq CCT04IPT Prata","G:\Drives compartilhados\OAK-WORKSPACE\01 - JOBS\03 - IA E-COMMERCE\EM_ANDAMENTO\2026-07-JULHO\IAC_241394500_Centrífuga de Roupas 12kg Colormaq CCT04IPT Prata"
"241382400","IAC_241382400_Notebook ASUS Vivobook Go 15 E1504FA-NJ1288 AMD Ryzen 5 7520U 16GB RAM SSD 15,6- Full HD Linux 90NB0ZR2-M028N0","G:\Drives compartilhados\OAK-WORKSPACE\01 - JOBS\03 - IA E-COMMERCE\EM_ANDAMENTO\2026-07-JULHO\IAC_241382400_Notebook ASUS Vivobook Go 15 E1504FA-NJ1288 AMD Ryzen 5 7520U 16GB RAM SSD 15,6- Full HD Linux 90NB0ZR2-M028N0"
"241421400","IAC_241421400_Gaseificador de Água Sodastream Gaia","G:\Drives compartilhados\OAK-WORKSPACE\01 - JOBS\03 - IA E-COMMERCE\EM_ANDAMENTO\2026-07-JULHO\IAC_241421400_Gaseificador de Água Sodastream Gaia"
"241472200","IAC_241472200_Pneu 195-55R15 Xbri Ecology 85V","G:\Drives compartilhados\OAK-WORKSPACE\01 - JOBS\03 - IA E-COMMERCE\EM_ANDAMENTO\2026-07-JULHO\IAC_241472200_Pneu 195-55R15 Xbri Ecology 85V"
"241383800","IAC_241383800_Forno Elétrico de Bancada Philco Grill 44L com Lâmpada Preto PFE44","G:\Drives compartilhados\OAK-WORKSPACE\01 - JOBS\03 - IA E-COMMERCE\EM_ANDAMENTO\2026-07-JULHO\IAC_241383800_Forno Elétrico de Bancada Philco Grill 44L com Lâmpada Preto PFE44"
"241478800","IAC_241478800_Tanquinho de Lavar Roupas Colormaq 15kg LCS15","G:\Drives compartilhados\OAK-WORKSPACE\01 - JOBS\03 - IA E-COMMERCE\EM_ANDAMENTO\2026-07-JULHO\IAC_241478800_Tanquinho de Lavar Roupas Colormaq 15kg LCS15"
"241386500","IAC_241386500_Lavadora de Roupas Brastemp 16kg Cesto Inox 4 Programas de Lavagem Cinza BWF16A9","G:\Drives compartilhados\OAK-WORKSPACE\01 - JOBS\03 - IA E-COMMERCE\EM_ANDAMENTO\2026-07-JULHO\IAC_241386500_Lavadora de Roupas Brastemp 16kg Cesto Inox 4 Programas de Lavagem Cinza BWF16A9"
"241387300","IAC_241387300_Smart TV 50- TCL 4K UHD MiniLED C6KS 50C6KS Google TV 2025","G:\Drives compartilhados\OAK-WORKSPACE\01 - JOBS\03 - IA E-COMMERCE\EM_ANDAMENTO\2026-07-JULHO\IAC_241387300_Smart TV 50- TCL 4K UHD MiniLED C6KS 50C6KS Google TV 2025"
"241479000","IAC_241479000_Tanquinho de Lavar Roupas Colormaq 20,1kg LCS20","G:\Drives compartilhados\OAK-WORKSPACE\01 - JOBS\03 - IA E-COMMERCE\EM_ANDAMENTO\2026-07-JULHO\IAC_241479000_Tanquinho de Lavar Roupas Colormaq 20,1kg LCS20"
"241386900","IAC_241386900_Lava-louças Electrolux 10 Serviços LP10E Preta","G:\Drives compartilhados\OAK-WORKSPACE\01 - JOBS\03 - IA E-COMMERCE\EM_ANDAMENTO\2026-07-JULHO\IAC_241386900_Lava-louças Electrolux 10 Serviços LP10E Preta"
"241464900","IAC_241464900_Triturador Forrageiro Tramontina TE25T 2HP","G:\Drives compartilhados\OAK-WORKSPACE\01 - JOBS\03 - IA E-COMMERCE\EM_ANDAMENTO\2026-07-JULHO\IAC_241464900_Triturador Forrageiro Tramontina TE25T 2HP"
"241454600","IAC_241454600_Micro-ondas Midea 20L Branco MHP20B1","G:\Drives compartilhados\OAK-WORKSPACE\01 - JOBS\03 - IA E-COMMERCE\EM_ANDAMENTO\2026-07-JULHO\IAC_241454600_Micro-ondas Midea 20L Branco MHP20B1"
"241438200","IAC_241438200_Geladeira-Refrigerador LG Smart Frost Free Side by Side Inox Look 638L GC-L267KLQX Bivolt","G:\Drives compartilhados\OAK-WORKSPACE\01 - JOBS\03 - IA E-COMMERCE\EM_ANDAMENTO\2026-07-JULHO\IAC_241438200_Geladeira-Refrigerador LG Smart Frost Free Side by Side Inox Look 638L GC-L267KLQX Bivolt"
"241473000","IAC_241473000_Tablet Positivo Vision Tab com Capa e Caneta 4GB 128GB 11- Android 16 UniSOC T606 Wi-Fi 4G","G:\Drives compartilhados\OAK-WORKSPACE\01 - JOBS\03 - IA E-COMMERCE\EM_ANDAMENTO\2026-07-JULHO\IAC_241473000_Tablet Positivo Vision Tab com Capa e Caneta 4GB 128GB 11- Android 16 UniSOC T606 Wi-Fi 4G"
"241474500","IAC_241474500_Cadeirinha Assento p- Carro com Isofix Potenza Fix Galzerano","G:\Drives compartilhados\OAK-WORKSPACE\01 - JOBS\03 - IA E-COMMERCE\EM_ANDAMENTO\2026-07-JULHO\IAC_241474500_Cadeirinha Assento p- Carro com Isofix Potenza Fix Galzerano"
"241424000","IAC_241424000_Sabão Líquido Brilhante Alta Performance Concentrado Profissional 7L","G:\Drives compartilhados\OAK-WORKSPACE\01 - JOBS\03 - IA E-COMMERCE\EM_ANDAMENTO\2026-07-JULHO\IAC_241424000_Sabão Líquido Brilhante Alta Performance Concentrado Profissional 7L"
"241475500","IAC_241475500_Berço Galzerano Basic Cinza","G:\Drives compartilhados\OAK-WORKSPACE\01 - JOBS\03 - IA E-COMMERCE\EM_ANDAMENTO\2026-07-JULHO\IAC_241475500_Berço Galzerano Basic Cinza"
"241479200","IAC_241479200_Tanquinho de Lavar Roupas Colormaq 15kg LCS15","G:\Drives compartilhados\OAK-WORKSPACE\01 - JOBS\03 - IA E-COMMERCE\EM_ANDAMENTO\2026-07-JULHO\IAC_241479200_Tanquinho de Lavar Roupas Colormaq 15kg LCS15"
"241473400","IAC_241473400_Notebook Lenovo IdeaPad Slim 3i Intel Core 3 100U 8GB 256GB SSD Windows 11 15.3- - 83NU0000BR Luna Grey","G:\Drives compartilhados\OAK-WORKSPACE\01 - JOBS\03 - IA E-COMMERCE\EM_ANDAMENTO\2026-07-JULHO\IAC_241473400_Notebook Lenovo IdeaPad Slim 3i Intel Core 3 100U 8GB 256GB SSD Windows 11 15.3- - 83NU0000BR Luna Grey"
"241357300","IAC_241357300_Ferro de Passar a Vapor e a Seco Cadence Portátil IRO215 Cinza","G:\Drives compartilhados\OAK-WORKSPACE\01 - JOBS\03 - IA E-COMMERCE\EM_ANDAMENTO\2026-07-JULHO\IAC_241357300_Ferro de Passar a Vapor e a Seco Cadence Portátil IRO215 Cinza"
"228814000","Lu_Ofer_228814000_Saco de Lixo Preto 50L Reforçado Embalixo Profissional 50 Unidades","G:\Drives compartilhados\OAK-WORKSPACE\01 - JOBS\03 - IA E-COMMERCE\EM_ANDAMENTO\2026-07-JULHO\Lu_Ofer_228814000_Saco de Lixo Preto 50L Reforçado Embalixo Profissional 50 Unidades"
"228812000","Lu_Ofer_228812000_Saco de Lixo Verde 100L Reforçado Embalixo","G:\Drives compartilhados\OAK-WORKSPACE\01 - JOBS\03 - IA E-COMMERCE\EM_ANDAMENTO\2026-07-JULHO\Lu_Ofer_228812000_Saco de Lixo Verde 100L Reforçado Embalixo"
"237806800","Lu_Ofer_237806800_Pneu Aro 16- 205-55R16 Westlake 94W Z-108","G:\Drives compartilhados\OAK-WORKSPACE\01 - JOBS\03 - IA E-COMMERCE\EM_ANDAMENTO\2026-07-JULHO\Lu_Ofer_237806800_Pneu Aro 16- 205-55R16 Westlake 94W Z-108"
"228813100","Lu_Ofer_228813100_Saco de Lixo Preto 50L com Alça Embalixo 30 Unidades","G:\Drives compartilhados\OAK-WORKSPACE\01 - JOBS\03 - IA E-COMMERCE\EM_ANDAMENTO\2026-07-JULHO\Lu_Ofer_228813100_Saco de Lixo Preto 50L com Alça Embalixo 30 Unidades"
"229899700","IAC_229899700_Cama Box Queen (Box + Colchão) Umaflex de Mola - Ensacada + Travesseiro Ortobom Poliéster 2 Peças","G:\Drives compartilhados\OAK-WORKSPACE\01 - JOBS\03 - IA E-COMMERCE\EM_ANDAMENTO\2026-07-JULHO\IAC_229899700_Cama Box Queen (Box + Colchão) Umaflex de Mola - Ensacada + Travesseiro Ortobom Poliéster 2 Peças"
"237738700","IAC_237738700_Coifa de Ilha Electrolux 90cm de Vidro Efficient com Luz de Led (CE9IX)","G:\Drives compartilhados\OAK-WORKSPACE\01 - JOBS\03 - IA E-COMMERCE\EM_ANDAMENTO\2026-07-JULHO\IAC_237738700_Coifa de Ilha Electrolux 90cm de Vidro Efficient com Luz de Led (CE9IX)"
"228813000","Lu_Ofer_228813000_Saco de Lixo Preto 30L com Alça Embalixo","G:\Drives compartilhados\OAK-WORKSPACE\01 - JOBS\03 - IA E-COMMERCE\EM_ANDAMENTO\2026-07-JULHO\Lu_Ofer_228813000_Saco de Lixo Preto 30L com Alça Embalixo"
"228702000","IAC_228702000_Funko Pop! Runaways Karolina Dean N32666","G:\Drives compartilhados\OAK-WORKSPACE\01 - JOBS\03 - IA E-COMMERCE\EM_ANDAMENTO\2026-07-JULHO\IAC_228702000_Funko Pop! Runaways Karolina Dean N32666"
"226298200","IAC_226298200_Frigideira Antiaderente Tramontina de Alumínio Mônaco Induction Preta 28cm","G:\Drives compartilhados\OAK-WORKSPACE\01 - JOBS\03 - IA E-COMMERCE\EM_ANDAMENTO\2026-07-JULHO\IAC_226298200_Frigideira Antiaderente Tramontina de Alumínio Mônaco Induction Preta 28cm"
"225999500","IAC_225999500_Faca para Carne Tramontina Inox 8” Polywoo","G:\Drives compartilhados\OAK-WORKSPACE\01 - JOBS\03 - IA E-COMMERCE\EM_ANDAMENTO\2026-07-JULHO\IAC_225999500_Faca para Carne Tramontina Inox 8” Polywoo"
"226488800","Lu_Ofer_226488800_Vodka Stolichnaya Baunilha Stoli Vanil 750ml","G:\Drives compartilhados\OAK-WORKSPACE\01 - JOBS\03 - IA E-COMMERCE\EM_ANDAMENTO\2026-07-JULHO\Lu_Ofer_226488800_Vodka Stolichnaya Baunilha Stoli Vanil 750ml"
"228026300","Lu_Ofer_228026300_Isotônico Gatorade Limão 500ml Garrafa","G:\Drives compartilhados\OAK-WORKSPACE\01 - JOBS\03 - IA E-COMMERCE\EM_ANDAMENTO\2026-07-JULHO\Lu_Ofer_228026300_Isotônico Gatorade Limão 500ml Garrafa"
"228008000","Lu_Ofer_228008000_Furadeira de Impacto Tramontina 500W","G:\Drives compartilhados\OAK-WORKSPACE\01 - JOBS\03 - IA E-COMMERCE\EM_ANDAMENTO\2026-07-JULHO\Lu_Ofer_228008000_Furadeira de Impacto Tramontina 500W"
"228027800","Lu_Ofer_228027800_Chá Lipton Ice Tea Limão 1,5L Garrafa","G:\Drives compartilhados\OAK-WORKSPACE\01 - JOBS\03 - IA E-COMMERCE\EM_ANDAMENTO\2026-07-JULHO\Lu_Ofer_228027800_Chá Lipton Ice Tea Limão 1,5L Garrafa"
"241565300","IAC_241565300_Jogo de Panelas Brinox Revestimento Cerâmico de Alumínio Areia Indução 10 Peças Fit","G:\Drives compartilhados\OAK-WORKSPACE\01 - JOBS\03 - IA E-COMMERCE\EM_ANDAMENTO\2026-07-JULHO\IAC_241565300_Jogo de Panelas Brinox Revestimento Cerâmico de Alumínio Areia Indução 10 Peças Fit"
"226534900","Lu_Ofer_226534900_Gin Langleys London Dry Seco Number 8","G:\Drives compartilhados\OAK-WORKSPACE\01 - JOBS\03 - IA E-COMMERCE\EM_ANDAMENTO\2026-07-JULHO\Lu_Ofer_226534900_Gin Langleys London Dry Seco Number 8"
"241492200","IAC_241492200_Smartphone Samsung Galaxy A37 128GB 5G 6GB RAM Preto 6,7- Câm Tripla + Selfie 12MP","G:\Drives compartilhados\OAK-WORKSPACE\01 - JOBS\03 - IA E-COMMERCE\EM_ANDAMENTO\2026-07-JULHO\IAC_241492200_Smartphone Samsung Galaxy A37 128GB 5G 6GB RAM Preto 6,7- Câm Tripla + Selfie 12MP"
"228026400","Lu_Ofer_228026400_Isotônico Gatorade Morango com Maracujá 500ml Garrafa","G:\Drives compartilhados\OAK-WORKSPACE\01 - JOBS\03 - IA E-COMMERCE\EM_ANDAMENTO\2026-07-JULHO\Lu_Ofer_228026400_Isotônico Gatorade Morango com Maracujá 500ml Garrafa"
"241518200","IAC_241518200_Caixa de Som Boombox Philco Extreme PBX01 300W LED Bluetooth","G:\Drives compartilhados\OAK-WORKSPACE\01 - JOBS\03 - IA E-COMMERCE\EM_ANDAMENTO\2026-07-JULHO\IAC_241518200_Caixa de Som Boombox Philco Extreme PBX01 300W LED Bluetooth"
"241484800","IAC_241484800_Smart TV 4K TCL Advanced QLED 75” Polegadas com Processador AIPQ, Dolby Vision, 120 Hz, HDR10+ e Wi-Fi - 75P7L","G:\Drives compartilhados\OAK-WORKSPACE\01 - JOBS\03 - IA E-COMMERCE\EM_ANDAMENTO\2026-07-JULHO\IAC_241484800_Smart TV 4K TCL Advanced QLED 75” Polegadas com Processador AIPQ, Dolby Vision, 120 Hz, HDR10+ e Wi-Fi - 75P7L"
"241671200","IAC_241671200_Freezer Vertical 196L 2 em 1 Inverter Branco Midea","G:\Drives compartilhados\OAK-WORKSPACE\01 - JOBS\03 - IA E-COMMERCE\EM_ANDAMENTO\2026-07-JULHO\IAC_241671200_Freezer Vertical 196L 2 em 1 Inverter Branco Midea"
"227131800","IAC_227131800_Cooktop 5 Bocas a Gás GLP Mondial Mesa de Vidro Preto Tripla Chama CTG-03","G:\Drives compartilhados\OAK-WORKSPACE\01 - JOBS\03 - IA E-COMMERCE\EM_ANDAMENTO\2026-07-JULHO\IAC_227131800_Cooktop 5 Bocas a Gás GLP Mondial Mesa de Vidro Preto Tripla Chama CTG-03"
"226488900","Lu_Ofer_226488900_Vodka Stolichnaya Mirtilo Stoli Blueberi 750ml","G:\Drives compartilhados\OAK-WORKSPACE\01 - JOBS\03 - IA E-COMMERCE\EM_ANDAMENTO\2026-07-JULHO\Lu_Ofer_226488900_Vodka Stolichnaya Mirtilo Stoli Blueberi 750ml"
"237218000","IAC_237218000_Frigobar Electrolux 90L Efficient com Controle de Temperatura Preto (EM90B)","G:\Drives compartilhados\OAK-WORKSPACE\01 - JOBS\03 - IA E-COMMERCE\EM_ANDAMENTO\2026-07-JULHO\IAC_237218000_Frigobar Electrolux 90L Efficient com Controle de Temperatura Preto (EM90B)"
"237083000","Lu_Ofer_237083000_Cama Box Conjugada Solteiro Reconflex Espuma 55x88x188cm Fenix","G:\Drives compartilhados\OAK-WORKSPACE\01 - JOBS\03 - IA E-COMMERCE\EM_ANDAMENTO\2026-07-JULHO\Lu_Ofer_237083000_Cama Box Conjugada Solteiro Reconflex Espuma 55x88x188cm Fenix"
"240656200","IAC_240656200_Corretivo Líquido Eudora Niina Secrets Perfect Match Cor 45 10ml","G:\Drives compartilhados\OAK-WORKSPACE\01 - JOBS\03 - IA E-COMMERCE\EM_ANDAMENTO\2026-07-JULHO\IAC_240656200_Corretivo Líquido Eudora Niina Secrets Perfect Match Cor 45 10ml"
"240648900","LOF 240648900 Pó Solto Aveludado Eudora Niina Secrets Perfect Match Cor 5 12g","G:\Drives compartilhados\OAK-WORKSPACE\01 - JOBS\03 - IA E-COMMERCE\EM_ANDAMENTO\2026-07-JULHO\LOF 240648900 Pó Solto Aveludado Eudora Niina Secrets Perfect Match Cor 5 12g"
"240170200","IAC_240170200_Smartphone Motorola Edge 60 Pro 256GB Azul 5G 24GB RAM 6,7  Câm. Tripla + Selfie 50MP","G:\Drives compartilhados\OAK-WORKSPACE\01 - JOBS\03 - IA E-COMMERCE\EM_ANDAMENTO\Prioridade\IAC_240170200_Smartphone Motorola Edge 60 Pro 256GB Azul 5G 24GB RAM 6,7  Câm. Tripla + Selfie 50MP"
"240059400","IAC_240059400_Notebook ASUS Vivobook Go 15 Intel Celeron 4GB RAM 128GB eMMC 15,6 UHD Star Black Windows 11+ Microsoft 365 Personal Office E510KA-BR808WS","G:\Drives compartilhados\OAK-WORKSPACE\01 - JOBS\03 - IA E-COMMERCE\EM_ANDAMENTO\Prioridade\IAC_240059400_Notebook ASUS Vivobook Go 15 Intel Celeron 4GB RAM 128GB eMMC 15,6 UHD Star Black Windows 11+ Microsoft 365 Personal Office E510KA-BR808WS"
"240347900","Lu_Oferta_240347900_Mini Figura Família Coelho Lulie Kids","G:\Drives compartilhados\OAK-WORKSPACE\01 - JOBS\03 - IA E-COMMERCE\EM_ANDAMENTO\2026-08-AGOSTO\Lu_Oferta_240347900_Mini Figura Família Coelho Lulie Kids"
"240347300","Lu_Oferta_240347300_Boneca Bebê Realista 42cm com Acessórios","G:\Drives compartilhados\OAK-WORKSPACE\01 - JOBS\03 - IA E-COMMERCE\EM_ANDAMENTO\2026-08-AGOSTO\Lu_Oferta_240347300_Boneca Bebê Realista 42cm com Acessórios"
"240348800","Lu_Oferta_240348800_Jogo Torre dos Macacos Lulie Kids","G:\Drives compartilhados\OAK-WORKSPACE\01 - JOBS\03 - IA E-COMMERCE\EM_ANDAMENTO\2026-08-AGOSTO\Lu_Oferta_240348800_Jogo Torre dos Macacos Lulie Kids"
"240283000","Lu_Oferta_240283000_Jogo Dixit Odyssey Galápagos","G:\Drives compartilhados\OAK-WORKSPACE\01 - JOBS\03 - IA E-COMMERCE\EM_ANDAMENTO\2026-08-AGOSTO\Lu_Oferta_240283000_Jogo Dixit Odyssey Galápagos"
"240349900","Lu_Oferta_240349900_Playset Coelho Lullie Kids Cozinha Miniatura","G:\Drives compartilhados\OAK-WORKSPACE\01 - JOBS\03 - IA E-COMMERCE\EM_ANDAMENTO\2026-08-AGOSTO\Lu_Oferta_240349900_Playset Coelho Lullie Kids Cozinha Miniatura"
"240350300","Lu_Oferta_240350300_Jogo Torre dos Dinos Lulie Kids","G:\Drives compartilhados\OAK-WORKSPACE\01 - JOBS\03 - IA E-COMMERCE\EM_ANDAMENTO\2026-08-AGOSTO\Lu_Oferta_240350300_Jogo Torre dos Dinos Lulie Kids"
"240350400","Lu_Oferta_240350400_Jogo das Letras Lulie Kids","G:\Drives compartilhados\OAK-WORKSPACE\01 - JOBS\03 - IA E-COMMERCE\EM_ANDAMENTO\2026-08-AGOSTO\Lu_Oferta_240350400_Jogo das Letras Lulie Kids"
"240350700","Lu_Oferta_240350700_Playset Família Coelho Cozinha Lulie Kids 21 peças","G:\Drives compartilhados\OAK-WORKSPACE\01 - JOBS\03 - IA E-COMMERCE\EM_ANDAMENTO\2026-08-AGOSTO\Lu_Oferta_240350700_Playset Família Coelho Cozinha Lulie Kids 21 peças"
"240351300","Lu_Oferta_240351300_Boneco Bebê Realista 42cm com Acessórios","G:\Drives compartilhados\OAK-WORKSPACE\01 - JOBS\03 - IA E-COMMERCE\EM_ANDAMENTO\2026-08-AGOSTO\Lu_Oferta_240351300_Boneco Bebê Realista 42cm com Acessórios"
"240350600","Lu_Oferta_240350600_Mini Figura Família Coelho Lulie Kids","G:\Drives compartilhados\OAK-WORKSPACE\01 - JOBS\03 - IA E-COMMERCE\EM_ANDAMENTO\2026-08-AGOSTO\Lu_Oferta_240350600_Mini Figura Família Coelho Lulie Kids"
"240351100","Lu_Oferta_240351100_Playset Ônibus Espacial Lulie Espacial 6 Peças","G:\Drives compartilhados\OAK-WORKSPACE\01 - JOBS\03 - IA E-COMMERCE\EM_ANDAMENTO\2026-08-AGOSTO\Lu_Oferta_240351100_Playset Ônibus Espacial Lulie Espacial 6 Peças"
"240351400","Lu_Oferta_240351400_Playset Coelho Lullie Kids Banheiro","G:\Drives compartilhados\OAK-WORKSPACE\01 - JOBS\03 - IA E-COMMERCE\EM_ANDAMENTO\2026-08-AGOSTO\Lu_Oferta_240351400_Playset Coelho Lullie Kids Banheiro"
"240350100","Lu_Oferta_240350100_Playset Nave de Transporte Lulie Espacial 2 Peças","G:\Drives compartilhados\OAK-WORKSPACE\01 - JOBS\03 - IA E-COMMERCE\EM_ANDAMENTO\2026-08-AGOSTO\Lu_Oferta_240350100_Playset Nave de Transporte Lulie Espacial 2 Peças"
"240350900","Lu_Oferta_240350900_Playset Família Coelho Carrinho de Sobremesa Lulie","G:\Drives compartilhados\OAK-WORKSPACE\01 - JOBS\03 - IA E-COMMERCE\EM_ANDAMENTO\2026-08-AGOSTO\Lu_Oferta_240350900_Playset Família Coelho Carrinho de Sobremesa Lulie"
"240350800","Lu_Oferta_240350800_Playset Conjunto Espacial Lulie Espacial 7 peças","G:\Drives compartilhados\OAK-WORKSPACE\01 - JOBS\03 - IA E-COMMERCE\EM_ANDAMENTO\2026-08-AGOSTO\Lu_Oferta_240350800_Playset Conjunto Espacial Lulie Espacial 7 peças"
"240351800","Lu_Oferta_240351800_Jogo Máquina Pega Bolinha Lulie Kids","G:\Drives compartilhados\OAK-WORKSPACE\01 - JOBS\03 - IA E-COMMERCE\EM_ANDAMENTO\2026-08-AGOSTO\Lu_Oferta_240351800_Jogo Máquina Pega Bolinha Lulie Kids"
"240356900","Lu_Oferta_240356900_Boneca Baby Alive Baby Alive Bebê que Cresce Lala","G:\Drives compartilhados\OAK-WORKSPACE\01 - JOBS\03 - IA E-COMMERCE\EM_ANDAMENTO\2026-08-AGOSTO\Lu_Oferta_240356900_Boneca Baby Alive Baby Alive Bebê que Cresce Lala"
"240353000","Lu_Oferta_240353000_Fralda Shortinho BabySec Premium Galinha Pintadinha XXXG 19kg 16 Unidades","G:\Drives compartilhados\OAK-WORKSPACE\01 - JOBS\03 - IA E-COMMERCE\EM_ANDAMENTO\2026-08-AGOSTO\Lu_Oferta_240353000_Fralda Shortinho BabySec Premium Galinha Pintadinha XXXG 19kg 16 Unidades"
"240351600","Lu_Oferta_240351600_Jogo Quebra Pedra Dinossauro Lulie Games","G:\Drives compartilhados\OAK-WORKSPACE\01 - JOBS\03 - IA E-COMMERCE\EM_ANDAMENTO\2026-08-AGOSTO\Lu_Oferta_240351600_Jogo Quebra Pedra Dinossauro Lulie Games"
"240351700","Lu_Oferta_240351700_Jogo Adivinhe Quem Eu Sou Lulie Kids","G:\Drives compartilhados\OAK-WORKSPACE\01 - JOBS\03 - IA E-COMMERCE\EM_ANDAMENTO\2026-08-AGOSTO\Lu_Oferta_240351700_Jogo Adivinhe Quem Eu Sou Lulie Kids"
"240353800","Lu_Oferta_240353800_Lava Roupas Líquido Ciclo Rápido OMO Ação Cuidado 750ml","G:\Drives compartilhados\OAK-WORKSPACE\01 - JOBS\03 - IA E-COMMERCE\EM_ANDAMENTO\2026-08-AGOSTO\Lu_Oferta_240353800_Lava Roupas Líquido Ciclo Rápido OMO Ação Cuidado 750ml"
"240353100","Lu_Oferta_240353100_Fralda Shortinho BabySec Premium Galinha Pintadinha XXXG 19kg 32 Unidades","G:\Drives compartilhados\OAK-WORKSPACE\01 - JOBS\03 - IA E-COMMERCE\EM_ANDAMENTO\2026-08-AGOSTO\Lu_Oferta_240353100_Fralda Shortinho BabySec Premium Galinha Pintadinha XXXG 19kg 32 Unidades"
"240357600","Lu_Oferta_240357600_Boneco Marvel Iron Man and his Awesome Friends","G:\Drives compartilhados\OAK-WORKSPACE\01 - JOBS\03 - IA E-COMMERCE\EM_ANDAMENTO\2026-08-AGOSTO\Lu_Oferta_240357600_Boneco Marvel Iron Man and his Awesome Friends"
"240351500","Lu_Oferta_240351500_Playset Coelho Lullie Kids Sala de Estar 10 Peças","G:\Drives compartilhados\OAK-WORKSPACE\01 - JOBS\03 - IA E-COMMERCE\EM_ANDAMENTO\2026-08-AGOSTO\Lu_Oferta_240351500_Playset Coelho Lullie Kids Sala de Estar 10 Peças"
"240359700","Lu_Oferta_240359700_Boneco Homem-Aranha Spidey and his Amazing Friends","G:\Drives compartilhados\OAK-WORKSPACE\01 - JOBS\03 - IA E-COMMERCE\EM_ANDAMENTO\2026-08-AGOSTO\Lu_Oferta_240359700_Boneco Homem-Aranha Spidey and his Amazing Friends"
"240353300","Lu_Oferta_240353300_Lava Roupas Líquido Ciclo Rápido OMO Ação Antiodor 1,4L","G:\Drives compartilhados\OAK-WORKSPACE\01 - JOBS\03 - IA E-COMMERCE\EM_ANDAMENTO\2026-08-AGOSTO\Lu_Oferta_240353300_Lava Roupas Líquido Ciclo Rápido OMO Ação Antiodor 1,4L"
"240375700","Lu_Oferta_240375700_Perfume Victorio & Lucchino Aguas de Perfume Nº 9 Noche Enigmática Masculino Eau de Parfum 150ml","G:\Drives compartilhados\OAK-WORKSPACE\01 - JOBS\03 - IA E-COMMERCE\EM_ANDAMENTO\2026-08-AGOSTO\Lu_Oferta_240375700_Perfume Victorio & Lucchino Aguas de Perfume Nº 9 Noche Enigmática Masculino Eau de Parfum 150ml"
"240376500","Lu_Oferta_240376500_Perfume Victorio & Lucchino Aguas de Perfume Nº 17 Flor Sensual Feminino 150ml","G:\Drives compartilhados\OAK-WORKSPACE\01 - JOBS\03 - IA E-COMMERCE\EM_ANDAMENTO\2026-08-AGOSTO\Lu_Oferta_240376500_Perfume Victorio & Lucchino Aguas de Perfume Nº 17 Flor Sensual Feminino 150ml"
"240374700","Lu_Oferta_240374700_Kit Perfume Masculino Adolfo Dominguez Bambu Eau de Parfum 120ml + Desodorante 150ml + Eau de Parfum Travel Size 10ml","G:\Drives compartilhados\OAK-WORKSPACE\01 - JOBS\03 - IA E-COMMERCE\EM_ANDAMENTO\2026-08-AGOSTO\Lu_Oferta_240374700_Kit Perfume Masculino Adolfo Dominguez Bambu Eau de Parfum 120ml + Desodorante 150ml + Eau de Parfum Travel Size 10ml"
"240357900","Lu_Oferta_240357900_Boneca Baby Alive Vitamina Doce Gigi","G:\Drives compartilhados\OAK-WORKSPACE\01 - JOBS\03 - IA E-COMMERCE\EM_ANDAMENTO\2026-08-AGOSTO\Lu_Oferta_240357900_Boneca Baby Alive Vitamina Doce Gigi"
"240375100","Lu_Oferta_240375100_Perfume Victorio & Lucchino Aguas de Perfume Nº 8 Atardecer Magnético Masculino Eau de Parfum 150ml","G:\Drives compartilhados\OAK-WORKSPACE\01 - JOBS\03 - IA E-COMMERCE\EM_ANDAMENTO\2026-08-AGOSTO\Lu_Oferta_240375100_Perfume Victorio & Lucchino Aguas de Perfume Nº 8 Atardecer Magnético Masculino Eau de Parfum 150ml"
"240374600","Lu_Oferta_240374600_Perfume Victorio & Lucchino Aguas Masculinas Nº 2 Frescor Extremo Masculino Eau de Toilette 150ml","G:\Drives compartilhados\OAK-WORKSPACE\01 - JOBS\03 - IA E-COMMERCE\EM_ANDAMENTO\2026-08-AGOSTO\Lu_Oferta_240374600_Perfume Victorio & Lucchino Aguas Masculinas Nº 2 Frescor Extremo Masculino Eau de Toilette 150ml"
"240376000","Lu_Oferta_240376000_Perfume Adolfo Dominguez Iris Vainilla Feminino Eau de Parfum 120ml","G:\Drives compartilhados\OAK-WORKSPACE\01 - JOBS\03 - IA E-COMMERCE\EM_ANDAMENTO\2026-08-AGOSTO\Lu_Oferta_240376000_Perfume Adolfo Dominguez Iris Vainilla Feminino Eau de Parfum 120ml"
"240362300","Lu_Oferta_240362300_Azeite de Oliva Extravirgem Paganini 500ml","G:\Drives compartilhados\OAK-WORKSPACE\01 - JOBS\03 - IA E-COMMERCE\EM_ANDAMENTO\2026-08-AGOSTO\Lu_Oferta_240362300_Azeite de Oliva Extravirgem Paganini 500ml"
"240375400","Lu_Oferta_240375400_Perfume Adolfo Dominguez Ámbar Negro Masculino Eau de Parfum 120ml","G:\Drives compartilhados\OAK-WORKSPACE\01 - JOBS\03 - IA E-COMMERCE\EM_ANDAMENTO\2026-08-AGOSTO\Lu_Oferta_240375400_Perfume Adolfo Dominguez Ámbar Negro Masculino Eau de Parfum 120ml"
"240376600","Lu_Oferta_240376600_Perfume United Colors of Benetton Colors Blue Man Masculino Eau de Toilette 200ml","G:\Drives compartilhados\OAK-WORKSPACE\01 - JOBS\03 - IA E-COMMERCE\EM_ANDAMENTO\2026-08-AGOSTO\Lu_Oferta_240376600_Perfume United Colors of Benetton Colors Blue Man Masculino Eau de Toilette 200ml"
"240378700","Lu_Oferta_240378700_Perfume Banderas Her Secret Pink Absolu Feminino Eau de Parfum de 80ml","G:\Drives compartilhados\OAK-WORKSPACE\01 - JOBS\03 - IA E-COMMERCE\EM_ANDAMENTO\2026-08-AGOSTO\Lu_Oferta_240378700_Perfume Banderas Her Secret Pink Absolu Feminino Eau de Parfum de 80ml"
"240410100","Lu_Oferta_240410100_Playset Barbie Camper dos Sonhos Mattel 60 Peças","G:\Drives compartilhados\OAK-WORKSPACE\01 - JOBS\03 - IA E-COMMERCE\EM_ANDAMENTO\2026-08-AGOSTO\Lu_Oferta_240410100_Playset Barbie Camper dos Sonhos Mattel 60 Peças"
"240411100","Lu_Oferta_240411100_Boneca Cabelo Loiro Mattel","G:\Drives compartilhados\OAK-WORKSPACE\01 - JOBS\03 - IA E-COMMERCE\EM_ANDAMENTO\2026-08-AGOSTO\Lu_Oferta_240411100_Boneca Cabelo Loiro Mattel"
"240376700","Lu_Oferta_240376700_Perfume Victorio & Lucchino Aguas de Perfume Nº 13 Naturaleza Salvaje Masculino 150ml","G:\Drives compartilhados\OAK-WORKSPACE\01 - JOBS\03 - IA E-COMMERCE\EM_ANDAMENTO\2026-08-AGOSTO\Lu_Oferta_240376700_Perfume Victorio & Lucchino Aguas de Perfume Nº 13 Naturaleza Salvaje Masculino 150ml"
"240377400","Lu_Oferta_240377400_Perfume Banderas Queen of Seduction Feminino Eau de Toilette 80ml","G:\Drives compartilhados\OAK-WORKSPACE\01 - JOBS\03 - IA E-COMMERCE\EM_ANDAMENTO\2026-08-AGOSTO\Lu_Oferta_240377400_Perfume Banderas Queen of Seduction Feminino Eau de Toilette 80ml"
"240609800","Lu_Oferta_240609800_Bebida Energética Red Bull The Summer Edition Nectarina sem Açúcar 250ml","G:\Drives compartilhados\OAK-WORKSPACE\01 - JOBS\03 - IA E-COMMERCE\EM_ANDAMENTO\2026-08-AGOSTO\Lu_Oferta_240609800_Bebida Energética Red Bull The Summer Edition Nectarina sem Açúcar 250ml"
"240378000","Lu_Oferta_240378000_Kit Perfume Masculino Banderas The Icon 1 Eau de Toilette de 100ml + 1 Desodorante spray de 150ml","G:\Drives compartilhados\OAK-WORKSPACE\01 - JOBS\03 - IA E-COMMERCE\EM_ANDAMENTO\2026-08-AGOSTO\Lu_Oferta_240378000_Kit Perfume Masculino Banderas The Icon 1 Eau de Toilette de 100ml + 1 Desodorante spray de 150ml"
"240638600","Lu_Oferta_240638600_Sabão em Pó Brilhante Perfume e Cuidado Extraordinário 2,2kg","G:\Drives compartilhados\OAK-WORKSPACE\01 - JOBS\03 - IA E-COMMERCE\EM_ANDAMENTO\2026-08-AGOSTO\Lu_Oferta_240638600_Sabão em Pó Brilhante Perfume e Cuidado Extraordinário 2,2kg"
"240418500","Lu_Oferta_240418500_Pneu 14- 185-70R14 Goodyear 88H Direction 2","G:\Drives compartilhados\OAK-WORKSPACE\01 - JOBS\03 - IA E-COMMERCE\EM_ANDAMENTO\2026-08-AGOSTO\Lu_Oferta_240418500_Pneu 14- 185-70R14 Goodyear 88H Direction 2"
"240410600","Lu_Oferta_240410600_Playset Mega Garagem Hot Wheels City Mattel","G:\Drives compartilhados\OAK-WORKSPACE\01 - JOBS\03 - IA E-COMMERCE\EM_ANDAMENTO\2026-08-AGOSTO\Lu_Oferta_240410600_Playset Mega Garagem Hot Wheels City Mattel"
"240395700","Lu_Oferta_240395700_Boneca Mulher Maravilha DC Comics Sunny Brinquedos","G:\Drives compartilhados\OAK-WORKSPACE\01 - JOBS\03 - IA E-COMMERCE\EM_ANDAMENTO\2026-08-AGOSTO\Lu_Oferta_240395700_Boneca Mulher Maravilha DC Comics Sunny Brinquedos"
"240469100","Lu_Oferta_240469100_Boneca Iron Man and his Awesome Friends Conjunto","G:\Drives compartilhados\OAK-WORKSPACE\01 - JOBS\03 - IA E-COMMERCE\EM_ANDAMENTO\2026-08-AGOSTO\Lu_Oferta_240469100_Boneca Iron Man and his Awesome Friends Conjunto"
"240378200","Lu_Oferta_240378200_Perfume Victorio & Lucchino Aguas Masculinas Nº 7 Frescor Mediterráneo Masculino Eau de Toilette 150ml","G:\Drives compartilhados\OAK-WORKSPACE\01 - JOBS\03 - IA E-COMMERCE\EM_ANDAMENTO\2026-08-AGOSTO\Lu_Oferta_240378200_Perfume Victorio & Lucchino Aguas Masculinas Nº 7 Frescor Mediterráneo Masculino Eau de Toilette 150ml"
"240404500","Lu_Oferta_240404500_Torradeira de Brinquedo Happy Family Mini","G:\Drives compartilhados\OAK-WORKSPACE\01 - JOBS\03 - IA E-COMMERCE\EM_ANDAMENTO\2026-08-AGOSTO\Lu_Oferta_240404500_Torradeira de Brinquedo Happy Family Mini"
"240378500","Lu_Oferta_240378500_Kit Perfume Feminino Banderas Her Secret Absolu 1 Eau de Parfum de 80ml + 1 Desodorante Spray de 150ml","G:\Drives compartilhados\OAK-WORKSPACE\01 - JOBS\03 - IA E-COMMERCE\EM_ANDAMENTO\2026-08-AGOSTO\Lu_Oferta_240378500_Kit Perfume Feminino Banderas Her Secret Absolu 1 Eau de Parfum de 80ml + 1 Desodorante Spray de 150ml"
"240375900","Lu_Oferta_240375900_Kit Perfume Feminino Banderas Blue Seduction 1 Eau de Parfum 80ml + 1 Desodorante spray 150ml","G:\Drives compartilhados\OAK-WORKSPACE\01 - JOBS\03 - IA E-COMMERCE\EM_ANDAMENTO\2026-08-AGOSTO\Lu_Oferta_240375900_Kit Perfume Feminino Banderas Blue Seduction 1 Eau de Parfum 80ml + 1 Desodorante spray 150ml"
"240362400","Lu_Oferta_240362400_Vinagre Balsâmico Paganini Aceto Di Modena 500ml","G:\Drives compartilhados\OAK-WORKSPACE\01 - JOBS\03 - IA E-COMMERCE\EM_ANDAMENTO\2026-08-AGOSTO\Lu_Oferta_240362400_Vinagre Balsâmico Paganini Aceto Di Modena 500ml"
"240374800","Lu_Oferta_240374800_Perfume Banderas The Secret Masculino Eau de Toilette 50ml","G:\Drives compartilhados\OAK-WORKSPACE\01 - JOBS\03 - IA E-COMMERCE\EM_ANDAMENTO\2026-08-AGOSTO\Lu_Oferta_240374800_Perfume Banderas The Secret Masculino Eau de Toilette 50ml"
"240638800","Lu_Oferta_240638800_Sabão Líquido Brilhante Perfume e Cuidado Extraordinário 3L","G:\Drives compartilhados\OAK-WORKSPACE\01 - JOBS\03 - IA E-COMMERCE\EM_ANDAMENTO\2026-08-AGOSTO\Lu_Oferta_240638800_Sabão Líquido Brilhante Perfume e Cuidado Extraordinário 3L"
"240648500","Lu_Oferta_240648500_Kit de Maquiagem Eudora Niina Secrets Celebration 2 Itens","G:\Drives compartilhados\OAK-WORKSPACE\01 - JOBS\03 - IA E-COMMERCE\EM_ANDAMENTO\2026-08-AGOSTO\Lu_Oferta_240648500_Kit de Maquiagem Eudora Niina Secrets Celebration 2 Itens"
"240647400","Lu_Oferta_240647400_Loção Hidratante Corporal Pampers 51929 Infantil 400ml","G:\Drives compartilhados\OAK-WORKSPACE\01 - JOBS\03 - IA E-COMMERCE\EM_ANDAMENTO\2026-08-AGOSTO\Lu_Oferta_240647400_Loção Hidratante Corporal Pampers 51929 Infantil 400ml"
"240647800","Lu_Oferta_240647800_Shampoo para Bebê Pampers Glicerina 200ml","G:\Drives compartilhados\OAK-WORKSPACE\01 - JOBS\03 - IA E-COMMERCE\EM_ANDAMENTO\2026-08-AGOSTO\Lu_Oferta_240647800_Shampoo para Bebê Pampers Glicerina 200ml"
"240647500","Lu_Oferta_240647500_Shampoo Infantil Pampers Glicerina 400ml","G:\Drives compartilhados\OAK-WORKSPACE\01 - JOBS\03 - IA E-COMMERCE\EM_ANDAMENTO\2026-08-AGOSTO\Lu_Oferta_240647500_Shampoo Infantil Pampers Glicerina 400ml"
"240378300","Lu_Oferta_240378300_Perfume Victorio & Lucchino Aguas de Perfume Nº 16 Flor Exótica Feminino Eau de Parfum150ml","G:\Drives compartilhados\OAK-WORKSPACE\01 - JOBS\03 - IA E-COMMERCE\EM_ANDAMENTO\2026-08-AGOSTO\Lu_Oferta_240378300_Perfume Victorio & Lucchino Aguas de Perfume Nº 16 Flor Exótica Feminino Eau de Parfum150ml"
"240742500","Lu_Oferta_240742500_Whey Protein Concentrado Nutrata W100 Docê de Leite Havanna 900g","G:\Drives compartilhados\OAK-WORKSPACE\01 - JOBS\03 - IA E-COMMERCE\EM_ANDAMENTO\2026-08-AGOSTO\Lu_Oferta_240742500_Whey Protein Concentrado Nutrata W100 Docê de Leite Havanna 900g"
"240684000","Lu_Oferta_240684000_Máscara Reparação Contra Quebra Pantene Pro-V Reconstrução Molecular 270ml","G:\Drives compartilhados\OAK-WORKSPACE\01 - JOBS\03 - IA E-COMMERCE\EM_ANDAMENTO\2026-08-AGOSTO\Lu_Oferta_240684000_Máscara Reparação Contra Quebra Pantene Pro-V Reconstrução Molecular 270ml"
"240690200","Lu_Oferta_240690200_Fralda Pampers Confort Sec Tam. XG 11 a 15kg 148 Unidades","G:\Drives compartilhados\OAK-WORKSPACE\01 - JOBS\03 - IA E-COMMERCE\EM_ANDAMENTO\2026-08-AGOSTO\Lu_Oferta_240690200_Fralda Pampers Confort Sec Tam. XG 11 a 15kg 148 Unidades"
"240741700","Lu_Oferta_240741700_Barra de Proteína Nutrata Havanna Dulce de Leche Legítimo 40g 12 Unidades","G:\Drives compartilhados\OAK-WORKSPACE\01 - JOBS\03 - IA E-COMMERCE\EM_ANDAMENTO\2026-08-AGOSTO\Lu_Oferta_240741700_Barra de Proteína Nutrata Havanna Dulce de Leche Legítimo 40g 12 Unidades"
"240654200","Lu_Oferta_240654200_Base Eudora Niina Secrets Hydra Glow Líquida Cor 00 30ml","G:\Drives compartilhados\OAK-WORKSPACE\01 - JOBS\03 - IA E-COMMERCE\EM_ANDAMENTO\2026-08-AGOSTO\Lu_Oferta_240654200_Base Eudora Niina Secrets Hydra Glow Líquida Cor 00 30ml"
"240690100","Lu_Oferta_240690100_Fralda Pampers Confort Sec Tam. G 9 a 13kg 128 Fraldas","G:\Drives compartilhados\OAK-WORKSPACE\01 - JOBS\03 - IA E-COMMERCE\EM_ANDAMENTO\2026-08-AGOSTO\Lu_Oferta_240690100_Fralda Pampers Confort Sec Tam. G 9 a 13kg 128 Fraldas"
"240741800","Lu_Oferta_240741800_Barra de Proteína Nutrata YoPro Morango e Chocolate Branco 55g 12 Unidades","G:\Drives compartilhados\OAK-WORKSPACE\01 - JOBS\03 - IA E-COMMERCE\EM_ANDAMENTO\2026-08-AGOSTO\Lu_Oferta_240741800_Barra de Proteína Nutrata YoPro Morango e Chocolate Branco 55g 12 Unidades"
"240685300","Lu_Oferta_240685300_Fralda Babysec Galinha Pintadinha Ultra Sec XXXG Acima de 19kg 64 Unidades","G:\Drives compartilhados\OAK-WORKSPACE\01 - JOBS\03 - IA E-COMMERCE\EM_ANDAMENTO\2026-08-AGOSTO\Lu_Oferta_240685300_Fralda Babysec Galinha Pintadinha Ultra Sec XXXG Acima de 19kg 64 Unidades"
"240684900","Lu_Oferta_240684900_Fralda Babysec Galinha Pintadinha Ultra Sec XXG Acima de 13kg 68 Unidades","G:\Drives compartilhados\OAK-WORKSPACE\01 - JOBS\03 - IA E-COMMERCE\EM_ANDAMENTO\2026-08-AGOSTO\Lu_Oferta_240684900_Fralda Babysec Galinha Pintadinha Ultra Sec XXG Acima de 13kg 68 Unidades"
"240714100","Lu_Oferta_240714100_Bebida Láctea UHT Danone YoPRO+ Chocolate 250ml","G:\Drives compartilhados\OAK-WORKSPACE\01 - JOBS\03 - IA E-COMMERCE\EM_ANDAMENTO\2026-08-AGOSTO\Lu_Oferta_240714100_Bebida Láctea UHT Danone YoPRO+ Chocolate 250ml"
"240812800","Lu_Oferta_240812800_Leite em Pó Desnatado Nestlé Molico 280g 2 Unidades","G:\Drives compartilhados\OAK-WORKSPACE\01 - JOBS\03 - IA E-COMMERCE\EM_ANDAMENTO\2026-08-AGOSTO\Lu_Oferta_240812800_Leite em Pó Desnatado Nestlé Molico 280g 2 Unidades"
"240647900","Lu_Oferta_240647900_Sabonete Infantil Pampers Glicerina 400ml","G:\Drives compartilhados\OAK-WORKSPACE\01 - JOBS\03 - IA E-COMMERCE\EM_ANDAMENTO\2026-08-AGOSTO\Lu_Oferta_240647900_Sabonete Infantil Pampers Glicerina 400ml"
"240751200","Lu_Oferta_240751200_Boneco Dos Rosa Leozin 26cm Baby Brink","G:\Drives compartilhados\OAK-WORKSPACE\01 - JOBS\03 - IA E-COMMERCE\EM_ANDAMENTO\2026-08-AGOSTO\Lu_Oferta_240751200_Boneco Dos Rosa Leozin 26cm Baby Brink"
"240683200","Lu_Oferta_240683200_Shampoo Pantene Pro-V Science Molecular Bond Repair 300ml","G:\Drives compartilhados\OAK-WORKSPACE\01 - JOBS\03 - IA E-COMMERCE\EM_ANDAMENTO\2026-08-AGOSTO\Lu_Oferta_240683200_Shampoo Pantene Pro-V Science Molecular Bond Repair 300ml"
"240694300","Lu_Oferta_240694300_Achocolatado em Pó Nestlé Alpino Pacote 1kg","G:\Drives compartilhados\OAK-WORKSPACE\01 - JOBS\03 - IA E-COMMERCE\EM_ANDAMENTO\2026-08-AGOSTO\Lu_Oferta_240694300_Achocolatado em Pó Nestlé Alpino Pacote 1kg"
"240690600","Lu_Oferta_240690600_Fralda Pampers Confort Sec Tam. XXG 14 a 18kg 148 Unidades","G:\Drives compartilhados\OAK-WORKSPACE\01 - JOBS\03 - IA E-COMMERCE\EM_ANDAMENTO\2026-08-AGOSTO\Lu_Oferta_240690600_Fralda Pampers Confort Sec Tam. XXG 14 a 18kg 148 Unidades"
"240742300","Lu_Oferta_240742300_Barra de Proteína Nutrata Grego Whey Torta de Limão 40g 12 Unidades","G:\Drives compartilhados\OAK-WORKSPACE\01 - JOBS\03 - IA E-COMMERCE\EM_ANDAMENTO\2026-08-AGOSTO\Lu_Oferta_240742300_Barra de Proteína Nutrata Grego Whey Torta de Limão 40g 12 Unidades"
"240812900","Lu_Oferta_240812900_Cápsula de Café Cappuccino com Notas de Cacau Nestlé Robusta Kopenhagen Nescafé Dolce Gusto 1 Caixa com 10 Cápsulas","G:\Drives compartilhados\OAK-WORKSPACE\01 - JOBS\03 - IA E-COMMERCE\EM_ANDAMENTO\2026-08-AGOSTO\Lu_Oferta_240812900_Cápsula de Café Cappuccino com Notas de Cacau Nestlé Robusta Kopenhagen Nescafé Dolce Gusto 1 Caixa com 10 Cápsulas"
"240654600","Lu_Oferta_240654600_Corretivo Líquido Eudora Niina Secrets Perfect Match Cor 5 10ml","G:\Drives compartilhados\OAK-WORKSPACE\01 - JOBS\03 - IA E-COMMERCE\EM_ANDAMENTO\2026-08-AGOSTO\Lu_Oferta_240654600_Corretivo Líquido Eudora Niina Secrets Perfect Match Cor 5 10ml"
"240741100","Lu_Oferta_240741100_Barra de Proteína Nutrata Caramel Protein 45g 12 Unidades","G:\Drives compartilhados\OAK-WORKSPACE\01 - JOBS\03 - IA E-COMMERCE\EM_ANDAMENTO\2026-08-AGOSTO\Lu_Oferta_240741100_Barra de Proteína Nutrata Caramel Protein 45g 12 Unidades"
"240875800","Lu_Oferta_240875800_Vinho Tinto Seco Freixenet Italian Wine Collection Chian Itália 750ml","G:\Drives compartilhados\OAK-WORKSPACE\01 - JOBS\03 - IA E-COMMERCE\EM_ANDAMENTO\2026-08-AGOSTO\Lu_Oferta_240875800_Vinho Tinto Seco Freixenet Italian Wine Collection Chian Itália 750ml"
"240682800","Lu_Oferta_240682800_Shampoo Pantene Pro-V Science Molecular Bond Repair 1L","G:\Drives compartilhados\OAK-WORKSPACE\01 - JOBS\03 - IA E-COMMERCE\EM_ANDAMENTO\2026-08-AGOSTO\Lu_Oferta_240682800_Shampoo Pantene Pro-V Science Molecular Bond Repair 1L"
"240812700","Lu_Oferta_240812700_Ômega 3 Nestlé Nutren EPA & DHA 60 Cápsulas","G:\Drives compartilhados\OAK-WORKSPACE\01 - JOBS\03 - IA E-COMMERCE\EM_ANDAMENTO\2026-08-AGOSTO\Lu_Oferta_240812700_Ômega 3 Nestlé Nutren EPA & DHA 60 Cápsulas"
"240654700","Lu_Oferta_240654700_Rímel Eudora Niina Secrets Super Up Preto","G:\Drives compartilhados\OAK-WORKSPACE\01 - JOBS\03 - IA E-COMMERCE\EM_ANDAMENTO\2026-08-AGOSTO\Lu_Oferta_240654700_Rímel Eudora Niina Secrets Super Up Preto"
"240674600","Lu_Oferta_240674600_Shampoo e Condicionador Eudora Siàge Liso Intenso","G:\Drives compartilhados\OAK-WORKSPACE\01 - JOBS\03 - IA E-COMMERCE\EM_ANDAMENTO\2026-08-AGOSTO\Lu_Oferta_240674600_Shampoo e Condicionador Eudora Siàge Liso Intenso"
"240742700","Lu_Oferta_240742700_Barra de Proteína Nutrata Havanna Brownie de Chocolate e Dulce de Leche 40g 12 Unidades","G:\Drives compartilhados\OAK-WORKSPACE\01 - JOBS\03 - IA E-COMMERCE\EM_ANDAMENTO\2026-08-AGOSTO\Lu_Oferta_240742700_Barra de Proteína Nutrata Havanna Brownie de Chocolate e Dulce de Leche 40g 12 Unidades"
"240741300","Lu_Oferta_240741300_Barra de Proteína Nutrata Dark Caramel Protein 45g 12 Unidades","G:\Drives compartilhados\OAK-WORKSPACE\01 - JOBS\03 - IA E-COMMERCE\EM_ANDAMENTO\2026-08-AGOSTO\Lu_Oferta_240741300_Barra de Proteína Nutrata Dark Caramel Protein 45g 12 Unidades"
"240742000","Lu_Oferta_240742000_Barra de Proteína Nutrata Havanna Proto Wafer Dulce de Leche 30g 12 Unidades","G:\Drives compartilhados\OAK-WORKSPACE\01 - JOBS\03 - IA E-COMMERCE\EM_ANDAMENTO\2026-08-AGOSTO\Lu_Oferta_240742000_Barra de Proteína Nutrata Havanna Proto Wafer Dulce de Leche 30g 12 Unidades"
"240682500","Lu_Oferta_240682500_Fralda Calça Pampers Premium Care Pants XG 11 a 15kg 96 Unidades","G:\Drives compartilhados\OAK-WORKSPACE\01 - JOBS\03 - IA E-COMMERCE\EM_ANDAMENTO\2026-08-AGOSTO\Lu_Oferta_240682500_Fralda Calça Pampers Premium Care Pants XG 11 a 15kg 96 Unidades"
"240742600","Lu_Oferta_240742600_Whey Protein Concentrado Nutrata W100 Creme de Coco 900g","G:\Drives compartilhados\OAK-WORKSPACE\01 - JOBS\03 - IA E-COMMERCE\EM_ANDAMENTO\2026-08-AGOSTO\Lu_Oferta_240742600_Whey Protein Concentrado Nutrata W100 Creme de Coco 900g"
"240690300","Lu_Oferta_240690300_Fralda Calça Pampers Premium Care Pants Tam. M 6 a 10kg 124 Unidades","G:\Drives compartilhados\OAK-WORKSPACE\01 - JOBS\03 - IA E-COMMERCE\EM_ANDAMENTO\2026-08-AGOSTO\Lu_Oferta_240690300_Fralda Calça Pampers Premium Care Pants Tam. M 6 a 10kg 124 Unidades"
"240694400","Lu_Oferta_240694400_Achocolatado em Pó Convencional Nestlé Actigen-E Chocolate Clássico 2,01kg","G:\Drives compartilhados\OAK-WORKSPACE\01 - JOBS\03 - IA E-COMMERCE\EM_ANDAMENTO\2026-08-AGOSTO\Lu_Oferta_240694400_Achocolatado em Pó Convencional Nestlé Actigen-E Chocolate Clássico 2,01kg"
"240742100","Lu_Oferta_240742100_Barra de Proteína Nutrata Grego Whey Beijinho 40g 12 Unidades","G:\Drives compartilhados\OAK-WORKSPACE\01 - JOBS\03 - IA E-COMMERCE\EM_ANDAMENTO\2026-08-AGOSTO\Lu_Oferta_240742100_Barra de Proteína Nutrata Grego Whey Beijinho 40g 12 Unidades"
"240685200","Lu_Oferta_240685200_Fralda Babysec Galinha Pintadinha Ultra Sec M 5 a 9,5kg 92 Unidades","G:\Drives compartilhados\OAK-WORKSPACE\01 - JOBS\03 - IA E-COMMERCE\EM_ANDAMENTO\2026-08-AGOSTO\Lu_Oferta_240685200_Fralda Babysec Galinha Pintadinha Ultra Sec M 5 a 9,5kg 92 Unidades"
"240684600","Lu_Oferta_240684600_Carga para Aparelho de Depilação Gillette Venus Pele Sensível 8 Unidades","G:\Drives compartilhados\OAK-WORKSPACE\01 - JOBS\03 - IA E-COMMERCE\EM_ANDAMENTO\2026-08-AGOSTO\Lu_Oferta_240684600_Carga para Aparelho de Depilação Gillette Venus Pele Sensível 8 Unidades"
"240741400","Lu_Oferta_240741400_Barra de Proteína Nutrata YoPro Chocolate 55g 12 Unidades","G:\Drives compartilhados\OAK-WORKSPACE\01 - JOBS\03 - IA E-COMMERCE\EM_ANDAMENTO\2026-08-AGOSTO\Lu_Oferta_240741400_Barra de Proteína Nutrata YoPro Chocolate 55g 12 Unidades"
"241151300","Lu_Oferta_241151300_Cápsula de Café Clássico Nespresso Arábica House Blend Starbucks 1 Caixa com 10 Cápsulas","G:\Drives compartilhados\OAK-WORKSPACE\01 - JOBS\03 - IA E-COMMERCE\EM_ANDAMENTO\2026-08-AGOSTO\Lu_Oferta_241151300_Cápsula de Café Clássico Nespresso Arábica House Blend Starbucks 1 Caixa com 10 Cápsulas"
"241151700","Lu_Oferta_241151700_Caixa de Bombom Garoto Especialidades Tradicional 220g","G:\Drives compartilhados\OAK-WORKSPACE\01 - JOBS\03 - IA E-COMMERCE\EM_ANDAMENTO\2026-08-AGOSTO\Lu_Oferta_241151700_Caixa de Bombom Garoto Especialidades Tradicional 220g"
"241096000","Lu_Oferta_241096000_Suporte para TV até 120- Indusat SU-1400I","G:\Drives compartilhados\OAK-WORKSPACE\01 - JOBS\03 - IA E-COMMERCE\EM_ANDAMENTO\2026-08-AGOSTO\Lu_Oferta_241096000_Suporte para TV até 120- Indusat SU-1400I"
"241091000","Lu_Oferta_241091000_Pneu Aro 17- 215-50R17 Westlake 95W ZuperEco Z-108","G:\Drives compartilhados\OAK-WORKSPACE\01 - JOBS\03 - IA E-COMMERCE\EM_ANDAMENTO\2026-08-AGOSTO\Lu_Oferta_241091000_Pneu Aro 17- 215-50R17 Westlake 95W ZuperEco Z-108"
"241054600","Lu_Oferta_241054600_Sérum Capilar Vult Cabelos Liso Profundo 100ml","G:\Drives compartilhados\OAK-WORKSPACE\01 - JOBS\03 - IA E-COMMERCE\EM_ANDAMENTO\2026-08-AGOSTO\Lu_Oferta_241054600_Sérum Capilar Vult Cabelos Liso Profundo 100ml"
"241220300","Lu_Oferta_241220300_Pneu Aro 17- 215-60R17 Pirelli 96H Scorpion","G:\Drives compartilhados\OAK-WORKSPACE\01 - JOBS\03 - IA E-COMMERCE\EM_ANDAMENTO\2026-08-AGOSTO\Lu_Oferta_241220300_Pneu Aro 17- 215-60R17 Pirelli 96H Scorpion"
"241012700","Lu_Oferta_241012700_Refrigerante Lata Guaraná Antarctica Zero 12 Unidades 350ml","G:\Drives compartilhados\OAK-WORKSPACE\01 - JOBS\03 - IA E-COMMERCE\EM_ANDAMENTO\2026-08-AGOSTO\Lu_Oferta_241012700_Refrigerante Lata Guaraná Antarctica Zero 12 Unidades 350ml"
"241091800","Lu_Oferta_241091800_Pneu Aro 13- 175-75R13 85T Golden Crown RP68 Standard By Westlake","G:\Drives compartilhados\OAK-WORKSPACE\01 - JOBS\03 - IA E-COMMERCE\EM_ANDAMENTO\2026-08-AGOSTO\Lu_Oferta_241091800_Pneu Aro 13- 175-75R13 85T Golden Crown RP68 Standard By Westlake"
"241151600","Lu_Oferta_241151600_Creme de Chocolate Crunchy & Creamy Nestlé Kit Kat 330g","G:\Drives compartilhados\OAK-WORKSPACE\01 - JOBS\03 - IA E-COMMERCE\EM_ANDAMENTO\2026-08-AGOSTO\Lu_Oferta_241151600_Creme de Chocolate Crunchy & Creamy Nestlé Kit Kat 330g"
"240843400","Lu_Oferta_240843400_Bebida Mista Beats Green Mix Frutas Verdes 269ml 8 Unidades","G:\Drives compartilhados\OAK-WORKSPACE\01 - JOBS\03 - IA E-COMMERCE\EM_ANDAMENTO\2026-08-AGOSTO\Lu_Oferta_240843400_Bebida Mista Beats Green Mix Frutas Verdes 269ml 8 Unidades"
"241059500","Lu_Oferta_241059500_Fralda Huggies Natural Care M 5,5 a 9,5kg 78 Unidades","G:\Drives compartilhados\OAK-WORKSPACE\01 - JOBS\03 - IA E-COMMERCE\EM_ANDAMENTO\2026-08-AGOSTO\Lu_Oferta_241059500_Fralda Huggies Natural Care M 5,5 a 9,5kg 78 Unidades"
"241091500","Lu_Oferta_241091500_Pneu Aro 17- 225-65R17 Westlake 102T SU318 H-T","G:\Drives compartilhados\OAK-WORKSPACE\01 - JOBS\03 - IA E-COMMERCE\EM_ANDAMENTO\2026-08-AGOSTO\Lu_Oferta_241091500_Pneu Aro 17- 225-65R17 Westlake 102T SU318 H-T"
"241151100","Lu_Oferta_241151100_Barra de Chocolate Alpino ao Leite 80g Nestlé","G:\Drives compartilhados\OAK-WORKSPACE\01 - JOBS\03 - IA E-COMMERCE\EM_ANDAMENTO\2026-08-AGOSTO\Lu_Oferta_241151100_Barra de Chocolate Alpino ao Leite 80g Nestlé"
"241151200","Lu_Oferta_241151200_Caixa de Bombom Nestlé Especialidades Tradicional 220g","G:\Drives compartilhados\OAK-WORKSPACE\01 - JOBS\03 - IA E-COMMERCE\EM_ANDAMENTO\2026-08-AGOSTO\Lu_Oferta_241151200_Caixa de Bombom Nestlé Especialidades Tradicional 220g"
"241058000","Lu_Oferta_241058000_Fralda Huggies Proteção Acolchoada G 9 a 12,5kg 70 Unidades","G:\Drives compartilhados\OAK-WORKSPACE\01 - JOBS\03 - IA E-COMMERCE\EM_ANDAMENTO\2026-08-AGOSTO\Lu_Oferta_241058000_Fralda Huggies Proteção Acolchoada G 9 a 12,5kg 70 Unidades"
"240813200","Lu_Oferta_240813200_Barra de Chocolate Recheados Charge 90g Nestlé","G:\Drives compartilhados\OAK-WORKSPACE\01 - JOBS\03 - IA E-COMMERCE\EM_ANDAMENTO\2026-08-AGOSTO\Lu_Oferta_240813200_Barra de Chocolate Recheados Charge 90g Nestlé"
"241092200","Lu_Oferta_241092200_Pneu Aro 16- 215-65R16 Westlake 98V ZuperEco Z-108","G:\Drives compartilhados\OAK-WORKSPACE\01 - JOBS\03 - IA E-COMMERCE\EM_ANDAMENTO\2026-08-AGOSTO\Lu_Oferta_241092200_Pneu Aro 16- 215-65R16 Westlake 98V ZuperEco Z-108"
"241058600","Lu_Oferta_241058600_Fralda Huggies Proteção Acolchoada XXG 14 a 25kg 58 Unidades","G:\Drives compartilhados\OAK-WORKSPACE\01 - JOBS\03 - IA E-COMMERCE\EM_ANDAMENTO\2026-08-AGOSTO\Lu_Oferta_241058600_Fralda Huggies Proteção Acolchoada XXG 14 a 25kg 58 Unidades"
"241092100","Lu_Oferta_241092100_Pneu Aro 17- 225-50R17 Westlake 98W ZuperEco Z-108","G:\Drives compartilhados\OAK-WORKSPACE\01 - JOBS\03 - IA E-COMMERCE\EM_ANDAMENTO\2026-08-AGOSTO\Lu_Oferta_241092100_Pneu Aro 17- 225-50R17 Westlake 98W ZuperEco Z-108"
"240876100","Lu_Oferta_240876100_Espumante Branco Demi Sec Freixenet Classic Carta Nevada 750ml","G:\Drives compartilhados\OAK-WORKSPACE\01 - JOBS\03 - IA E-COMMERCE\EM_ANDAMENTO\2026-08-AGOSTO\Lu_Oferta_240876100_Espumante Branco Demi Sec Freixenet Classic Carta Nevada 750ml"
"241107700","Lu_Oferta_241107700_Carregador Portátil-Power Bank ELG PB102BK 10.200mAh","G:\Drives compartilhados\OAK-WORKSPACE\01 - JOBS\03 - IA E-COMMERCE\EM_ANDAMENTO\2026-08-AGOSTO\Lu_Oferta_241107700_Carregador Portátil-Power Bank ELG PB102BK 10.200mAh"
"241125300","Lu_Oferta_241125300_Amaciante Comfort Concentrado Edição Especial Bridgerton Segredos 10 15L","G:\Drives compartilhados\OAK-WORKSPACE\01 - JOBS\03 - IA E-COMMERCE\EM_ANDAMENTO\2026-08-AGOSTO\Lu_Oferta_241125300_Amaciante Comfort Concentrado Edição Especial Bridgerton Segredos 10 15L"
"240875900","Lu_Oferta_240875900_Espumante Branco Brut Freixenet Classic Cordon Negro 750ml","G:\Drives compartilhados\OAK-WORKSPACE\01 - JOBS\03 - IA E-COMMERCE\EM_ANDAMENTO\2026-08-AGOSTO\Lu_Oferta_240875900_Espumante Branco Brut Freixenet Classic Cordon Negro 750ml"
"240813600","Lu_Oferta_240813600_Cápsula de Café Espresso Nestlé 100% Árabica Nescafé Dolce Gusto Kopenhagen 10 Cápsulas","G:\Drives compartilhados\OAK-WORKSPACE\01 - JOBS\03 - IA E-COMMERCE\EM_ANDAMENTO\2026-08-AGOSTO\Lu_Oferta_240813600_Cápsula de Café Espresso Nestlé 100% Árabica Nescafé Dolce Gusto Kopenhagen 10 Cápsulas"
"240989200","Lu_Oferta_240989200_Perfume Adolfo Dominguez Água Fresca Pomelo Eau de Toilette 120ml","G:\Drives compartilhados\OAK-WORKSPACE\01 - JOBS\03 - IA E-COMMERCE\EM_ANDAMENTO\2026-08-AGOSTO\Lu_Oferta_240989200_Perfume Adolfo Dominguez Água Fresca Pomelo Eau de Toilette 120ml"
"241248700","Lu_Oferta_241248700_Carrinho Hot Wheels 90 Acura NSX Mattel Brick Shop","G:\Drives compartilhados\OAK-WORKSPACE\01 - JOBS\03 - IA E-COMMERCE\EM_ANDAMENTO\2026-08-AGOSTO\Lu_Oferta_241248700_Carrinho Hot Wheels 90 Acura NSX Mattel Brick Shop"
"241244100","Lu_Oferta_241244100_Boneca Barbie Color Reveal com Cauda de Sereia","G:\Drives compartilhados\OAK-WORKSPACE\01 - JOBS\03 - IA E-COMMERCE\EM_ANDAMENTO\2026-08-AGOSTO\Lu_Oferta_241244100_Boneca Barbie Color Reveal com Cauda de Sereia"
"241252700","Lu_Oferta_241252700_Pista Hot Wheels City Praia do Tubarão Mattel","G:\Drives compartilhados\OAK-WORKSPACE\01 - JOBS\03 - IA E-COMMERCE\EM_ANDAMENTO\2026-08-AGOSTO\Lu_Oferta_241252700_Pista Hot Wheels City Praia do Tubarão Mattel"
"241221000","Lu_Oferta_241221000_Pneu Aro 17- 215-55R17 Pirelli 94V Powergy","G:\Drives compartilhados\OAK-WORKSPACE\01 - JOBS\03 - IA E-COMMERCE\EM_ANDAMENTO\2026-08-AGOSTO\Lu_Oferta_241221000_Pneu Aro 17- 215-55R17 Pirelli 94V Powergy"
"241248400","Lu_Oferta_241248400_Carrinho Hot Wheels 15 Audi R8 LMS h","G:\Drives compartilhados\OAK-WORKSPACE\01 - JOBS\03 - IA E-COMMERCE\EM_ANDAMENTO\2026-08-AGOSTO\Lu_Oferta_241248400_Carrinho Hot Wheels 15 Audi R8 LMS h"
"241249400","Lu_Oferta_241249400_Carrinho Hot Wheels Oversized Monster Trucks","G:\Drives compartilhados\OAK-WORKSPACE\01 - JOBS\03 - IA E-COMMERCE\EM_ANDAMENTO\2026-08-AGOSTO\Lu_Oferta_241249400_Carrinho Hot Wheels Oversized Monster Trucks"
"241257900","Lu_Oferta_241257900_Boneca Barbie Armário dos Sonhos com Armário","G:\Drives compartilhados\OAK-WORKSPACE\01 - JOBS\03 - IA E-COMMERCE\EM_ANDAMENTO\2026-08-AGOSTO\Lu_Oferta_241257900_Boneca Barbie Armário dos Sonhos com Armário"
"241254000","Lu_Oferta_241254000_Pista Hot Wheels Stunt Tracks Ciclone de","G:\Drives compartilhados\OAK-WORKSPACE\01 - JOBS\03 - IA E-COMMERCE\EM_ANDAMENTO\2026-08-AGOSTO\Lu_Oferta_241254000_Pista Hot Wheels Stunt Tracks Ciclone de"
"241243700","Lu_Oferta_241243700_Boneca Barbie Profissões com Acessório Mattel","G:\Drives compartilhados\OAK-WORKSPACE\01 - JOBS\03 - IA E-COMMERCE\EM_ANDAMENTO\2026-08-AGOSTO\Lu_Oferta_241243700_Boneca Barbie Profissões com Acessório Mattel"
"241249700","Lu_Oferta_241249700_Carrinho Hot Wheels Monster Trucks Mega-Wrex XL","G:\Drives compartilhados\OAK-WORKSPACE\01 - JOBS\03 - IA E-COMMERCE\EM_ANDAMENTO\2026-08-AGOSTO\Lu_Oferta_241249700_Carrinho Hot Wheels Monster Trucks Mega-Wrex XL"
"241056600","Lu_Oferta_241056600_Fralda Huggies Natural Care XG 12 a 15kg 56 Unidades","G:\Drives compartilhados\OAK-WORKSPACE\01 - JOBS\03 - IA E-COMMERCE\EM_ANDAMENTO\2026-08-AGOSTO\Lu_Oferta_241056600_Fralda Huggies Natural Care XG 12 a 15kg 56 Unidades"
"240816900","Lu_Oferta_240816900_Cerveja Praya Puro Malte Long Neck 330ml","G:\Drives compartilhados\OAK-WORKSPACE\01 - JOBS\03 - IA E-COMMERCE\EM_ANDAMENTO\2026-08-AGOSTO\Lu_Oferta_240816900_Cerveja Praya Puro Malte Long Neck 330ml"
"241220100","Lu_Oferta_241220100_Pneu Aro 16- 205-60R16 Pirelli 92H Scorpion","G:\Drives compartilhados\OAK-WORKSPACE\01 - JOBS\03 - IA E-COMMERCE\EM_ANDAMENTO\2026-08-AGOSTO\Lu_Oferta_241220100_Pneu Aro 16- 205-60R16 Pirelli 92H Scorpion"
"241058200","Lu_Oferta_241058200_Fralda Huggies Proteção Acolchoada XG 12 a 15kg 64 Unidades","G:\Drives compartilhados\OAK-WORKSPACE\01 - JOBS\03 - IA E-COMMERCE\EM_ANDAMENTO\2026-08-AGOSTO\Lu_Oferta_241058200_Fralda Huggies Proteção Acolchoada XG 12 a 15kg 64 Unidades"
"241220600","Lu_Oferta_241220600_Pneu Aro 17- 225-65R17 Pirelli 106H Scorpion All Terrain Plus","G:\Drives compartilhados\OAK-WORKSPACE\01 - JOBS\03 - IA E-COMMERCE\EM_ANDAMENTO\2026-08-AGOSTO\Lu_Oferta_241220600_Pneu Aro 17- 225-65R17 Pirelli 106H Scorpion All Terrain Plus"
"241151900","Lu_Oferta_241151900_Cápsula Nescafé Dolce Gusto Cappuccino Caramelo Salgado 10 Cápsulas","G:\Drives compartilhados\OAK-WORKSPACE\01 - JOBS\03 - IA E-COMMERCE\EM_ANDAMENTO\2026-08-AGOSTO\Lu_Oferta_241151900_Cápsula Nescafé Dolce Gusto Cappuccino Caramelo Salgado 10 Cápsulas"
"241125100","Lu_Oferta_241125100_Desinfetante Cif Espuma Milagrosa Extermina Limo sem Fragrância 500ml","G:\Drives compartilhados\OAK-WORKSPACE\01 - JOBS\03 - IA E-COMMERCE\EM_ANDAMENTO\2026-08-AGOSTO\Lu_Oferta_241125100_Desinfetante Cif Espuma Milagrosa Extermina Limo sem Fragrância 500ml"
"241220400","Lu_Oferta_241220400_Pneu Aro 17- 225-50R17 Pirelli 94V Powergy","G:\Drives compartilhados\OAK-WORKSPACE\01 - JOBS\03 - IA E-COMMERCE\EM_ANDAMENTO\2026-08-AGOSTO\Lu_Oferta_241220400_Pneu Aro 17- 225-50R17 Pirelli 94V Powergy"
"240879800","Lu_Oferta_240879800_Carregador Portátil Geonav PB20K65WBL 20000 mAh","G:\Drives compartilhados\OAK-WORKSPACE\01 - JOBS\03 - IA E-COMMERCE\EM_ANDAMENTO\2026-08-AGOSTO\Lu_Oferta_240879800_Carregador Portátil Geonav PB20K65WBL 20000 mAh"
"241059000","Lu_Oferta_241059000_Fralda Huggies Proteção Acolchoada M 5,5 a 9,5kg 80 Unidades","G:\Drives compartilhados\OAK-WORKSPACE\01 - JOBS\03 - IA E-COMMERCE\EM_ANDAMENTO\2026-08-AGOSTO\Lu_Oferta_241059000_Fralda Huggies Proteção Acolchoada M 5,5 a 9,5kg 80 Unidades"
"241220700","Lu_Oferta_241220700_Pneu Aro 18- 225-55R18 Pirelli 98V Scorpion","G:\Drives compartilhados\OAK-WORKSPACE\01 - JOBS\03 - IA E-COMMERCE\EM_ANDAMENTO\2026-08-AGOSTO\Lu_Oferta_241220700_Pneu Aro 18- 225-55R18 Pirelli 98V Scorpion"
"241012800","Lu_Oferta_241012800_Refrigerante Lata Guaraná Antarctica 12 Unidades 350ml","G:\Drives compartilhados\OAK-WORKSPACE\01 - JOBS\03 - IA E-COMMERCE\EM_ANDAMENTO\2026-08-AGOSTO\Lu_Oferta_241012800_Refrigerante Lata Guaraná Antarctica 12 Unidades 350ml"
"240957800","Lu_Oferta_240957800_Bebida Energética Red Bull The Maçã Edition sem Açúcar 250ml","G:\Drives compartilhados\OAK-WORKSPACE\01 - JOBS\03 - IA E-COMMERCE\EM_ANDAMENTO\2026-08-AGOSTO\Lu_Oferta_240957800_Bebida Energética Red Bull The Maçã Edition sem Açúcar 250ml"
"241125200","Lu_Oferta_241125200_Amaciante Comfort Concentrado Edição Especial Bridgerton Segredos 10 1L","G:\Drives compartilhados\OAK-WORKSPACE\01 - JOBS\03 - IA E-COMMERCE\EM_ANDAMENTO\2026-08-AGOSTO\Lu_Oferta_241125200_Amaciante Comfort Concentrado Edição Especial Bridgerton Segredos 10 1L"
"241096100","Lu_Oferta_241096100_Suporte para TV Fixo Universal até 85- Indusat Micro-gap SU-1350I","G:\Drives compartilhados\OAK-WORKSPACE\01 - JOBS\03 - IA E-COMMERCE\EM_ANDAMENTO\2026-08-AGOSTO\Lu_Oferta_241096100_Suporte para TV Fixo Universal até 85- Indusat Micro-gap SU-1350I"
"241221200","Lu_Oferta_241221200_Pneu Aro 17- 225-60R17 Pirelli 103H Scorpion Verde A-S","G:\Drives compartilhados\OAK-WORKSPACE\01 - JOBS\03 - IA E-COMMERCE\EM_ANDAMENTO\2026-08-AGOSTO\Lu_Oferta_241221200_Pneu Aro 17- 225-60R17 Pirelli 103H Scorpion Verde A-S"
"241151400","Lu_Oferta_241151400_Cápsula de Café Clássico Nespresso Arábica Espresso Roast Starbucks 1 Caixa com 10 Cápsulas","G:\Drives compartilhados\OAK-WORKSPACE\01 - JOBS\03 - IA E-COMMERCE\EM_ANDAMENTO\2026-08-AGOSTO\Lu_Oferta_241151400_Cápsula de Café Clássico Nespresso Arábica Espresso Roast Starbucks 1 Caixa com 10 Cápsulas"
"241056400","Lu_Oferta_241056400_Fralda Descartável Huggies Máxima Proteção XXXG 18 a 25kg 42 Unidades","G:\Drives compartilhados\OAK-WORKSPACE\01 - JOBS\03 - IA E-COMMERCE\EM_ANDAMENTO\2026-08-AGOSTO\Lu_Oferta_241056400_Fralda Descartável Huggies Máxima Proteção XXXG 18 a 25kg 42 Unidades"
"241244000","Lu_Oferta_241244000_Carrinho Hot Wheels XL Mattel","G:\Drives compartilhados\OAK-WORKSPACE\01 - JOBS\03 - IA E-COMMERCE\EM_ANDAMENTO\2026-08-AGOSTO\Lu_Oferta_241244000_Carrinho Hot Wheels XL Mattel"
"241194900","Lu_Oferta_241194900_Cerveja Michelob Ultra 6 Unidades Long Neck 330ml","G:\Drives compartilhados\OAK-WORKSPACE\01 - JOBS\03 - IA E-COMMERCE\EM_ANDAMENTO\2026-08-AGOSTO\Lu_Oferta_241194900_Cerveja Michelob Ultra 6 Unidades Long Neck 330ml"
"241246500","Lu_Oferta_241246500_Jogo UNO Mattel Games 113 Peças","G:\Drives compartilhados\OAK-WORKSPACE\01 - JOBS\03 - IA E-COMMERCE\EM_ANDAMENTO\2026-08-AGOSTO\Lu_Oferta_241246500_Jogo UNO Mattel Games 113 Peças"
"241244900","Lu_Oferta_241244900_Kit Carrinhos Hot Wheels Silver Series Ruas do","G:\Drives compartilhados\OAK-WORKSPACE\01 - JOBS\03 - IA E-COMMERCE\EM_ANDAMENTO\2026-08-AGOSTO\Lu_Oferta_241244900_Kit Carrinhos Hot Wheels Silver Series Ruas do"
"241252300","Lu_Oferta_241252300_Pista Hot Wheels City Garagem de Acrobacias","G:\Drives compartilhados\OAK-WORKSPACE\01 - JOBS\03 - IA E-COMMERCE\EM_ANDAMENTO\2026-08-AGOSTO\Lu_Oferta_241252300_Pista Hot Wheels City Garagem de Acrobacias"
"241424400","Lu_Oferta_241424400_Sabão Líquido Omo Puro Cuidado 3L","G:\Drives compartilhados\OAK-WORKSPACE\01 - JOBS\03 - IA E-COMMERCE\EM_ANDAMENTO\2026-08-AGOSTO\Lu_Oferta_241424400_Sabão Líquido Omo Puro Cuidado 3L"
"241354400","Lu_Oferta_241354400_Jogo Monopoly Panini Prizm Copa do Mundo","G:\Drives compartilhados\OAK-WORKSPACE\01 - JOBS\03 - IA E-COMMERCE\EM_ANDAMENTO\2026-08-AGOSTO\Lu_Oferta_241354400_Jogo Monopoly Panini Prizm Copa do Mundo"
"241424200","Lu_Oferta_241424200_Sabão Líquido Omo Lavagem Perfeita Original 3L","G:\Drives compartilhados\OAK-WORKSPACE\01 - JOBS\03 - IA E-COMMERCE\EM_ANDAMENTO\2026-08-AGOSTO\Lu_Oferta_241424200_Sabão Líquido Omo Lavagem Perfeita Original 3L"
"241248100","Lu_Oferta_241248100_Boneca Barbie Family & Friends Passeio","G:\Drives compartilhados\OAK-WORKSPACE\01 - JOBS\03 - IA E-COMMERCE\EM_ANDAMENTO\2026-08-AGOSTO\Lu_Oferta_241248100_Boneca Barbie Family & Friends Passeio"
"241424100","Lu_Oferta_241424100_Sabão Líquido Omo Lavagem Perfeita Lavanda 3L","G:\Drives compartilhados\OAK-WORKSPACE\01 - JOBS\03 - IA E-COMMERCE\EM_ANDAMENTO\2026-08-AGOSTO\Lu_Oferta_241424100_Sabão Líquido Omo Lavagem Perfeita Lavanda 3L"
"241368100","Lu_Oferta_241368100_Carregador Portátil-Power Bank i2GO I2GBAT014 10.000mAh","G:\Drives compartilhados\OAK-WORKSPACE\01 - JOBS\03 - IA E-COMMERCE\EM_ANDAMENTO\2026-08-AGOSTO\Lu_Oferta_241368100_Carregador Portátil-Power Bank i2GO I2GBAT014 10.000mAh"
"241367900","Lu_Oferta_241367900_Carregador Portátil-Power Bank i2GO PROBAT027 por Indução 10.000mAh","G:\Drives compartilhados\OAK-WORKSPACE\01 - JOBS\03 - IA E-COMMERCE\EM_ANDAMENTO\2026-08-AGOSTO\Lu_Oferta_241367900_Carregador Portátil-Power Bank i2GO PROBAT027 por Indução 10.000mAh"
"241386000","Lu_Oferta_241386000_Mini Figura Surpresa Copa do Mundo FIFA 2026","G:\Drives compartilhados\OAK-WORKSPACE\01 - JOBS\03 - IA E-COMMERCE\EM_ANDAMENTO\2026-08-AGOSTO\Lu_Oferta_241386000_Mini Figura Surpresa Copa do Mundo FIFA 2026"
"241424500","Lu_Oferta_241424500_Sabão Líquido Omo Lavagem Perfeita Concentrado 1,8L","G:\Drives compartilhados\OAK-WORKSPACE\01 - JOBS\03 - IA E-COMMERCE\EM_ANDAMENTO\2026-08-AGOSTO\Lu_Oferta_241424500_Sabão Líquido Omo Lavagem Perfeita Concentrado 1,8L"
"241368000","Lu_Oferta_241368000_Carregador Portátil-Power Bank i2GO I2GBAT013 10.000mAh","G:\Drives compartilhados\OAK-WORKSPACE\01 - JOBS\03 - IA E-COMMERCE\EM_ANDAMENTO\2026-08-AGOSTO\Lu_Oferta_241368000_Carregador Portátil-Power Bank i2GO I2GBAT013 10.000mAh"
"241424300","Lu_Oferta_241424300_Sabão em Pó Surf Explosão de Flores Concentrado Profissional 5,6kg","G:\Drives compartilhados\OAK-WORKSPACE\01 - JOBS\03 - IA E-COMMERCE\EM_ANDAMENTO\2026-08-AGOSTO\Lu_Oferta_241424300_Sabão em Pó Surf Explosão de Flores Concentrado Profissional 5,6kg"
"143281500","Master_143281500_Aparelho de Jantar 30 Peças Schmidt Porcelana","G:\Drives compartilhados\OAK-WORKSPACE\01 - JOBS\03 - IA E-COMMERCE\EM_ANDAMENTO\2026-08-AGOSTO\Master_143281500_Aparelho de Jantar 30 Peças Schmidt Porcelana"
"241219600","Master_241219600_Chaleira Tramontina Inox com Apito 2,5L 61488250","G:\Drives compartilhados\OAK-WORKSPACE\01 - JOBS\03 - IA E-COMMERCE\EM_ANDAMENTO\2026-08-AGOSTO\Master_241219600_Chaleira Tramontina Inox com Apito 2,5L 61488250"
"083563700","Master_083563700_Barbeador Elétrico Gillette Styler Seco e Molhado","G:\Drives compartilhados\OAK-WORKSPACE\01 - JOBS\03 - IA E-COMMERCE\EM_ANDAMENTO\2026-08-AGOSTO\Master_083563700_Barbeador Elétrico Gillette Styler Seco e Molhado"
"240791600","Master_240791600_Lavadora de Alta Pressão Karcher 1815 Libras 1500W K3 Force Car","G:\Drives compartilhados\OAK-WORKSPACE\01 - JOBS\03 - IA E-COMMERCE\EM_ANDAMENTO\2026-08-AGOSTO\Master_240791600_Lavadora de Alta Pressão Karcher 1815 Libras 1500W K3 Force Car"
"143268500","Master_143268500_Aparelho de Jantar Chá 30 Peças Schmidt","G:\Drives compartilhados\OAK-WORKSPACE\01 - JOBS\03 - IA E-COMMERCE\EM_ANDAMENTO\2026-08-AGOSTO\Master_143268500_Aparelho de Jantar Chá 30 Peças Schmidt"
"240861800","Master_240861800_Tablet Infantil Multi NB438 4GB RAM 64GB 8- Android 13 Octa-core Wi-Fi","G:\Drives compartilhados\OAK-WORKSPACE\01 - JOBS\03 - IA E-COMMERCE\EM_ANDAMENTO\2026-08-AGOSTO\Master_240861800_Tablet Infantil Multi NB438 4GB RAM 64GB 8- Android 13 Octa-core Wi-Fi"
"240707200","Master_240707200_Soprador de Folhas a Bateria Black+Decker BCSW221E1-BR","G:\Drives compartilhados\OAK-WORKSPACE\01 - JOBS\03 - IA E-COMMERCE\EM_ANDAMENTO\2026-08-AGOSTO\Master_240707200_Soprador de Folhas a Bateria Black+Decker BCSW221E1-BR"
"241143600","Master_241143600_Lavadora de Alta Pressão Desobstruidora Wap 1800 PSI 1700W Bravo Ultra 2550","G:\Drives compartilhados\OAK-WORKSPACE\01 - JOBS\03 - IA E-COMMERCE\EM_ANDAMENTO\2026-08-AGOSTO\Master_241143600_Lavadora de Alta Pressão Desobstruidora Wap 1800 PSI 1700W Bravo Ultra 2550"
"043184300","Master_043184300_Headset Gamer HyperX CloudX Stinger Core","G:\Drives compartilhados\OAK-WORKSPACE\01 - JOBS\03 - IA E-COMMERCE\EM_ANDAMENTO\2026-08-AGOSTO\Master_043184300_Headset Gamer HyperX CloudX Stinger Core"
"241180000","Master_241180000_Tábua de Passar Roupa Dobrável Açomix Carla","G:\Drives compartilhados\OAK-WORKSPACE\01 - JOBS\03 - IA E-COMMERCE\EM_ANDAMENTO\2026-08-AGOSTO\Master_241180000_Tábua de Passar Roupa Dobrável Açomix Carla"
"241046700","Master_241046700_Headphone Bluetooth JBL Tune 530BT com Microfone Azul","G:\Drives compartilhados\OAK-WORKSPACE\01 - JOBS\03 - IA E-COMMERCE\EM_ANDAMENTO\2026-08-AGOSTO\Master_241046700_Headphone Bluetooth JBL Tune 530BT com Microfone Azul"
"226810500","Master_226810500_Laptop Infantil Spider-Man Musical","G:\Drives compartilhados\OAK-WORKSPACE\01 - JOBS\03 - IA E-COMMERCE\EM_ANDAMENTO\2026-08-AGOSTO\Master_226810500_Laptop Infantil Spider-Man Musical"
"238896100","Master_238896100_Fone de Ouvido Bluetooth JBL Tour Pro 3 JBLTOURPRO3BLKBR Intra-auricular True Wireless Preto","G:\Drives compartilhados\OAK-WORKSPACE\01 - JOBS\03 - IA E-COMMERCE\EM_ANDAMENTO\2026-08-AGOSTO\Master_238896100_Fone de Ouvido Bluetooth JBL Tour Pro 3 JBLTOURPRO3BLKBR Intra-auricular True Wireless Preto"
"241223000","Master_241223000_Jogo de Panelas Tramontina Antiaderente Starflon Premium Alumínio Cinza 5 Peças Mônaco","G:\Drives compartilhados\OAK-WORKSPACE\01 - JOBS\03 - IA E-COMMERCE\EM_ANDAMENTO\2026-08-AGOSTO\Master_241223000_Jogo de Panelas Tramontina Antiaderente Starflon Premium Alumínio Cinza 5 Peças Mônaco"
"234858400","Master_234858400_Desumidificador de Ar Desidrat New Plus 70","G:\Drives compartilhados\OAK-WORKSPACE\01 - JOBS\03 - IA E-COMMERCE\EM_ANDAMENTO\2026-08-AGOSTO\Master_234858400_Desumidificador de Ar Desidrat New Plus 70"
"241219400","Master_241219400_Panela Pipoqueira Tramontina Inox com Tampa de Vidro 5,6L 22cm Allegra","G:\Drives compartilhados\OAK-WORKSPACE\01 - JOBS\03 - IA E-COMMERCE\EM_ANDAMENTO\2026-08-AGOSTO\Master_241219400_Panela Pipoqueira Tramontina Inox com Tampa de Vidro 5,6L 22cm Allegra"
"241224200","Master_241224200_Jogo de Panelas Tramontina Revestimento Cerâmico de Alumínio Bege 5 Peças Veronese","G:\Drives compartilhados\OAK-WORKSPACE\01 - JOBS\03 - IA E-COMMERCE\EM_ANDAMENTO\2026-08-AGOSTO\Master_241224200_Jogo de Panelas Tramontina Revestimento Cerâmico de Alumínio Bege 5 Peças Veronese"
"241108000","Master_241108000_Monitor Portátil WB 15,6- Full HD 60Hz 12322 IPS Horizontal e Vertical WBMP01BK","G:\Drives compartilhados\OAK-WORKSPACE\01 - JOBS\03 - IA E-COMMERCE\EM_ANDAMENTO\2026-08-AGOSTO\Master_241108000_Monitor Portátil WB 15,6- Full HD 60Hz 12322 IPS Horizontal e Vertical WBMP01BK"
"241219300","Master_241219300_Jogo de Panelas Tramontina Inox 10 Peças Allegra","G:\Drives compartilhados\OAK-WORKSPACE\01 - JOBS\03 - IA E-COMMERCE\EM_ANDAMENTO\2026-08-AGOSTO\Master_241219300_Jogo de Panelas Tramontina Inox 10 Peças Allegra"
"240884700","Master_240884700_Aparador de Grama Eletrico com Bateria de Lítio Nell SC-PT0021C","G:\Drives compartilhados\OAK-WORKSPACE\01 - JOBS\03 - IA E-COMMERCE\EM_ANDAMENTO\2026-08-AGOSTO\Master_240884700_Aparador de Grama Eletrico com Bateria de Lítio Nell SC-PT0021C"
"238937300","Lu_Oferta_238937300_Kit Perfume Feminino Shakira Dance Eau de Toilette 80ml com Desodorante 150ml","G:\Drives compartilhados\OAK-WORKSPACE\01 - JOBS\03 - IA E-COMMERCE\EM_ANDAMENTO\2026-08-AGOSTO\Lu_Oferta_238937300_Kit Perfume Feminino Shakira Dance Eau de Toilette 80ml com Desodorante 150ml"
"240082100","Lu_Oferta_240082100_Creme de Pentear Pantene Pro-V Miracles Biotinamina B3 Antiqueda & Nutrição 240g","G:\Drives compartilhados\OAK-WORKSPACE\01 - JOBS\03 - IA E-COMMERCE\EM_ANDAMENTO\2026-08-AGOSTO\Lu_Oferta_240082100_Creme de Pentear Pantene Pro-V Miracles Biotinamina B3 Antiqueda & Nutrição 240g"
"240066600","Lu_Oferta_240066600_Boneca Barbie Signature 60th Anniversary Miss","G:\Drives compartilhados\OAK-WORKSPACE\01 - JOBS\03 - IA E-COMMERCE\EM_ANDAMENTO\2026-08-AGOSTO\Lu_Oferta_240066600_Boneca Barbie Signature 60th Anniversary Miss"
"240072600","Lu_Oferta_240072600_Pista Hot Wheels City T-Rex x Quartel de Bombeiros","G:\Drives compartilhados\OAK-WORKSPACE\01 - JOBS\03 - IA E-COMMERCE\EM_ANDAMENTO\2026-08-AGOSTO\Lu_Oferta_240072600_Pista Hot Wheels City T-Rex x Quartel de Bombeiros"
"238969800","Lu_Oferta_238969800_Espumante Moscatel Branco Terranova Tropical 750ml","G:\Drives compartilhados\OAK-WORKSPACE\01 - JOBS\03 - IA E-COMMERCE\EM_ANDAMENTO\2026-08-AGOSTO\Lu_Oferta_238969800_Espumante Moscatel Branco Terranova Tropical 750ml"
"240099700","Lu_Oferta_240099700_Leite Condensado Nestle Semidesnatado Moça Profissional 3kg","G:\Drives compartilhados\OAK-WORKSPACE\01 - JOBS\03 - IA E-COMMERCE\EM_ANDAMENTO\2026-08-AGOSTO\Lu_Oferta_240099700_Leite Condensado Nestle Semidesnatado Moça Profissional 3kg"
"240179400","Lu_Oferta_240179400_Playset Patrulha Canina Sunny Brinquedos","G:\Drives compartilhados\OAK-WORKSPACE\01 - JOBS\03 - IA E-COMMERCE\EM_ANDAMENTO\2026-08-AGOSTO\Lu_Oferta_240179400_Playset Patrulha Canina Sunny Brinquedos"
"240079800","Lu_Oferta_240079800_Boneca Barbie Receita da Amizade Teresa","G:\Drives compartilhados\OAK-WORKSPACE\01 - JOBS\03 - IA E-COMMERCE\EM_ANDAMENTO\2026-08-AGOSTO\Lu_Oferta_240079800_Boneca Barbie Receita da Amizade Teresa"
"240140400","Lu_Oferta_240140400_Funko Pop Stitch com Boia","G:\Drives compartilhados\OAK-WORKSPACE\01 - JOBS\03 - IA E-COMMERCE\EM_ANDAMENTO\2026-08-AGOSTO\Lu_Oferta_240140400_Funko Pop Stitch com Boia"
"240115600","Lu_Oferta_240115600_Pneu 17- 205-55R17 Goodyear 91V Wrangler Territory HT","G:\Drives compartilhados\OAK-WORKSPACE\01 - JOBS\03 - IA E-COMMERCE\EM_ANDAMENTO\2026-08-AGOSTO\Lu_Oferta_240115600_Pneu 17- 205-55R17 Goodyear 91V Wrangler Territory HT"
"240089100","Lu_Oferta_240089100_Vinho Rosé Seco Cosecha Chile 750ml","G:\Drives compartilhados\OAK-WORKSPACE\01 - JOBS\03 - IA E-COMMERCE\EM_ANDAMENTO\2026-08-AGOSTO\Lu_Oferta_240089100_Vinho Rosé Seco Cosecha Chile 750ml"
"240079700","Lu_Oferta_240079700_Pista  Hot Wheels City Super Delegacia de Polícia","G:\Drives compartilhados\OAK-WORKSPACE\01 - JOBS\03 - IA E-COMMERCE\EM_ANDAMENTO\2026-08-AGOSTO\Lu_Oferta_240079700_Pista  Hot Wheels City Super Delegacia de Polícia"
"240170000","Lu_Oferta_240170000_Perfume Victorio & Lucchino Agua Masculinas Jungla Salvaje Edición Limitada Masculino Eau de Toilette 150ml","G:\Drives compartilhados\OAK-WORKSPACE\01 - JOBS\03 - IA E-COMMERCE\EM_ANDAMENTO\2026-08-AGOSTO\Lu_Oferta_240170000_Perfume Victorio & Lucchino Agua Masculinas Jungla Salvaje Edición Limitada Masculino Eau de Toilette 150ml"
"240180000","Lu_Oferta_240180000_Playset Gabbys Dollhouse- The Movie","G:\Drives compartilhados\OAK-WORKSPACE\01 - JOBS\03 - IA E-COMMERCE\EM_ANDAMENTO\2026-08-AGOSTO\Lu_Oferta_240180000_Playset Gabbys Dollhouse- The Movie"
"240246000","Lu_Oferta_240246000_Boneca Love Born que Faz Xixi com Acessórios","G:\Drives compartilhados\OAK-WORKSPACE\01 - JOBS\03 - IA E-COMMERCE\EM_ANDAMENTO\2026-08-AGOSTO\Lu_Oferta_240246000_Boneca Love Born que Faz Xixi com Acessórios"
"240248600","Lu_Oferta_240248600_Creatina Monohidratada FTW em Pó 500g","G:\Drives compartilhados\OAK-WORKSPACE\01 - JOBS\03 - IA E-COMMERCE\EM_ANDAMENTO\2026-08-AGOSTO\Lu_Oferta_240248600_Creatina Monohidratada FTW em Pó 500g"
"240195900","Lu_Oferta_240195900_Whisky Ballantines 10 anos Blended Escocês 1L","G:\Drives compartilhados\OAK-WORKSPACE\01 - JOBS\03 - IA E-COMMERCE\EM_ANDAMENTO\2026-08-AGOSTO\Lu_Oferta_240195900_Whisky Ballantines 10 anos Blended Escocês 1L"
"240205800","Lu_Oferta_240205800_Boneca New Family & Me com Acessórios","G:\Drives compartilhados\OAK-WORKSPACE\01 - JOBS\03 - IA E-COMMERCE\EM_ANDAMENTO\2026-08-AGOSTO\Lu_Oferta_240205800_Boneca New Family & Me com Acessórios"
"240215400","Lu_Oferta_240215400_Jogo Imagem e Ação- Maluco Tabuleiro Grow","G:\Drives compartilhados\OAK-WORKSPACE\01 - JOBS\03 - IA E-COMMERCE\EM_ANDAMENTO\2026-08-AGOSTO\Lu_Oferta_240215400_Jogo Imagem e Ação- Maluco Tabuleiro Grow"
"240196200","Lu_Oferta_240196200_Vodka Orloff Tradicional 6844 1,75L","G:\Drives compartilhados\OAK-WORKSPACE\01 - JOBS\03 - IA E-COMMERCE\EM_ANDAMENTO\2026-08-AGOSTO\Lu_Oferta_240196200_Vodka Orloff Tradicional 6844 1,75L"
"240241100","Lu_Oferta_240241100_Playset Bombeiro Electronic Parking","G:\Drives compartilhados\OAK-WORKSPACE\01 - JOBS\03 - IA E-COMMERCE\EM_ANDAMENTO\2026-08-AGOSTO\Lu_Oferta_240241100_Playset Bombeiro Electronic Parking"
"240180200","Lu_Oferta_240180200_Playset Patrulha Canina Fire Rescue Estação","G:\Drives compartilhados\OAK-WORKSPACE\01 - JOBS\03 - IA E-COMMERCE\EM_ANDAMENTO\2026-08-AGOSTO\Lu_Oferta_240180200_Playset Patrulha Canina Fire Rescue Estação"
"240238100","Lu_Oferta_240238100_Boneca Baby Alive Lala Goo Goo Pequenos Goles","G:\Drives compartilhados\OAK-WORKSPACE\01 - JOBS\03 - IA E-COMMERCE\EM_ANDAMENTO\2026-08-AGOSTO\Lu_Oferta_240238100_Boneca Baby Alive Lala Goo Goo Pequenos Goles"
"240196000","Lu_Oferta_240196000_Conhaque Domecq 6487 1L","G:\Drives compartilhados\OAK-WORKSPACE\01 - JOBS\03 - IA E-COMMERCE\EM_ANDAMENTO\2026-08-AGOSTO\Lu_Oferta_240196000_Conhaque Domecq 6487 1L"
"240236900","Lu_Oferta_240236900_Boneca Baby Alive Harper Hugs Guloseimas Mágicas","G:\Drives compartilhados\OAK-WORKSPACE\01 - JOBS\03 - IA E-COMMERCE\EM_ANDAMENTO\2026-08-AGOSTO\Lu_Oferta_240236900_Boneca Baby Alive Harper Hugs Guloseimas Mágicas"
"240251800","Lu_Oferta_240251800_Whey Protein Concentrado FTW 100% Whey Chocolate 900g","G:\Drives compartilhados\OAK-WORKSPACE\01 - JOBS\03 - IA E-COMMERCE\EM_ANDAMENTO\2026-08-AGOSTO\Lu_Oferta_240251800_Whey Protein Concentrado FTW 100% Whey Chocolate 900g"
"240195800","Lu_Oferta_240195800_Whisky Ballantines 10 Anos Blended Scotch Whisky Escocês 750ml","G:\Drives compartilhados\OAK-WORKSPACE\01 - JOBS\03 - IA E-COMMERCE\EM_ANDAMENTO\2026-08-AGOSTO\Lu_Oferta_240195800_Whisky Ballantines 10 Anos Blended Scotch Whisky Escocês 750ml"
"240205600","Lu_Oferta_240205600_Boneca com Mamadeira e Chupeta","G:\Drives compartilhados\OAK-WORKSPACE\01 - JOBS\03 - IA E-COMMERCE\EM_ANDAMENTO\2026-08-AGOSTO\Lu_Oferta_240205600_Boneca com Mamadeira e Chupeta"
"240239400","Lu_Oferta_240239400_Boneca Baby Alive Lala Goo Goo Festinha do Chá","G:\Drives compartilhados\OAK-WORKSPACE\01 - JOBS\03 - IA E-COMMERCE\EM_ANDAMENTO\2026-08-AGOSTO\Lu_Oferta_240239400_Boneca Baby Alive Lala Goo Goo Festinha do Chá"
"240245600","Lu_Oferta_240245600_Boneca Love Bebe Minha Naninha Preferida","G:\Drives compartilhados\OAK-WORKSPACE\01 - JOBS\03 - IA E-COMMERCE\EM_ANDAMENTO\2026-08-AGOSTO\Lu_Oferta_240245600_Boneca Love Bebe Minha Naninha Preferida"
"240238400","Lu_Oferta_240238400_Boneco Homem-Aranha Marvel 30cm Hasbro","G:\Drives compartilhados\OAK-WORKSPACE\01 - JOBS\03 - IA E-COMMERCE\EM_ANDAMENTO\2026-08-AGOSTO\Lu_Oferta_240238400_Boneco Homem-Aranha Marvel 30cm Hasbro"
"240196100","Lu_Oferta_240196100_Whisky Ballantines Sunshine Abacaxi 700ml","G:\Drives compartilhados\OAK-WORKSPACE\01 - JOBS\03 - IA E-COMMERCE\EM_ANDAMENTO\2026-08-AGOSTO\Lu_Oferta_240196100_Whisky Ballantines Sunshine Abacaxi 700ml"
"240246200","Lu_Oferta_240246200_Boneco Lilo & Stitch na Banheira 22cm","G:\Drives compartilhados\OAK-WORKSPACE\01 - JOBS\03 - IA E-COMMERCE\EM_ANDAMENTO\2026-08-AGOSTO\Lu_Oferta_240246200_Boneco Lilo & Stitch na Banheira 22cm"
"240245000","Lu_Oferta_240245000_Boneca Miyo Minha Pequena Artista","G:\Drives compartilhados\OAK-WORKSPACE\01 - JOBS\03 - IA E-COMMERCE\EM_ANDAMENTO\2026-08-AGOSTO\Lu_Oferta_240245000_Boneca Miyo Minha Pequena Artista"
"240205900","Lu_Oferta_240205900_Boneca Hora de dormir Ana Julia com Acessórios","G:\Drives compartilhados\OAK-WORKSPACE\01 - JOBS\03 - IA E-COMMERCE\EM_ANDAMENTO\2026-08-AGOSTO\Lu_Oferta_240205900_Boneca Hora de dormir Ana Julia com Acessórios"
"240240300","Lu_Oferta_240240300_Boneco Iron Man and his Awesome Friends Marvel","G:\Drives compartilhados\OAK-WORKSPACE\01 - JOBS\03 - IA E-COMMERCE\EM_ANDAMENTO\2026-08-AGOSTO\Lu_Oferta_240240300_Boneco Iron Man and his Awesome Friends Marvel"
"240298000","Lu_Oferta_240298000_Playset A Casa Mágica da Gabby O Filme","G:\Drives compartilhados\OAK-WORKSPACE\01 - JOBS\03 - IA E-COMMERCE\EM_ANDAMENTO\2026-08-AGOSTO\Lu_Oferta_240298000_Playset A Casa Mágica da Gabby O Filme"
"240348000","Lu_Oferta_240348000_Mini Figura Família Coelho Lulie Kids 4 Unidades","G:\Drives compartilhados\OAK-WORKSPACE\01 - JOBS\03 - IA E-COMMERCE\EM_ANDAMENTO\2026-08-AGOSTO\Lu_Oferta_240348000_Mini Figura Família Coelho Lulie Kids 4 Unidades"
"240286300","Lu_Oferta_240286300_Jogo Decrypto Galápagos","G:\Drives compartilhados\OAK-WORKSPACE\01 - JOBS\03 - IA E-COMMERCE\EM_ANDAMENTO\2026-08-AGOSTO\Lu_Oferta_240286300_Jogo Decrypto Galápagos"
"240347000","Lu_Oferta_240347000_Playset Família Coelho Quarto 20 Peças","G:\Drives compartilhados\OAK-WORKSPACE\01 - JOBS\03 - IA E-COMMERCE\EM_ANDAMENTO\2026-08-AGOSTO\Lu_Oferta_240347000_Playset Família Coelho Quarto 20 Peças"
"240348200","Lu_Oferta_240348200_Jogo Batatinhas Voadoras Lulie Kids","G:\Drives compartilhados\OAK-WORKSPACE\01 - JOBS\03 - IA E-COMMERCE\EM_ANDAMENTO\2026-08-AGOSTO\Lu_Oferta_240348200_Jogo Batatinhas Voadoras Lulie Kids"
"240347500","Lu_Oferta_240347500_Comidinha para Brincar Mini Horta Lulie Kids","G:\Drives compartilhados\OAK-WORKSPACE\01 - JOBS\03 - IA E-COMMERCE\EM_ANDAMENTO\2026-08-AGOSTO\Lu_Oferta_240347500_Comidinha para Brincar Mini Horta Lulie Kids"
"240254800","Lu_Oferta_240254800_Boneco Disney Stitch 30cm com Comidinhas","G:\Drives compartilhados\OAK-WORKSPACE\01 - JOBS\03 - IA E-COMMERCE\EM_ANDAMENTO\2026-08-AGOSTO\Lu_Oferta_240254800_Boneco Disney Stitch 30cm com Comidinhas"
"240348600","Lu_Oferta_240348600_Playset Coelho Lullie Kids Quarto Miniatura","G:\Drives compartilhados\OAK-WORKSPACE\01 - JOBS\03 - IA E-COMMERCE\EM_ANDAMENTO\2026-08-AGOSTO\Lu_Oferta_240348600_Playset Coelho Lullie Kids Quarto Miniatura"
"240349300","Lu_Oferta_240349300_Comidinha para Brincar Mini Horta Lulie Kids","G:\Drives compartilhados\OAK-WORKSPACE\01 - JOBS\03 - IA E-COMMERCE\EM_ANDAMENTO\2026-08-AGOSTO\Lu_Oferta_240349300_Comidinha para Brincar Mini Horta Lulie Kids"
"240251700","Lu_Oferta_240251700_Ômega 3 FTW PA00071999 DHA e EPA 90 Cápsulas","G:\Drives compartilhados\OAK-WORKSPACE\01 - JOBS\03 - IA E-COMMERCE\EM_ANDAMENTO\2026-08-AGOSTO\Lu_Oferta_240251700_Ômega 3 FTW PA00071999 DHA e EPA 90 Cápsulas"
"240349600","Lu_Oferta_240349600_Jogo Médico Maluco Lulie Kids","G:\Drives compartilhados\OAK-WORKSPACE\01 - JOBS\03 - IA E-COMMERCE\EM_ANDAMENTO\2026-08-AGOSTO\Lu_Oferta_240349600_Jogo Médico Maluco Lulie Kids"
"240347200","Lu_Oferta_240347200_Comidinha de Brinquedo Mini Horta Lulie Kids","G:\Drives compartilhados\OAK-WORKSPACE\01 - JOBS\03 - IA E-COMMERCE\EM_ANDAMENTO\2026-08-AGOSTO\Lu_Oferta_240347200_Comidinha de Brinquedo Mini Horta Lulie Kids"
"240349400","Lu_Oferta_240349400_Mini Figura Família Coelho Bolo de Aniversário","G:\Drives compartilhados\OAK-WORKSPACE\01 - JOBS\03 - IA E-COMMERCE\EM_ANDAMENTO\2026-08-AGOSTO\Lu_Oferta_240349400_Mini Figura Família Coelho Bolo de Aniversário"
"238889700","Lu_Oferta_238889700_Absorvente Noturno Always Noites Tranquilas Suave XG com Abas 42 Unidades","G:\Drives compartilhados\OAK-WORKSPACE\01 - JOBS\03 - IA E-COMMERCE\EM_ANDAMENTO\2026-08-AGOSTO\Lu_Oferta_238889700_Absorvente Noturno Always Noites Tranquilas Suave XG com Abas 42 Unidades"
"238888800","Lu_Oferta_238888800_Vinho Tinto Meio Seco Porca de Murça 11447 Portugal 750ml","G:\Drives compartilhados\OAK-WORKSPACE\01 - JOBS\03 - IA E-COMMERCE\EM_ANDAMENTO\2026-08-AGOSTO\Lu_Oferta_238888800_Vinho Tinto Meio Seco Porca de Murça 11447 Portugal 750ml"
"238937200","Lu_Oferta_238937200_Perfume Victorio & Lucchino Aguas Florales Nº 1 Azahar Radiante Feminino Eau de Toilette 150ml","G:\Drives compartilhados\OAK-WORKSPACE\01 - JOBS\03 - IA E-COMMERCE\EM_ANDAMENTO\2026-08-AGOSTO\Lu_Oferta_238937200_Perfume Victorio & Lucchino Aguas Florales Nº 1 Azahar Radiante Feminino Eau de Toilette 150ml"
"240066800","Lu_Oferta_240066800_Boneca Anna Canções Mágicas Disney Frozen","G:\Drives compartilhados\OAK-WORKSPACE\01 - JOBS\03 - IA E-COMMERCE\EM_ANDAMENTO\2026-08-AGOSTO\Lu_Oferta_240066800_Boneca Anna Canções Mágicas Disney Frozen"
"238933400","Lu_Oferta_238933400_Azeite de Oliva Extravirgem Casa Gallo Master Blenders Rossio de Abrantes 500ml","G:\Drives compartilhados\OAK-WORKSPACE\01 - JOBS\03 - IA E-COMMERCE\EM_ANDAMENTO\2026-08-AGOSTO\Lu_Oferta_238933400_Azeite de Oliva Extravirgem Casa Gallo Master Blenders Rossio de Abrantes 500ml"
"238933000","Lu_Oferta_238933000_Óleo Composto de Oliva Gallo Trufa 250ml","G:\Drives compartilhados\OAK-WORKSPACE\01 - JOBS\03 - IA E-COMMERCE\EM_ANDAMENTO\2026-08-AGOSTO\Lu_Oferta_238933000_Óleo Composto de Oliva Gallo Trufa 250ml"
"238926800","Lu_Oferta_238926800_Removedor Búfalo Bull 500ml","G:\Drives compartilhados\OAK-WORKSPACE\01 - JOBS\03 - IA E-COMMERCE\EM_ANDAMENTO\2026-08-AGOSTO\Lu_Oferta_238926800_Removedor Búfalo Bull 500ml"
"238929300","Lu_Oferta_238929300_Bastão de LED JBL PartyLight Stick Bluetooth","G:\Drives compartilhados\OAK-WORKSPACE\01 - JOBS\03 - IA E-COMMERCE\EM_ANDAMENTO\2026-08-AGOSTO\Lu_Oferta_238929300_Bastão de LED JBL PartyLight Stick Bluetooth"
"238763800","Lu_Oferta_238763800_Playset Canoa de Aventuras da Moana Mattel","G:\Drives compartilhados\OAK-WORKSPACE\01 - JOBS\03 - IA E-COMMERCE\EM_ANDAMENTO\2026-08-AGOSTO\Lu_Oferta_238763800_Playset Canoa de Aventuras da Moana Mattel"
"238770900","Lu_Oferta_238770900_Colágeno I e III Nutrify Renew em Pó 300g","G:\Drives compartilhados\OAK-WORKSPACE\01 - JOBS\03 - IA E-COMMERCE\EM_ANDAMENTO\2026-08-AGOSTO\Lu_Oferta_238770900_Colágeno I e III Nutrify Renew em Pó 300g"
"238840900","Lu_Oferta_238840900_Vinho Branco Seco Alamos Chardonnay Argentina 750ml","G:\Drives compartilhados\OAK-WORKSPACE\01 - JOBS\03 - IA E-COMMERCE\EM_ANDAMENTO\2026-08-AGOSTO\Lu_Oferta_238840900_Vinho Branco Seco Alamos Chardonnay Argentina 750ml"
"238841000","Lu_Oferta_238841000_Vinho Tinto Seco El Enemigo Malbec Argentina 750ml","G:\Drives compartilhados\OAK-WORKSPACE\01 - JOBS\03 - IA E-COMMERCE\EM_ANDAMENTO\2026-08-AGOSTO\Lu_Oferta_238841000_Vinho Tinto Seco El Enemigo Malbec Argentina 750ml"
"238772100","Lu_Oferta_238772100_Pré-Treino Darkness Évora PW 300g Uva","G:\Drives compartilhados\OAK-WORKSPACE\01 - JOBS\03 - IA E-COMMERCE\EM_ANDAMENTO\2026-08-AGOSTO\Lu_Oferta_238772100_Pré-Treino Darkness Évora PW 300g Uva"
"238832200","Lu_Oferta_238832200_Pelúcia Stitch Disney Baby","G:\Drives compartilhados\OAK-WORKSPACE\01 - JOBS\03 - IA E-COMMERCE\EM_ANDAMENTO\2026-08-AGOSTO\Lu_Oferta_238832200_Pelúcia Stitch Disney Baby"
"238840200","Lu_Oferta_238840200_Vinho Tinto Seco Alamos Malbec Argentina 750ml","G:\Drives compartilhados\OAK-WORKSPACE\01 - JOBS\03 - IA E-COMMERCE\EM_ANDAMENTO\2026-08-AGOSTO\Lu_Oferta_238840200_Vinho Tinto Seco Alamos Malbec Argentina 750ml"
"238659700","Lu_Oferta_238659700_Espumante Branco Brut Aurora Procedências 750ml","G:\Drives compartilhados\OAK-WORKSPACE\01 - JOBS\03 - IA E-COMMERCE\EM_ANDAMENTO\2026-08-AGOSTO\Lu_Oferta_238659700_Espumante Branco Brut Aurora Procedências 750ml"
"238771200","Lu_Oferta_238771200_Whey Protein Concentrado Darkness Dark Whey Baunilha 900g","G:\Drives compartilhados\OAK-WORKSPACE\01 - JOBS\03 - IA E-COMMERCE\EM_ANDAMENTO\2026-08-AGOSTO\Lu_Oferta_238771200_Whey Protein Concentrado Darkness Dark Whey Baunilha 900g"
"238840800","Lu_Oferta_238840800_Vinho Tinto Seco Catena Zapata Malbec Argentina 750ml","G:\Drives compartilhados\OAK-WORKSPACE\01 - JOBS\03 - IA E-COMMERCE\EM_ANDAMENTO\2026-08-AGOSTO\Lu_Oferta_238840800_Vinho Tinto Seco Catena Zapata Malbec Argentina 750ml"
"238697900","Lu_Oferta_238697900_Colcha Solteiro Karsten  100% Algodão Moura Branco e Cinza 2 Peças","G:\Drives compartilhados\OAK-WORKSPACE\01 - JOBS\03 - IA E-COMMERCE\EM_ANDAMENTO\2026-08-AGOSTO\Lu_Oferta_238697900_Colcha Solteiro Karsten  100% Algodão Moura Branco e Cinza 2 Peças"
"238772400","Lu_Oferta_238772400_Hipercalórico Integralmedica Creamass em Pó","G:\Drives compartilhados\OAK-WORKSPACE\01 - JOBS\03 - IA E-COMMERCE\EM_ANDAMENTO\2026-08-AGOSTO\Lu_Oferta_238772400_Hipercalórico Integralmedica Creamass em Pó"
"238840300","Lu_Oferta_238840300_Vinho Branco Seco El Enemigo Chardonnay Argentina 750ml","G:\Drives compartilhados\OAK-WORKSPACE\01 - JOBS\03 - IA E-COMMERCE\EM_ANDAMENTO\2026-08-AGOSTO\Lu_Oferta_238840300_Vinho Branco Seco El Enemigo Chardonnay Argentina 750ml"
"238659500","Lu_Oferta_238659500_Espumante Branco Doce Aurora Moscatel 750ml","G:\Drives compartilhados\OAK-WORKSPACE\01 - JOBS\03 - IA E-COMMERCE\EM_ANDAMENTO\2026-08-AGOSTO\Lu_Oferta_238659500_Espumante Branco Doce Aurora Moscatel 750ml"
"238770000","Lu_Oferta_238770000_Pré-Treino Darkness Évora PW 300g Limão","G:\Drives compartilhados\OAK-WORKSPACE\01 - JOBS\03 - IA E-COMMERCE\EM_ANDAMENTO\2026-08-AGOSTO\Lu_Oferta_238770000_Pré-Treino Darkness Évora PW 300g Limão"
"238758900","Lu_Oferta_238758900_Pneu 17- 245-65R17 Continental 111T ContiCrossContact LX","G:\Drives compartilhados\OAK-WORKSPACE\01 - JOBS\03 - IA E-COMMERCE\EM_ANDAMENTO\2026-08-AGOSTO\Lu_Oferta_238758900_Pneu 17- 245-65R17 Continental 111T ContiCrossContact LX"
"238650900","Lu_Oferta_238650900_Fralda Pampers Premium Care Tam M 6 a 10kg 160 Unidades","G:\Drives compartilhados\OAK-WORKSPACE\01 - JOBS\03 - IA E-COMMERCE\EM_ANDAMENTO\2026-08-AGOSTO\Lu_Oferta_238650900_Fralda Pampers Premium Care Tam M 6 a 10kg 160 Unidades"
"238767800","Lu_Oferta_238767800_Vinho Tinto Licor Porto Calem Tawny Velhotes Portugal 750ml","G:\Drives compartilhados\OAK-WORKSPACE\01 - JOBS\03 - IA E-COMMERCE\EM_ANDAMENTO\2026-08-AGOSTO\Lu_Oferta_238767800_Vinho Tinto Licor Porto Calem Tawny Velhotes Portugal 750ml"
"238841300","Lu_Oferta_238841300_Vinho Branco Seco Catena Zapata Chardonnay Argentina 750ml","G:\Drives compartilhados\OAK-WORKSPACE\01 - JOBS\03 - IA E-COMMERCE\EM_ANDAMENTO\2026-08-AGOSTO\Lu_Oferta_238841300_Vinho Branco Seco Catena Zapata Chardonnay Argentina 750ml"
"238823300","Lu_Oferta_238823300_Jogo de Facas para Churrasco Tramontina Inox com Tábua Plenus 4 Peças","G:\Drives compartilhados\OAK-WORKSPACE\01 - JOBS\03 - IA E-COMMERCE\EM_ANDAMENTO\2026-08-AGOSTO\Lu_Oferta_238823300_Jogo de Facas para Churrasco Tramontina Inox com Tábua Plenus 4 Peças"
"238840400","Lu_Oferta_238840400_Vinho Tinto Seco Carmen Insigne Cabernet Sauvignon Chile 750ml","G:\Drives compartilhados\OAK-WORKSPACE\01 - JOBS\03 - IA E-COMMERCE\EM_ANDAMENTO\2026-08-AGOSTO\Lu_Oferta_238840400_Vinho Tinto Seco Carmen Insigne Cabernet Sauvignon Chile 750ml"
"238773200","Lu_Oferta_238773200_Hipercalórico Integralmedica Creamass em Pó","G:\Drives compartilhados\OAK-WORKSPACE\01 - JOBS\03 - IA E-COMMERCE\EM_ANDAMENTO\2026-08-AGOSTO\Lu_Oferta_238773200_Hipercalórico Integralmedica Creamass em Pó"
"238777800","Lu_Oferta_238777800_Vinho Tinto Seco Siegel Chile 750ml","G:\Drives compartilhados\OAK-WORKSPACE\01 - JOBS\03 - IA E-COMMERCE\EM_ANDAMENTO\2026-08-AGOSTO\Lu_Oferta_238777800_Vinho Tinto Seco Siegel Chile 750ml"
"238762700","Lu_Oferta_238762700_Água Mineral sem Gás 850ml Voss","G:\Drives compartilhados\OAK-WORKSPACE\01 - JOBS\03 - IA E-COMMERCE\EM_ANDAMENTO\2026-08-AGOSTO\Lu_Oferta_238762700_Água Mineral sem Gás 850ml Voss"
"238841600","Lu_Oferta_238841600_Vinho Tinto Seco Catena Zapata Saint Felicien Argentina 750ml","G:\Drives compartilhados\OAK-WORKSPACE\01 - JOBS\03 - IA E-COMMERCE\EM_ANDAMENTO\2026-08-AGOSTO\Lu_Oferta_238841600_Vinho Tinto Seco Catena Zapata Saint Felicien Argentina 750ml"
"238894600","Lu_Oferta_238894600_Whisky Jim Beam Black Bourbon 7 Anos Americano 1L","G:\Drives compartilhados\OAK-WORKSPACE\01 - JOBS\03 - IA E-COMMERCE\EM_ANDAMENTO\2026-08-AGOSTO\Lu_Oferta_238894600_Whisky Jim Beam Black Bourbon 7 Anos Americano 1L"
"238841400","Lu_Oferta_238841400_Vinho Tinto Seco Catena Zapata Histórico Argentina 750ml","G:\Drives compartilhados\OAK-WORKSPACE\01 - JOBS\03 - IA E-COMMERCE\EM_ANDAMENTO\2026-08-AGOSTO\Lu_Oferta_238841400_Vinho Tinto Seco Catena Zapata Histórico Argentina 750ml"
"238531100","Lu_Oferta_238531100_Doce de Leite Italac 120019501 350g","G:\Drives compartilhados\OAK-WORKSPACE\01 - JOBS\03 - IA E-COMMERCE\EM_ANDAMENTO\2026-08-AGOSTO\Lu_Oferta_238531100_Doce de Leite Italac 120019501 350g"
"238624400","Lu_Oferta_238624400_Boneca Baby Alive Pequenos Sonhos com Acessórios","G:\Drives compartilhados\OAK-WORKSPACE\01 - JOBS\03 - IA E-COMMERCE\EM_ANDAMENTO\2026-08-AGOSTO\Lu_Oferta_238624400_Boneca Baby Alive Pequenos Sonhos com Acessórios"
"238653000","Lu_Oferta_238653000_Refrigerante Sukita Uva 200ml","G:\Drives compartilhados\OAK-WORKSPACE\01 - JOBS\03 - IA E-COMMERCE\EM_ANDAMENTO\2026-08-AGOSTO\Lu_Oferta_238653000_Refrigerante Sukita Uva 200ml"
"238561300","Lu_Oferta_238561300_Jogo Baralho Victini e Miraidon Estampas","G:\Drives compartilhados\OAK-WORKSPACE\01 - JOBS\03 - IA E-COMMERCE\EM_ANDAMENTO\2026-08-AGOSTO\Lu_Oferta_238561300_Jogo Baralho Victini e Miraidon Estampas"
"238522800","Lu_Oferta_238522800_Cobertura e Recheio Leite Condensado Nestlé Moça Profissional 2,61kg","G:\Drives compartilhados\OAK-WORKSPACE\01 - JOBS\03 - IA E-COMMERCE\EM_ANDAMENTO\2026-08-AGOSTO\Lu_Oferta_238522800_Cobertura e Recheio Leite Condensado Nestlé Moça Profissional 2,61kg"
"238619700","Lu_Oferta_238619700_Boneca Baby Alive LaLa GooGoo Pequenos Sonhos","G:\Drives compartilhados\OAK-WORKSPACE\01 - JOBS\03 - IA E-COMMERCE\EM_ANDAMENTO\2026-08-AGOSTO\Lu_Oferta_238619700_Boneca Baby Alive LaLa GooGoo Pequenos Sonhos"
"238516300","Lu_Oferta_238516300_Boneca Club Girls Banho com Roupão Fralda","G:\Drives compartilhados\OAK-WORKSPACE\01 - JOBS\03 - IA E-COMMERCE\EM_ANDAMENTO\2026-08-AGOSTO\Lu_Oferta_238516300_Boneca Club Girls Banho com Roupão Fralda"
"238517800","Lu_Oferta_238517800_Cobertura e Recheio Chocolate Nestlé Prestígio 1,01kg","G:\Drives compartilhados\OAK-WORKSPACE\01 - JOBS\03 - IA E-COMMERCE\EM_ANDAMENTO\2026-08-AGOSTO\Lu_Oferta_238517800_Cobertura e Recheio Chocolate Nestlé Prestígio 1,01kg"
"238474800","Lu_Oferta_238474800_Tequila El Jimador Reposado 750ml","G:\Drives compartilhados\OAK-WORKSPACE\01 - JOBS\03 - IA E-COMMERCE\EM_ANDAMENTO\2026-08-AGOSTO\Lu_Oferta_238474800_Tequila El Jimador Reposado 750ml"
"238474500","Lu_Oferta_238474500_Tequila El Jimador Blanco 750ml","G:\Drives compartilhados\OAK-WORKSPACE\01 - JOBS\03 - IA E-COMMERCE\EM_ANDAMENTO\2026-08-AGOSTO\Lu_Oferta_238474500_Tequila El Jimador Blanco 750ml"
"238514600","Lu_Oferta_238514600_Boneca Baby New Mini Bebê Mania com Babador","G:\Drives compartilhados\OAK-WORKSPACE\01 - JOBS\03 - IA E-COMMERCE\EM_ANDAMENTO\2026-08-AGOSTO\Lu_Oferta_238514600_Boneca Baby New Mini Bebê Mania com Babador"
"238328500","Lu_Oferta_238328500_Whisky Ballantines Finest Blended Escocês 750ml","G:\Drives compartilhados\OAK-WORKSPACE\01 - JOBS\03 - IA E-COMMERCE\EM_ANDAMENTO\2026-08-AGOSTO\Lu_Oferta_238328500_Whisky Ballantines Finest Blended Escocês 750ml"
"238514500","Lu_Oferta_238514500_Boneca Baby Tiara com Chupeta Roma Jensen","G:\Drives compartilhados\OAK-WORKSPACE\01 - JOBS\03 - IA E-COMMERCE\EM_ANDAMENTO\2026-08-AGOSTO\Lu_Oferta_238514500_Boneca Baby Tiara com Chupeta Roma Jensen"
"238521700","Lu_Oferta_238521700_Cobertura Chocolate branco Nestle Profissional Galak 1,01kg","G:\Drives compartilhados\OAK-WORKSPACE\01 - JOBS\03 - IA E-COMMERCE\EM_ANDAMENTO\2026-08-AGOSTO\Lu_Oferta_238521700_Cobertura Chocolate branco Nestle Profissional Galak 1,01kg"
"238545500","Lu_Oferta_238545500_Playset Celeiro da Judy Samba Toys 5 Peças","G:\Drives compartilhados\OAK-WORKSPACE\01 - JOBS\03 - IA E-COMMERCE\EM_ANDAMENTO\2026-08-AGOSTO\Lu_Oferta_238545500_Playset Celeiro da Judy Samba Toys 5 Peças"
"238539100","Lu_Oferta_238539100_Boneca Disney Moana com Acessórios Baby Brink","G:\Drives compartilhados\OAK-WORKSPACE\01 - JOBS\03 - IA E-COMMERCE\EM_ANDAMENTO\2026-08-AGOSTO\Lu_Oferta_238539100_Boneca Disney Moana com Acessórios Baby Brink"
"237956600","Lu_Oferta_237956600_Whisky Jack Daniel's Tennessee Honey Americano 375ml","G:\Drives compartilhados\OAK-WORKSPACE\01 - JOBS\03 - IA E-COMMERCE\EM_ANDAMENTO\2026-08-AGOSTO\Lu_Oferta_237956600_Whisky Jack Daniel's Tennessee Honey Americano 375ml"
"237824500","Lu_Oferta_237824500_Chocolate Kit Kat ao Leite 24 Unidades","G:\Drives compartilhados\OAK-WORKSPACE\01 - JOBS\03 - IA E-COMMERCE\EM_ANDAMENTO\2026-08-AGOSTO\Lu_Oferta_237824500_Chocolate Kit Kat ao Leite 24 Unidades"
"238328700","Lu_Oferta_238328700_Whisky The Glenlivet Founders Reserve Single Malt Escocês 750ml","G:\Drives compartilhados\OAK-WORKSPACE\01 - JOBS\03 - IA E-COMMERCE\EM_ANDAMENTO\2026-08-AGOSTO\Lu_Oferta_238328700_Whisky The Glenlivet Founders Reserve Single Malt Escocês 750ml"
"238322000","Lu_Oferta_238322000_Fralda Mili Premium Love & Care Tam. XG 12 a 15kg  66 Unidades","G:\Drives compartilhados\OAK-WORKSPACE\01 - JOBS\03 - IA E-COMMERCE\EM_ANDAMENTO\2026-08-AGOSTO\Lu_Oferta_238322000_Fralda Mili Premium Love & Care Tam. XG 12 a 15kg  66 Unidades"
"238160800","Lu_Oferta_238160800_Boneca Baby Alive Harper Hugs Bebê Shampoo","G:\Drives compartilhados\OAK-WORKSPACE\01 - JOBS\03 - IA E-COMMERCE\EM_ANDAMENTO\2026-08-AGOSTO\Lu_Oferta_238160800_Boneca Baby Alive Harper Hugs Bebê Shampoo"
"238372200","Lu_Oferta_238372200_Carrinho Monster Trucks Hot Wheels Big Rigs","G:\Drives compartilhados\OAK-WORKSPACE\01 - JOBS\03 - IA E-COMMERCE\EM_ANDAMENTO\2026-08-AGOSTO\Lu_Oferta_238372200_Carrinho Monster Trucks Hot Wheels Big Rigs"
"238264200","Lu_Oferta_238264200_Colher de Silicone Hauskraft UTEN-305FN Fendi","G:\Drives compartilhados\OAK-WORKSPACE\01 - JOBS\03 - IA E-COMMERCE\EM_ANDAMENTO\2026-08-AGOSTO\Lu_Oferta_238264200_Colher de Silicone Hauskraft UTEN-305FN Fendi"
"238150800","Lu_Oferta_238150800_Jogo Ticket To Ride Tabuleiro Galápagos","G:\Drives compartilhados\OAK-WORKSPACE\01 - JOBS\03 - IA E-COMMERCE\EM_ANDAMENTO\2026-08-AGOSTO\Lu_Oferta_238150800_Jogo Ticket To Ride Tabuleiro Galápagos"
"238379400","Lu_Oferta_238379400_Jogo UNO Flip Attack Mattel 112 Cartas","G:\Drives compartilhados\OAK-WORKSPACE\01 - JOBS\03 - IA E-COMMERCE\EM_ANDAMENTO\2026-08-AGOSTO\Lu_Oferta_238379400_Jogo UNO Flip Attack Mattel 112 Cartas"
"238102100","Lu_Oferta_238102100_Perfume Banderas The Icon Attitude Masculino","G:\Drives compartilhados\OAK-WORKSPACE\01 - JOBS\03 - IA E-COMMERCE\EM_ANDAMENTO\2026-08-AGOSTO\Lu_Oferta_238102100_Perfume Banderas The Icon Attitude Masculino"
"238152200","Lu_Oferta_238152200_Jogo 7 Wonders- 2ª Edição Tabuleiro Galápagos","G:\Drives compartilhados\OAK-WORKSPACE\01 - JOBS\03 - IA E-COMMERCE\EM_ANDAMENTO\2026-08-AGOSTO\Lu_Oferta_238152200_Jogo 7 Wonders- 2ª Edição Tabuleiro Galápagos"
"238162200","Lu_Oferta_238162200_Boneca Baby Alive Harper Hugs Bebê Shampoo","G:\Drives compartilhados\OAK-WORKSPACE\01 - JOBS\03 - IA E-COMMERCE\EM_ANDAMENTO\2026-08-AGOSTO\Lu_Oferta_238162200_Boneca Baby Alive Harper Hugs Bebê Shampoo"
"238406200","Lu_Oferta_238406200_Boneco Bluey 21cm Elka","G:\Drives compartilhados\OAK-WORKSPACE\01 - JOBS\03 - IA E-COMMERCE\EM_ANDAMENTO\2026-08-AGOSTO\Lu_Oferta_238406200_Boneco Bluey 21cm Elka"
"238161300","Lu_Oferta_238161300_Boneca Baby Alive Rainbow Dia de Spa","G:\Drives compartilhados\OAK-WORKSPACE\01 - JOBS\03 - IA E-COMMERCE\EM_ANDAMENTO\2026-08-AGOSTO\Lu_Oferta_238161300_Boneca Baby Alive Rainbow Dia de Spa"
"238184500","Lu_Oferta_238184500_Cápsula Starbucks Caramel Macchiato By Nescafé Dolce Gusto 10 Cápsulas","G:\Drives compartilhados\OAK-WORKSPACE\01 - JOBS\03 - IA E-COMMERCE\EM_ANDAMENTO\2026-08-AGOSTO\Lu_Oferta_238184500_Cápsula Starbucks Caramel Macchiato By Nescafé Dolce Gusto 10 Cápsulas"
"238162100","Lu_Oferta_238162100_Boneca Baby Alive Harper Hugs Bebê Shampoo","G:\Drives compartilhados\OAK-WORKSPACE\01 - JOBS\03 - IA E-COMMERCE\EM_ANDAMENTO\2026-08-AGOSTO\Lu_Oferta_238162100_Boneca Baby Alive Harper Hugs Bebê Shampoo"
"238423300","Lu_Oferta_238423300_Boneca Love Bebê com Fralda e Chupeta","G:\Drives compartilhados\OAK-WORKSPACE\01 - JOBS\03 - IA E-COMMERCE\EM_ANDAMENTO\2026-08-AGOSTO\Lu_Oferta_238423300_Boneca Love Bebê com Fralda e Chupeta"
"238380900","Lu_Oferta_238380900_Playset Barbie Profissões Cafeteria Mattel","G:\Drives compartilhados\OAK-WORKSPACE\01 - JOBS\03 - IA E-COMMERCE\EM_ANDAMENTO\2026-08-AGOSTO\Lu_Oferta_238380900_Playset Barbie Profissões Cafeteria Mattel"
"238423000","Lu_Oferta_238423000_Boneca Moana Baby com Pente Cotiplás","G:\Drives compartilhados\OAK-WORKSPACE\01 - JOBS\03 - IA E-COMMERCE\EM_ANDAMENTO\2026-08-AGOSTO\Lu_Oferta_238423000_Boneca Moana Baby com Pente Cotiplás"
"238422800","Lu_Oferta_238422800_Boneca Jessy Fofinha Cotiplás","G:\Drives compartilhados\OAK-WORKSPACE\01 - JOBS\03 - IA E-COMMERCE\EM_ANDAMENTO\2026-08-AGOSTO\Lu_Oferta_238422800_Boneca Jessy Fofinha Cotiplás"
"238490100","Lu_Oferta_238490100_Fórmula Infantil Aptanutri Soja 3 800g","G:\Drives compartilhados\OAK-WORKSPACE\01 - JOBS\03 - IA E-COMMERCE\EM_ANDAMENTO\2026-08-AGOSTO\Lu_Oferta_238490100_Fórmula Infantil Aptanutri Soja 3 800g"
"238425200","Lu_Oferta_238425200_Travesseiro Castor Visco Soft New Viscoelástico","G:\Drives compartilhados\OAK-WORKSPACE\01 - JOBS\03 - IA E-COMMERCE\EM_ANDAMENTO\2026-08-AGOSTO\Lu_Oferta_238425200_Travesseiro Castor Visco Soft New Viscoelástico"
"238424200","Lu_Oferta_238424200_Travesseiro Castor Type Látex Pro Bambu","G:\Drives compartilhados\OAK-WORKSPACE\01 - JOBS\03 - IA E-COMMERCE\EM_ANDAMENTO\2026-08-AGOSTO\Lu_Oferta_238424200_Travesseiro Castor Type Látex Pro Bambu"
"238424500","Lu_Oferta_238424500_Travesseiro Castor Sleep","G:\Drives compartilhados\OAK-WORKSPACE\01 - JOBS\03 - IA E-COMMERCE\EM_ANDAMENTO\2026-08-AGOSTO\Lu_Oferta_238424500_Travesseiro Castor Sleep"
"238459600","Lu_Oferta_238459600_Pelúcia Fur Real Amendoim O Macaco Brincalhão","G:\Drives compartilhados\OAK-WORKSPACE\01 - JOBS\03 - IA E-COMMERCE\EM_ANDAMENTO\2026-08-AGOSTO\Lu_Oferta_238459600_Pelúcia Fur Real Amendoim O Macaco Brincalhão"
"238455900","Lu_Oferta_238455900_Coenzima Q10 Nutrify 60 Cápsulas","G:\Drives compartilhados\OAK-WORKSPACE\01 - JOBS\03 - IA E-COMMERCE\EM_ANDAMENTO\2026-08-AGOSTO\Lu_Oferta_238455900_Coenzima Q10 Nutrify 60 Cápsulas"
"237552300","Lu_Oferta_237552300_Fralda Huggies Natural Care Tam. XXG 14 a 25kg","G:\Drives compartilhados\OAK-WORKSPACE\01 - JOBS\03 - IA E-COMMERCE\EM_ANDAMENTO\2026-08-AGOSTO\Lu_Oferta_237552300_Fralda Huggies Natural Care Tam. XXG 14 a 25kg"
"237799200","Lu_Oferta_237799200_Vinho Tinto Seco Nieto Senetiner Benjamin","G:\Drives compartilhados\OAK-WORKSPACE\01 - JOBS\03 - IA E-COMMERCE\EM_ANDAMENTO\2026-08-AGOSTO\Lu_Oferta_237799200_Vinho Tinto Seco Nieto Senetiner Benjamin"
"237631700","Lu_Oferta_237631700_Boneca Wandinha com Mãozinha Baby Brink","G:\Drives compartilhados\OAK-WORKSPACE\01 - JOBS\03 - IA E-COMMERCE\EM_ANDAMENTO\2026-08-AGOSTO\Lu_Oferta_237631700_Boneca Wandinha com Mãozinha Baby Brink"
"237633000","Lu_Oferta_237633000_Máscara de Hidratação Aussie Non Stop Hydration 4Ever Mask 270ml","G:\Drives compartilhados\OAK-WORKSPACE\01 - JOBS\03 - IA E-COMMERCE\EM_ANDAMENTO\2026-08-AGOSTO\Lu_Oferta_237633000_Máscara de Hidratação Aussie Non Stop Hydration 4Ever Mask 270ml"
"237269200","Lu_Oferta_237269200_Gin Flowers Drinks 750ml","G:\Drives compartilhados\OAK-WORKSPACE\01 - JOBS\03 - IA E-COMMERCE\EM_ANDAMENTO\2026-08-AGOSTO\Lu_Oferta_237269200_Gin Flowers Drinks 750ml"
"237634400","Lu_Oferta_237634400_Kit Lâminas Phillips OneBlade Face + Body","G:\Drives compartilhados\OAK-WORKSPACE\01 - JOBS\03 - IA E-COMMERCE\EM_ANDAMENTO\2026-08-AGOSTO\Lu_Oferta_237634400_Kit Lâminas Phillips OneBlade Face + Body"
"237749100","Lu_Oferta_237749100_Bebida Láctea UHT Nestlé Nescau Activ Chocolate","G:\Drives compartilhados\OAK-WORKSPACE\01 - JOBS\03 - IA E-COMMERCE\EM_ANDAMENTO\2026-08-AGOSTO\Lu_Oferta_237749100_Bebida Láctea UHT Nestlé Nescau Activ Chocolate"
"237339600","Lu_Oferta_237339600_Boneca Baby Alive Hora da Consulta","G:\Drives compartilhados\OAK-WORKSPACE\01 - JOBS\03 - IA E-COMMERCE\EM_ANDAMENTO\2026-08-AGOSTO\Lu_Oferta_237339600_Boneca Baby Alive Hora da Consulta"
"237269100","Lu_Oferta_237269100_Chopp de Vinho Draft Red Forbes Garrafa 600ml","G:\Drives compartilhados\OAK-WORKSPACE\01 - JOBS\03 - IA E-COMMERCE\EM_ANDAMENTO\2026-08-AGOSTO\Lu_Oferta_237269100_Chopp de Vinho Draft Red Forbes Garrafa 600ml"
"236786600","Lu_Oferta_236786600_Pneu Aro 19” 235-50R19 Pirelli 99H S-I Scorpion","G:\Drives compartilhados\OAK-WORKSPACE\01 - JOBS\03 - IA E-COMMERCE\EM_ANDAMENTO\2026-08-AGOSTO\Lu_Oferta_236786600_Pneu Aro 19” 235-50R19 Pirelli 99H S-I Scorpion"
"237751800","Lu_Oferta_237751800_Playset Barbie Profissões Clínica Médica Mattel","G:\Drives compartilhados\OAK-WORKSPACE\01 - JOBS\03 - IA E-COMMERCE\EM_ANDAMENTO\2026-08-AGOSTO\Lu_Oferta_237751800_Playset Barbie Profissões Clínica Médica Mattel"
"237338300","Lu_Oferta_237338300_Boneca Baby Alive Hora da Consulta Morena","G:\Drives compartilhados\OAK-WORKSPACE\01 - JOBS\03 - IA E-COMMERCE\EM_ANDAMENTO\2026-08-AGOSTO\Lu_Oferta_237338300_Boneca Baby Alive Hora da Consulta Morena"
"237352900","Lu_Oferta_237352900_Amaciante Comfort Concentrado Mais Perfume Lavanda 1,5L","G:\Drives compartilhados\OAK-WORKSPACE\01 - JOBS\03 - IA E-COMMERCE\EM_ANDAMENTO\2026-08-AGOSTO\Lu_Oferta_237352900_Amaciante Comfort Concentrado Mais Perfume Lavanda 1,5L"
"237124000","Lu_Oferta_237124000_Pneu Aro 16” 235-70R16 Goodyear 110S Direction 2 SUV","G:\Drives compartilhados\OAK-WORKSPACE\01 - JOBS\03 - IA E-COMMERCE\EM_ANDAMENTO\2026-08-AGOSTO\Lu_Oferta_237124000_Pneu Aro 16” 235-70R16 Goodyear 110S Direction 2 SUV"
"236843100","Lu_Oferta_236843100_Skate de Dedo Mattel Hot Wheels com Acessório","G:\Drives compartilhados\OAK-WORKSPACE\01 - JOBS\03 - IA E-COMMERCE\EM_ANDAMENTO\2026-08-AGOSTO\Lu_Oferta_236843100_Skate de Dedo Mattel Hot Wheels com Acessório"
"236786400","Lu_Oferta_236786400_Pneu Aro 18” 225-45R18 Pirelli 95W XL Powergy","G:\Drives compartilhados\OAK-WORKSPACE\01 - JOBS\03 - IA E-COMMERCE\EM_ANDAMENTO\2026-08-AGOSTO\Lu_Oferta_236786400_Pneu Aro 18” 225-45R18 Pirelli 95W XL Powergy"
"236569800","Lu_Oferta_236569800_Pneu Aro 16” 255-70R16 Goodyear 111H AT 2 Direction 2","G:\Drives compartilhados\OAK-WORKSPACE\01 - JOBS\03 - IA E-COMMERCE\EM_ANDAMENTO\2026-08-AGOSTO\Lu_Oferta_236569800_Pneu Aro 16” 255-70R16 Goodyear 111H AT 2 Direction 2"
"238075500","Lu_Oferta_238075500_Pneu Aro 17- 215-60R17 Pirelli 96H Scorpion","G:\Drives compartilhados\OAK-WORKSPACE\01 - JOBS\03 - IA E-COMMERCE\EM_ANDAMENTO\2026-08-AGOSTO\Lu_Oferta_238075500_Pneu Aro 17- 215-60R17 Pirelli 96H Scorpion"
"237881100","Lu_Oferta_237881100_Barra de Proteína Integralmedica Protein Crisp Bar","G:\Drives compartilhados\OAK-WORKSPACE\01 - JOBS\03 - IA E-COMMERCE\EM_ANDAMENTO\2026-08-AGOSTO\Lu_Oferta_237881100_Barra de Proteína Integralmedica Protein Crisp Bar"
"237870200","Lu_Oferta_237870200_Vinho Tinto Seco Concha y Toro Casillero del","G:\Drives compartilhados\OAK-WORKSPACE\01 - JOBS\03 - IA E-COMMERCE\EM_ANDAMENTO\2026-08-AGOSTO\Lu_Oferta_237870200_Vinho Tinto Seco Concha y Toro Casillero del"
"237800400","Lu_Oferta_237800400_Vinho Branco Seco Nieto Senetiner Chardonnay","G:\Drives compartilhados\OAK-WORKSPACE\01 - JOBS\03 - IA E-COMMERCE\EM_ANDAMENTO\2026-08-AGOSTO\Lu_Oferta_237800400_Vinho Branco Seco Nieto Senetiner Chardonnay"
"237870300","Lu_Oferta_237870300_Vinho Branco Seco Concha y Toro Casillero del","G:\Drives compartilhados\OAK-WORKSPACE\01 - JOBS\03 - IA E-COMMERCE\EM_ANDAMENTO\2026-08-AGOSTO\Lu_Oferta_237870300_Vinho Branco Seco Concha y Toro Casillero del"
"237967300","Lu_Oferta_237967300_Vinho Tinto Suave Santa Carolina Reservado Chile 750ml","G:\Drives compartilhados\OAK-WORKSPACE\01 - JOBS\03 - IA E-COMMERCE\EM_ANDAMENTO\2026-08-AGOSTO\Lu_Oferta_237967300_Vinho Tinto Suave Santa Carolina Reservado Chile 750ml"
"237873000","Lu_Oferta_237873000_Vinho Rosé Suave Concha y Toro Reservado","G:\Drives compartilhados\OAK-WORKSPACE\01 - JOBS\03 - IA E-COMMERCE\EM_ANDAMENTO\2026-08-AGOSTO\Lu_Oferta_237873000_Vinho Rosé Suave Concha y Toro Reservado"
"238012600","Lu_Oferta_238012600_Amaciante Comfort Concentrado 10x Mais Perfume Frescor Intenso 1,8L","G:\Drives compartilhados\OAK-WORKSPACE\01 - JOBS\03 - IA E-COMMERCE\EM_ANDAMENTO\2026-08-AGOSTO\Lu_Oferta_238012600_Amaciante Comfort Concentrado 10x Mais Perfume Frescor Intenso 1,8L"
"237843000","Lu_Oferta_237843000_Jogo de Colher Inox Tramontina Havaí 66905081 6 Peças","G:\Drives compartilhados\OAK-WORKSPACE\01 - JOBS\03 - IA E-COMMERCE\EM_ANDAMENTO\2026-08-AGOSTO\Lu_Oferta_237843000_Jogo de Colher Inox Tramontina Havaí 66905081 6 Peças"
"238057500","Lu_Oferta_238057500_Carregador Portátil-Power Bank Geonav 20.000 mAh com 1 Cabo USB-C PB20K20WRG","G:\Drives compartilhados\OAK-WORKSPACE\01 - JOBS\03 - IA E-COMMERCE\EM_ANDAMENTO\2026-08-AGOSTO\Lu_Oferta_238057500_Carregador Portátil-Power Bank Geonav 20.000 mAh com 1 Cabo USB-C PB20K20WRG"
"237818300","Lu_Oferta_237818300_Fralda Pampers Pants Ajuste Total Tamanho XXG (14-18kg) 120 Unidades","G:\Drives compartilhados\OAK-WORKSPACE\01 - JOBS\03 - IA E-COMMERCE\EM_ANDAMENTO\2026-08-AGOSTO\Lu_Oferta_237818300_Fralda Pampers Pants Ajuste Total Tamanho XXG (14-18kg) 120 Unidades"
"237817600","Lu_Oferta_237817600_Fralda Pampers Pants Ajuste Total Tamanho G (9-13Kg) 144 Unidades","G:\Drives compartilhados\OAK-WORKSPACE\01 - JOBS\03 - IA E-COMMERCE\EM_ANDAMENTO\2026-08-AGOSTO\Lu_Oferta_237817600_Fralda Pampers Pants Ajuste Total Tamanho G (9-13Kg) 144 Unidades"
"237968800","Lu_Oferta_237968800_Vinho Branco Suave Santa Carolina Reservado Chile 750ml","G:\Drives compartilhados\OAK-WORKSPACE\01 - JOBS\03 - IA E-COMMERCE\EM_ANDAMENTO\2026-08-AGOSTO\Lu_Oferta_237968800_Vinho Branco Suave Santa Carolina Reservado Chile 750ml"
"237817700","Lu_Oferta_237817700_Shampoo Anticaspa Head & Shoulders Old Spice","G:\Drives compartilhados\OAK-WORKSPACE\01 - JOBS\03 - IA E-COMMERCE\EM_ANDAMENTO\2026-08-AGOSTO\Lu_Oferta_237817700_Shampoo Anticaspa Head & Shoulders Old Spice"
"238030400","Lu_Oferta_238030400_Cerveja Amstel Lager Puro Malte 6 Unidades","G:\Drives compartilhados\OAK-WORKSPACE\01 - JOBS\03 - IA E-COMMERCE\EM_ANDAMENTO\2026-08-AGOSTO\Lu_Oferta_238030400_Cerveja Amstel Lager Puro Malte 6 Unidades"
"237867900","Lu_Oferta_237867900_Vinho Tinto Meio Seco Concha y Toro Reserva Casillero del Diablo Red Blend Chile 750ml","G:\Drives compartilhados\OAK-WORKSPACE\01 - JOBS\03 - IA E-COMMERCE\EM_ANDAMENTO\2026-08-AGOSTO\Lu_Oferta_237867900_Vinho Tinto Meio Seco Concha y Toro Reserva Casillero del Diablo Red Blend Chile 750ml"
"237956700","Lu_Oferta_237956700_Whisky Jack Daniel´s Tennessee Americano 375ml","G:\Drives compartilhados\OAK-WORKSPACE\01 - JOBS\03 - IA E-COMMERCE\EM_ANDAMENTO\2026-08-AGOSTO\Lu_Oferta_237956700_Whisky Jack Daniel´s Tennessee Americano 375ml"
"237872800","Lu_Oferta_237872800_Vinho Tinto Suave Concha y Toro Sweet Red Reservado Chile 750ml","G:\Drives compartilhados\OAK-WORKSPACE\01 - JOBS\03 - IA E-COMMERCE\EM_ANDAMENTO\2026-08-AGOSTO\Lu_Oferta_237872800_Vinho Tinto Suave Concha y Toro Sweet Red Reservado Chile 750ml"
"236661600","Lu_Oferta_236661600_Boneca Disney Frozen Elsa Mattel","G:\Drives compartilhados\OAK-WORKSPACE\01 - JOBS\03 - IA E-COMMERCE\EM_ANDAMENTO\2026-08-AGOSTO\Lu_Oferta_236661600_Boneca Disney Frozen Elsa Mattel"
"237552200","Lu_Oferta_237552200_Fralda Huggies Natural Care Tam. G 9 a 12,5kg","G:\Drives compartilhados\OAK-WORKSPACE\01 - JOBS\03 - IA E-COMMERCE\EM_ANDAMENTO\2026-08-AGOSTO\Lu_Oferta_237552200_Fralda Huggies Natural Care Tam. G 9 a 12,5kg"
"237871400","Lu_Oferta_237871400_Vinho Tinto Meio Seco Concha y Toro Malbec","G:\Drives compartilhados\OAK-WORKSPACE\01 - JOBS\03 - IA E-COMMERCE\EM_ANDAMENTO\2026-08-AGOSTO\Lu_Oferta_237871400_Vinho Tinto Meio Seco Concha y Toro Malbec"
"237753400","Lu_Oferta_237753400_Boneca Barbie Profissões Designer de Moda","G:\Drives compartilhados\OAK-WORKSPACE\01 - JOBS\03 - IA E-COMMERCE\EM_ANDAMENTO\2026-08-AGOSTO\Lu_Oferta_237753400_Boneca Barbie Profissões Designer de Moda"
"237340400","Lu_Oferta_237340400_Playset Patrulha Canina Chase Veículo Patrulheiro","G:\Drives compartilhados\OAK-WORKSPACE\01 - JOBS\03 - IA E-COMMERCE\EM_ANDAMENTO\2026-08-AGOSTO\Lu_Oferta_237340400_Playset Patrulha Canina Chase Veículo Patrulheiro"
"236661400","Lu_Oferta_236661400_Casinha de Boneca Disney Princesa","G:\Drives compartilhados\OAK-WORKSPACE\01 - JOBS\03 - IA E-COMMERCE\EM_ANDAMENTO\2026-08-AGOSTO\Lu_Oferta_236661400_Casinha de Boneca Disney Princesa"
"236779600","Lu_Oferta_236779600_Vodka Absolut Raspberri - 750 ml","G:\Drives compartilhados\OAK-WORKSPACE\01 - JOBS\03 - IA E-COMMERCE\EM_ANDAMENTO\2026-08-AGOSTO\Lu_Oferta_236779600_Vodka Absolut Raspberri - 750 ml"
"237747100","Lu_Oferta_237747100_Playset Barbie Barco dos Sonhos Mattel","G:\Drives compartilhados\OAK-WORKSPACE\01 - JOBS\03 - IA E-COMMERCE\EM_ANDAMENTO\2026-08-AGOSTO\Lu_Oferta_237747100_Playset Barbie Barco dos Sonhos Mattel"
"237260200","Lu_Oferta_237260200_Creme Dental Para Branqueamento Colgate Total 12 Whitening & Advanced Fresh 90g","G:\Drives compartilhados\OAK-WORKSPACE\01 - JOBS\03 - IA E-COMMERCE\EM_ANDAMENTO\2026-08-AGOSTO\Lu_Oferta_237260200_Creme Dental Para Branqueamento Colgate Total 12 Whitening & Advanced Fresh 90g"
"237633100","Lu_Oferta_237633100_Leave-in Aussie Hydro-Mania Non Stop Hydration 95ml","G:\Drives compartilhados\OAK-WORKSPACE\01 - JOBS\03 - IA E-COMMERCE\EM_ANDAMENTO\2026-08-AGOSTO\Lu_Oferta_237633100_Leave-in Aussie Hydro-Mania Non Stop Hydration 95ml"
"237370400","Lu_Oferta_237370400_Licor Amarula Coco Baunilha e Caramelo Vegan","G:\Drives compartilhados\OAK-WORKSPACE\01 - JOBS\03 - IA E-COMMERCE\EM_ANDAMENTO\2026-08-AGOSTO\Lu_Oferta_237370400_Licor Amarula Coco Baunilha e Caramelo Vegan"
"237384000","Lu_Oferta_237384000_Playset Dinossauro Dinopark Hunters Resgate","G:\Drives compartilhados\OAK-WORKSPACE\01 - JOBS\03 - IA E-COMMERCE\EM_ANDAMENTO\2026-08-AGOSTO\Lu_Oferta_237384000_Playset Dinossauro Dinopark Hunters Resgate"
"237348700","Lu_Oferta_237348700_Carregador de Parede Universal 2 Entradas USB","G:\Drives compartilhados\OAK-WORKSPACE\01 - JOBS\03 - IA E-COMMERCE\EM_ANDAMENTO\2026-08-AGOSTO\Lu_Oferta_237348700_Carregador de Parede Universal 2 Entradas USB"
"236699800","Lu_Oferta_236699800_Refrigerante Pepsi Twist 350ml Lata 12 Unidades","G:\Drives compartilhados\OAK-WORKSPACE\01 - JOBS\03 - IA E-COMMERCE\EM_ANDAMENTO\2026-08-AGOSTO\Lu_Oferta_236699800_Refrigerante Pepsi Twist 350ml Lata 12 Unidades"
"232150000","Lu_Oferta_232150000_Cortina Lartex Voil Café Wound 230x270cm","G:\Drives compartilhados\OAK-WORKSPACE\01 - JOBS\03 - IA E-COMMERCE\EM_ANDAMENTO\2026-08-AGOSTO\Lu_Oferta_232150000_Cortina Lartex Voil Café Wound 230x270cm"
"232892400","Lu_Oferta_232892400_Boneca Baby Alive Foodie Cuties com Acessórios","G:\Drives compartilhados\OAK-WORKSPACE\01 - JOBS\03 - IA E-COMMERCE\EM_ANDAMENTO\2026-08-AGOSTO\Lu_Oferta_232892400_Boneca Baby Alive Foodie Cuties com Acessórios"
"235403600","Lu_Oferta_235403600_Boneco JP com Som 32cm Baby Brink","G:\Drives compartilhados\OAK-WORKSPACE\01 - JOBS\03 - IA E-COMMERCE\EM_ANDAMENTO\2026-08-AGOSTO\Lu_Oferta_235403600_Boneco JP com Som 32cm Baby Brink"
"232892700","Lu_Oferta_232892700_Boneca Baby Alive Hora do Suco Loira","G:\Drives compartilhados\OAK-WORKSPACE\01 - JOBS\03 - IA E-COMMERCE\EM_ANDAMENTO\2026-08-AGOSTO\Lu_Oferta_232892700_Boneca Baby Alive Hora do Suco Loira"
"234925400","Lu_Oferta_234925400_Amaciante Concentrado Comfort Frescor Intenso 3L","G:\Drives compartilhados\OAK-WORKSPACE\01 - JOBS\03 - IA E-COMMERCE\EM_ANDAMENTO\2026-08-AGOSTO\Lu_Oferta_234925400_Amaciante Concentrado Comfort Frescor Intenso 3L"
"231368100","Lu_Oferta_231368100_Creatina Mono-hidratada Creapure em Pó 150g","G:\Drives compartilhados\OAK-WORKSPACE\01 - JOBS\03 - IA E-COMMERCE\EM_ANDAMENTO\2026-08-AGOSTO\Lu_Oferta_231368100_Creatina Mono-hidratada Creapure em Pó 150g"
"233891500","Lu_Oferta_233891500_Creme Dental Colgate Total Gengiva Saudável Anticárie com Flúor 90g 3 Unidades","G:\Drives compartilhados\OAK-WORKSPACE\01 - JOBS\03 - IA E-COMMERCE\EM_ANDAMENTO\2026-08-AGOSTO\Lu_Oferta_233891500_Creme Dental Colgate Total Gengiva Saudável Anticárie com Flúor 90g 3 Unidades"
"232858200","Lu_Oferta_232858200_Boneca Disney Princesa Rapunzel Mattel","G:\Drives compartilhados\OAK-WORKSPACE\01 - JOBS\03 - IA E-COMMERCE\EM_ANDAMENTO\2026-08-AGOSTO\Lu_Oferta_232858200_Boneca Disney Princesa Rapunzel Mattel"
"231188300","Lu_Oferta_231188300_Vinho Branco Seco De Martino Premium Legado Gran","G:\Drives compartilhados\OAK-WORKSPACE\01 - JOBS\03 - IA E-COMMERCE\EM_ANDAMENTO\2026-08-AGOSTO\Lu_Oferta_231188300_Vinho Branco Seco De Martino Premium Legado Gran"
"231137000","Lu_Oferta_231137000_Pneu Aro 14” XBRI 205-75R14C 109-107R Brutus T-","G:\Drives compartilhados\OAK-WORKSPACE\01 - JOBS\03 - IA E-COMMERCE\EM_ANDAMENTO\2026-08-AGOSTO\Lu_Oferta_231137000_Pneu Aro 14” XBRI 205-75R14C 109-107R Brutus T-"
"235232100","Lu_Oferta_235232100_Sabonete Líquido para Mãos Palmolive Nutrimilk Hidratação 900ml","G:\Drives compartilhados\OAK-WORKSPACE\01 - JOBS\03 - IA E-COMMERCE\EM_ANDAMENTO\2026-08-AGOSTO\Lu_Oferta_235232100_Sabonete Líquido para Mãos Palmolive Nutrimilk Hidratação 900ml"
"235188500","Lu_Oferta_235188500_Boneca Barbie Passeio de Bicicleta com Acessórios","G:\Drives compartilhados\OAK-WORKSPACE\01 - JOBS\03 - IA E-COMMERCE\EM_ANDAMENTO\2026-08-AGOSTO\Lu_Oferta_235188500_Boneca Barbie Passeio de Bicicleta com Acessórios"
"235232200","Lu_Oferta_235232200_Sabonete em Barra para o Corpo Protex","G:\Drives compartilhados\OAK-WORKSPACE\01 - JOBS\03 - IA E-COMMERCE\EM_ANDAMENTO\2026-08-AGOSTO\Lu_Oferta_235232200_Sabonete em Barra para o Corpo Protex"
"233893400","Lu_Oferta_233893400_Creme Dental para Dentes Sensíveis Colgate","G:\Drives compartilhados\OAK-WORKSPACE\01 - JOBS\03 - IA E-COMMERCE\EM_ANDAMENTO\2026-08-AGOSTO\Lu_Oferta_233893400_Creme Dental para Dentes Sensíveis Colgate"
"232777000","Lu_Oferta_232777000_Pneu Aro 18” Pirelli 225-60R18 104H Scorpion H","G:\Drives compartilhados\OAK-WORKSPACE\01 - JOBS\03 - IA E-COMMERCE\EM_ANDAMENTO\2026-08-AGOSTO\Lu_Oferta_232777000_Pneu Aro 18” Pirelli 225-60R18 104H Scorpion H"
"231645800","Lu_Oferta_231645800_Barbie Mini Conjunto Com Pets 26cm","G:\Drives compartilhados\OAK-WORKSPACE\01 - JOBS\03 - IA E-COMMERCE\EM_ANDAMENTO\2026-08-AGOSTO\Lu_Oferta_231645800_Barbie Mini Conjunto Com Pets 26cm"
"231358800","Lu_Oferta_231358800_Leite em Pó Integral Nestlé Ninho Forti+ Sachê","G:\Drives compartilhados\OAK-WORKSPACE\01 - JOBS\03 - IA E-COMMERCE\EM_ANDAMENTO\2026-08-AGOSTO\Lu_Oferta_231358800_Leite em Pó Integral Nestlé Ninho Forti+ Sachê"
"234098400","Lu_Oferta_234098400_Creme de Tratamento Aussie Mega Moist","G:\Drives compartilhados\OAK-WORKSPACE\01 - JOBS\03 - IA E-COMMERCE\EM_ANDAMENTO\2026-08-AGOSTO\Lu_Oferta_234098400_Creme de Tratamento Aussie Mega Moist"
"232892800","Lu_Oferta_232892800_Boneca Baby Alive Hora do Suco Negra","G:\Drives compartilhados\OAK-WORKSPACE\01 - JOBS\03 - IA E-COMMERCE\EM_ANDAMENTO\2026-08-AGOSTO\Lu_Oferta_232892800_Boneca Baby Alive Hora do Suco Negra"
"231376600","Lu_Oferta_231376600_Beta Alanina Probiótica 100% Pure em Pó 150g sem Sabor","G:\Drives compartilhados\OAK-WORKSPACE\01 - JOBS\03 - IA E-COMMERCE\EM_ANDAMENTO\2026-08-AGOSTO\Lu_Oferta_231376600_Beta Alanina Probiótica 100% Pure em Pó 150g sem Sabor"
"232886300","Lu_Oferta_232886300_Boneca Baby Alive Hora do Suco Morena","G:\Drives compartilhados\OAK-WORKSPACE\01 - JOBS\03 - IA E-COMMERCE\EM_ANDAMENTO\2026-08-AGOSTO\Lu_Oferta_232886300_Boneca Baby Alive Hora do Suco Morena"
"234925500","Lu_Oferta_234925500_Amaciante Concentrado Comfort Energia Floral 3L","G:\Drives compartilhados\OAK-WORKSPACE\01 - JOBS\03 - IA E-COMMERCE\EM_ANDAMENTO\2026-08-AGOSTO\Lu_Oferta_234925500_Amaciante Concentrado Comfort Energia Floral 3L"
"235295600","Lu_Oferta_235295600_Playset Disney Pixar Lightyear Imaginext","G:\Drives compartilhados\OAK-WORKSPACE\01 - JOBS\03 - IA E-COMMERCE\EM_ANDAMENTO\2026-08-AGOSTO\Lu_Oferta_235295600_Playset Disney Pixar Lightyear Imaginext"
"231137800","Lu_Oferta_231137800_Pneu Aro 16” XBRI 245-70R16 111","G:\Drives compartilhados\OAK-WORKSPACE\01 - JOBS\03 - IA E-COMMERCE\EM_ANDAMENTO\2026-08-AGOSTO\Lu_Oferta_231137800_Pneu Aro 16” XBRI 245-70R16 111"
"230949000","Lu_Oferta_230949000_Vinho Tinto Seco Salton Classic Tannat","G:\Drives compartilhados\OAK-WORKSPACE\01 - JOBS\03 - IA E-COMMERCE\EM_ANDAMENTO\2026-08-AGOSTO\Lu_Oferta_230949000_Vinho Tinto Seco Salton Classic Tannat"
"230650100","Lu_Oferta_230650100_Cachaça Pindorama Premium Frutado 750ml","G:\Drives compartilhados\OAK-WORKSPACE\01 - JOBS\03 - IA E-COMMERCE\EM_ANDAMENTO\2026-08-AGOSTO\Lu_Oferta_230650100_Cachaça Pindorama Premium Frutado 750ml"
"236569300","Lu_Oferta_236569300_Pneu Aro 15” 205-70R15 Goodyear 96T SUV 2 Direction 2","G:\Drives compartilhados\OAK-WORKSPACE\01 - JOBS\03 - IA E-COMMERCE\EM_ANDAMENTO\2026-08-AGOSTO\Lu_Oferta_236569300_Pneu Aro 15” 205-70R15 Goodyear 96T SUV 2 Direction 2"
"235469300","Lu_Oferta_235469300_Boneca A Casa Mágica da Gabby Girl","G:\Drives compartilhados\OAK-WORKSPACE\01 - JOBS\03 - IA E-COMMERCE\EM_ANDAMENTO\2026-08-AGOSTO\Lu_Oferta_235469300_Boneca A Casa Mágica da Gabby Girl"
"236337200","Lu_Oferta_236337200_God of War Ragnarök para PS4 Santa Mônica Studio","G:\Drives compartilhados\OAK-WORKSPACE\01 - JOBS\03 - IA E-COMMERCE\EM_ANDAMENTO\2026-08-AGOSTO\Lu_Oferta_236337200_God of War Ragnarök para PS4 Santa Mônica Studio"
"235596600","Lu_Oferta_235596600_Boneco Baby Yoda Star Wars The Mandalorian","G:\Drives compartilhados\OAK-WORKSPACE\01 - JOBS\03 - IA E-COMMERCE\EM_ANDAMENTO\2026-08-AGOSTO\Lu_Oferta_235596600_Boneco Baby Yoda Star Wars The Mandalorian"
"235581900","Lu_Oferta_235581900_Bateria para Nintendo Switch Clutch HX-CPCS-U","G:\Drives compartilhados\OAK-WORKSPACE\01 - JOBS\03 - IA E-COMMERCE\EM_ANDAMENTO\2026-08-AGOSTO\Lu_Oferta_235581900_Bateria para Nintendo Switch Clutch HX-CPCS-U"
"236147200","Lu_Oferta_236147200_Sabonete Líquido Protex Cuidado Íntimo","G:\Drives compartilhados\OAK-WORKSPACE\01 - JOBS\03 - IA E-COMMERCE\EM_ANDAMENTO\2026-08-AGOSTO\Lu_Oferta_236147200_Sabonete Líquido Protex Cuidado Íntimo"
"233516500","Lu_Oferta_233516500_Carregador Veicular Turbo 38W USB-A USB-C","G:\Drives compartilhados\OAK-WORKSPACE\01 - JOBS\03 - IA E-COMMERCE\EM_ANDAMENTO\2026-08-AGOSTO\Lu_Oferta_233516500_Carregador Veicular Turbo 38W USB-A USB-C"
"235248900","Lu_Oferta_235248900_Pneu Aro 13” 165-70R13 Goodyear 83T Maxlife","G:\Drives compartilhados\OAK-WORKSPACE\01 - JOBS\03 - IA E-COMMERCE\EM_ANDAMENTO\2026-08-AGOSTO\Lu_Oferta_235248900_Pneu Aro 13” 165-70R13 Goodyear 83T Maxlife"
"235596400","Lu_Oferta_235596400_Playset Marvel Spidey and His Amazing Friends","G:\Drives compartilhados\OAK-WORKSPACE\01 - JOBS\03 - IA E-COMMERCE\EM_ANDAMENTO\2026-08-AGOSTO\Lu_Oferta_235596400_Playset Marvel Spidey and His Amazing Friends"
"235187100","Lu_Oferta_235187100_Hot Wheels Pista De Brinquedo Corrida Multi Loop","G:\Drives compartilhados\OAK-WORKSPACE\01 - JOBS\03 - IA E-COMMERCE\EM_ANDAMENTO\2026-08-AGOSTO\Lu_Oferta_235187100_Hot Wheels Pista De Brinquedo Corrida Multi Loop"
"231187900","Lu_Oferta_231187900_Vinho Tinto Seco De Martino Premium Legado Gran","G:\Drives compartilhados\OAK-WORKSPACE\01 - JOBS\03 - IA E-COMMERCE\EM_ANDAMENTO\2026-08-AGOSTO\Lu_Oferta_231187900_Vinho Tinto Seco De Martino Premium Legado Gran"
"231157700","Lu_Oferta_231157700_Pneu Aro 16” XBRI LT265-75R16 123-120R Brutus T-","G:\Drives compartilhados\OAK-WORKSPACE\01 - JOBS\03 - IA E-COMMERCE\EM_ANDAMENTO\2026-08-AGOSTO\Lu_Oferta_231157700_Pneu Aro 16” XBRI LT265-75R16 123-120R Brutus T-"
"231167000","Lu_Oferta_231167000_Casinha de Boneca Bella Casinha Bella Vila Casa","G:\Drives compartilhados\OAK-WORKSPACE\01 - JOBS\03 - IA E-COMMERCE\EM_ANDAMENTO\2026-08-AGOSTO\Lu_Oferta_231167000_Casinha de Boneca Bella Casinha Bella Vila Casa"
"231376500","Lu_Oferta_231376500_Barra de Proteína Probiótica Whey Bar Creamy","G:\Drives compartilhados\OAK-WORKSPACE\01 - JOBS\03 - IA E-COMMERCE\EM_ANDAMENTO\2026-08-AGOSTO\Lu_Oferta_231376500_Barra de Proteína Probiótica Whey Bar Creamy"
"235611500","Lu_Oferta_235611500_Cerveja Blue Moon Belgian White Puro malte","G:\Drives compartilhados\OAK-WORKSPACE\01 - JOBS\03 - IA E-COMMERCE\EM_ANDAMENTO\2026-08-AGOSTO\Lu_Oferta_235611500_Cerveja Blue Moon Belgian White Puro malte"
"235389900","Lu_Oferta_235389900_Brilhante Sabão em Pó Limpeza Total 4 kg","G:\Drives compartilhados\OAK-WORKSPACE\01 - JOBS\03 - IA E-COMMERCE\EM_ANDAMENTO\2026-08-AGOSTO\Lu_Oferta_235389900_Brilhante Sabão em Pó Limpeza Total 4 kg"
"230308600","Lu_Oferta_230308600_Amaciante Comfort Lavanderia Perfect White Concentrado Profissional 5L","G:\Drives compartilhados\OAK-WORKSPACE\01 - JOBS\03 - IA E-COMMERCE\EM_ANDAMENTO\2026-08-AGOSTO\Lu_Oferta_230308600_Amaciante Comfort Lavanderia Perfect White Concentrado Profissional 5L"
"227996600","Lu_Oferta_227996600_Boneca Barbie Estate Pet Shop com Acessórios","G:\Drives compartilhados\OAK-WORKSPACE\01 - JOBS\03 - IA E-COMMERCE\EM_ANDAMENTO\2026-08-AGOSTO\Lu_Oferta_227996600_Boneca Barbie Estate Pet Shop com Acessórios"
"228892600","Lu_Oferta_228892600_Secador de Cabelo Gama Italy New Lumina Red 3D","G:\Drives compartilhados\OAK-WORKSPACE\01 - JOBS\03 - IA E-COMMERCE\EM_ANDAMENTO\2026-08-AGOSTO\Lu_Oferta_228892600_Secador de Cabelo Gama Italy New Lumina Red 3D"
"228812400","Lu_Oferta_228812400_Saco de Lixo Verde para Banheiro Embalixo","G:\Drives compartilhados\OAK-WORKSPACE\01 - JOBS\03 - IA E-COMMERCE\EM_ANDAMENTO\2026-08-AGOSTO\Lu_Oferta_228812400_Saco de Lixo Verde para Banheiro Embalixo"
"230013900","Lu_Oferta_230013900_Pneu Aro 18” Laufenn 235-60R18T 103T LD0","G:\Drives compartilhados\OAK-WORKSPACE\01 - JOBS\03 - IA E-COMMERCE\EM_ANDAMENTO\2026-08-AGOSTO\Lu_Oferta_230013900_Pneu Aro 18” Laufenn 235-60R18T 103T LD0"
"230436100","Lu_Oferta_230436100_Pneu Aro 16” Linglong 205-55R16 91V Green-Max HP0","G:\Drives compartilhados\OAK-WORKSPACE\01 - JOBS\03 - IA E-COMMERCE\EM_ANDAMENTO\2026-08-AGOSTO\Lu_Oferta_230436100_Pneu Aro 16” Linglong 205-55R16 91V Green-Max HP0"
"226969100","Lu_Oferta_226969100_Bebida Vegetal de Coco Silk","G:\Drives compartilhados\OAK-WORKSPACE\01 - JOBS\03 - IA E-COMMERCE\EM_ANDAMENTO\2026-08-AGOSTO\Lu_Oferta_226969100_Bebida Vegetal de Coco Silk"
"231187800","Lu_Oferta_231187800_Vinho Tinto Seco De Martino Premium Legado Gran","G:\Drives compartilhados\OAK-WORKSPACE\01 - JOBS\03 - IA E-COMMERCE\EM_ANDAMENTO\2026-08-AGOSTO\Lu_Oferta_231187800_Vinho Tinto Seco De Martino Premium Legado Gran"
"230518300","Lu_Oferta_230518300_Placa de Vídeo Asus GeForce RTX 3080 10GB","G:\Drives compartilhados\OAK-WORKSPACE\01 - JOBS\03 - IA E-COMMERCE\EM_ANDAMENTO\2026-08-AGOSTO\Lu_Oferta_230518300_Placa de Vídeo Asus GeForce RTX 3080 10GB"
"230266300","Lu_Oferta_230266300_Boneco Luccas Neto Os Aventureiros Super Foca","G:\Drives compartilhados\OAK-WORKSPACE\01 - JOBS\03 - IA E-COMMERCE\EM_ANDAMENTO\2026-08-AGOSTO\Lu_Oferta_230266300_Boneco Luccas Neto Os Aventureiros Super Foca"
"227346300","Lu_Oferta_227346300_Fralda para Piscina Descartável Pampers Splashers","G:\Drives compartilhados\OAK-WORKSPACE\01 - JOBS\03 - IA E-COMMERCE\EM_ANDAMENTO\2026-08-AGOSTO\Lu_Oferta_227346300_Fralda para Piscina Descartável Pampers Splashers"
"230221200","Lu_Oferta_230221200_Placa de Vídeo Asus NVIDIA GeForce RTX 3070","G:\Drives compartilhados\OAK-WORKSPACE\01 - JOBS\03 - IA E-COMMERCE\EM_ANDAMENTO\2026-08-AGOSTO\Lu_Oferta_230221200_Placa de Vídeo Asus NVIDIA GeForce RTX 3070"
"230560800","Lu_Oferta_230560800_Cortina Lartex Voil Cinza Claro Antun 230x270cm","G:\Drives compartilhados\OAK-WORKSPACE\01 - JOBS\03 - IA E-COMMERCE\EM_ANDAMENTO\2026-08-AGOSTO\Lu_Oferta_230560800_Cortina Lartex Voil Cinza Claro Antun 230x270cm"
"231133900","Lu_Oferta_231133900_Pneu Aro 17” Durable 225-45R17 94","G:\Drives compartilhados\OAK-WORKSPACE\01 - JOBS\03 - IA E-COMMERCE\EM_ANDAMENTO\2026-08-AGOSTO\Lu_Oferta_231133900_Pneu Aro 17” Durable 225-45R17 94"
"230921500","Lu_Oferta_230921500_Whey Protein Concentrado Max Titanium 900g Chocolate","G:\Drives compartilhados\OAK-WORKSPACE\01 - JOBS\03 - IA E-COMMERCE\EM_ANDAMENTO\2026-08-AGOSTO\Lu_Oferta_230921500_Whey Protein Concentrado Max Titanium 900g Chocolate"
"230989700","Lu_Oferta_230989700_Aperitivo N45 Negroni Frutado e Herbal 1000ml","G:\Drives compartilhados\OAK-WORKSPACE\01 - JOBS\03 - IA E-COMMERCE\EM_ANDAMENTO\2026-08-AGOSTO\Lu_Oferta_230989700_Aperitivo N45 Negroni Frutado e Herbal 1000ml"
"230924700","Lu_Oferta_230924700_Barra de Proteína Max Titanium Power Protein Bar Milk Caramel 41g 12 Unidades","G:\Drives compartilhados\OAK-WORKSPACE\01 - JOBS\03 - IA E-COMMERCE\EM_ANDAMENTO\2026-08-AGOSTO\Lu_Oferta_230924700_Barra de Proteína Max Titanium Power Protein Bar Milk Caramel 41g 12 Unidades"
"231135500","Lu_Oferta_231135500_Pneu Aro 12” XBRI 155R12C 8PR 88-86S Cityma","G:\Drives compartilhados\OAK-WORKSPACE\01 - JOBS\03 - IA E-COMMERCE\EM_ANDAMENTO\2026-08-AGOSTO\Lu_Oferta_231135500_Pneu Aro 12” XBRI 155R12C 8PR 88-86S Cityma"
"230948500","Lu_Oferta_230948500_Vinho Branco Seco Leyda State Sauvignon Blanc","G:\Drives compartilhados\OAK-WORKSPACE\01 - JOBS\03 - IA E-COMMERCE\EM_ANDAMENTO\2026-08-AGOSTO\Lu_Oferta_230948500_Vinho Branco Seco Leyda State Sauvignon Blanc"
"231135400","Lu_Oferta_231135400_Pneu Aro 16” Linglong 245-70R16 111","G:\Drives compartilhados\OAK-WORKSPACE\01 - JOBS\03 - IA E-COMMERCE\EM_ANDAMENTO\2026-08-AGOSTO\Lu_Oferta_231135400_Pneu Aro 16” Linglong 245-70R16 111"
"230948300","Lu_Oferta_230948300_Vinho Tinto Seco Leyda Estate Cabernet Sauvignon Chile 750ml","G:\Drives compartilhados\OAK-WORKSPACE\01 - JOBS\03 - IA E-COMMERCE\EM_ANDAMENTO\2026-08-AGOSTO\Lu_Oferta_230948300_Vinho Tinto Seco Leyda Estate Cabernet Sauvignon Chile 750ml"
"230560500","Lu_Oferta_230560500_Cortina Lartex Voil Soul Gelo 230x270cm","G:\Drives compartilhados\OAK-WORKSPACE\01 - JOBS\03 - IA E-COMMERCE\EM_ANDAMENTO\2026-08-AGOSTO\Lu_Oferta_230560500_Cortina Lartex Voil Soul Gelo 230x270cm"
"230570000","Lu_Oferta_230570000_Jogo de Facas Electrolux Inox A21194501 8 Peças","G:\Drives compartilhados\OAK-WORKSPACE\01 - JOBS\03 - IA E-COMMERCE\EM_ANDAMENTO\2026-08-AGOSTO\Lu_Oferta_230570000_Jogo de Facas Electrolux Inox A21194501 8 Peças"
"230518800","Lu_Oferta_230518800_Placa de Vídeo Galax GeForce GTX 1050 TI 4GB","G:\Drives compartilhados\OAK-WORKSPACE\01 - JOBS\03 - IA E-COMMERCE\EM_ANDAMENTO\2026-08-AGOSTO\Lu_Oferta_230518800_Placa de Vídeo Galax GeForce GTX 1050 TI 4GB"
"230649500","Lu_Oferta_230649500_Cerveja Goose Island Midway 355ml Long Neck","G:\Drives compartilhados\OAK-WORKSPACE\01 - JOBS\03 - IA E-COMMERCE\EM_ANDAMENTO\2026-08-AGOSTO\Lu_Oferta_230649500_Cerveja Goose Island Midway 355ml Long Neck"
"231108800","Lu_Oferta_231108800_Carregador de Parede Motorola Turbo Power","G:\Drives compartilhados\OAK-WORKSPACE\01 - JOBS\03 - IA E-COMMERCE\EM_ANDAMENTO\2026-08-AGOSTO\Lu_Oferta_231108800_Carregador de Parede Motorola Turbo Power"
"232993500","Lu_Oferta_232993500_Jogo de Facas Brinox Inox 2557-400 5 Peças","G:\Drives compartilhados\OAK-WORKSPACE\01 - JOBS\03 - IA E-COMMERCE\EM_ANDAMENTO\2026-08-AGOSTO\Lu_Oferta_232993500_Jogo de Facas Brinox Inox 2557-400 5 Peças"
"230530400","Lu_Oferta_230530400_Licor Creme Tia Maria Café 700ml","G:\Drives compartilhados\OAK-WORKSPACE\01 - JOBS\03 - IA E-COMMERCE\EM_ANDAMENTO\2026-08-AGOSTO\Lu_Oferta_230530400_Licor Creme Tia Maria Café 700ml"
"228025600","Lu_Oferta_228025600_Refrigerante Guaraná Antarctica Garrafa 2L","G:\Drives compartilhados\OAK-WORKSPACE\01 - JOBS\03 - IA E-COMMERCE\EM_ANDAMENTO\2026-08-AGOSTO\Lu_Oferta_228025600_Refrigerante Guaraná Antarctica Garrafa 2L"
"230473100","Lu_Oferta_230473100_Processador Intel Core i7 10700KF 3.80GHz","G:\Drives compartilhados\OAK-WORKSPACE\01 - JOBS\03 - IA E-COMMERCE\EM_ANDAMENTO\2026-08-AGOSTO\Lu_Oferta_230473100_Processador Intel Core i7 10700KF 3.80GHz"
"227164000","Lu_Oferta_227164000_Toalha de Mesa Quadrada Buddemeyer","G:\Drives compartilhados\OAK-WORKSPACE\01 - JOBS\03 - IA E-COMMERCE\EM_ANDAMENTO\2026-08-AGOSTO\Lu_Oferta_227164000_Toalha de Mesa Quadrada Buddemeyer"
"228845900","Lu_Oferta_228845900_Lâmpada Inteligente i2GO GU10 5,2W","G:\Drives compartilhados\OAK-WORKSPACE\01 - JOBS\03 - IA E-COMMERCE\EM_ANDAMENTO\2026-08-AGOSTO\Lu_Oferta_228845900_Lâmpada Inteligente i2GO GU10 5,2W"
"228827400","Lu_Oferta_228827400_Resident Evil Village","G:\Drives compartilhados\OAK-WORKSPACE\01 - JOBS\03 - IA E-COMMERCE\EM_ANDAMENTO\2026-08-AGOSTO\Lu_Oferta_228827400_Resident Evil Village"
"230012900","Lu_Oferta_230012900_Vinho Tinto Seco Tecedeiras Lilás Douro","G:\Drives compartilhados\OAK-WORKSPACE\01 - JOBS\03 - IA E-COMMERCE\EM_ANDAMENTO\2026-08-AGOSTO\Lu_Oferta_230012900_Vinho Tinto Seco Tecedeiras Lilás Douro"
"230438100","Lu_Oferta_230438100_Boneco Marvel Olympus Venom 24cm Hasbro","G:\Drives compartilhados\OAK-WORKSPACE\01 - JOBS\03 - IA E-COMMERCE\EM_ANDAMENTO\2026-08-AGOSTO\Lu_Oferta_230438100_Boneco Marvel Olympus Venom 24cm Hasbro"
"230192300","Lu_Oferta_230192300_Boneca Masha com Novos Sons que Fala","G:\Drives compartilhados\OAK-WORKSPACE\01 - JOBS\03 - IA E-COMMERCE\EM_ANDAMENTO\2026-08-AGOSTO\Lu_Oferta_230192300_Boneca Masha com Novos Sons que Fala"
"224825500","Lu_Oferta_224825500_Pilha Recarregável AAA Palito 900 mAh 2 Unidades","G:\Drives compartilhados\OAK-WORKSPACE\01 - JOBS\03 - IA E-COMMERCE\EM_ANDAMENTO\2026-08-AGOSTO\Lu_Oferta_224825500_Pilha Recarregável AAA Palito 900 mAh 2 Unidades"
"224916500","Lu_Oferta_224916500_Pneu Aro 15” Pirelli 205-60R15 91H","G:\Drives compartilhados\OAK-WORKSPACE\01 - JOBS\03 - IA E-COMMERCE\EM_ANDAMENTO\2026-08-AGOSTO\Lu_Oferta_224916500_Pneu Aro 15” Pirelli 205-60R15 91H"
"224489500","Lu_Oferta_224489500_Sabão em Pó Omo Pro Lavanderia Profissional 5,6kg","G:\Drives compartilhados\OAK-WORKSPACE\01 - JOBS\03 - IA E-COMMERCE\EM_ANDAMENTO\2026-08-AGOSTO\Lu_Oferta_224489500_Sabão em Pó Omo Pro Lavanderia Profissional 5,6kg"
"226185900","Lu_Oferta_226185900_Whisky Chivas Regal Extra 13 Anos Blended","G:\Drives compartilhados\OAK-WORKSPACE\01 - JOBS\03 - IA E-COMMERCE\EM_ANDAMENTO\2026-08-AGOSTO\Lu_Oferta_226185900_Whisky Chivas Regal Extra 13 Anos Blended"
"226188200","Lu_Oferta_226188200_Tequila Don Julio Prata Blanco","G:\Drives compartilhados\OAK-WORKSPACE\01 - JOBS\03 - IA E-COMMERCE\EM_ANDAMENTO\2026-08-AGOSTO\Lu_Oferta_226188200_Tequila Don Julio Prata Blanco"
"225470800","Lu_Oferta_225470800_Refrigerante Pepsi Black Sem Açúcar 350ml Lata 12 Unidades","G:\Drives compartilhados\OAK-WORKSPACE\01 - JOBS\03 - IA E-COMMERCE\EM_ANDAMENTO\2026-08-AGOSTO\Lu_Oferta_225470800_Refrigerante Pepsi Black Sem Açúcar 350ml Lata 12 Unidades"
"226279200","Lu_Oferta_226279200_Jogo de Facas para Churrasco Tramontina","G:\Drives compartilhados\OAK-WORKSPACE\01 - JOBS\03 - IA E-COMMERCE\EM_ANDAMENTO\2026-08-AGOSTO\Lu_Oferta_226279200_Jogo de Facas para Churrasco Tramontina"
"226279900","Lu_Oferta_226279900_Faca para Churrasco Tramontina Inox 5” Dynamic","G:\Drives compartilhados\OAK-WORKSPACE\01 - JOBS\03 - IA E-COMMERCE\EM_ANDAMENTO\2026-08-AGOSTO\Lu_Oferta_226279900_Faca para Churrasco Tramontina Inox 5” Dynamic"
"226106400","Lu_Oferta_226106400_Vinho Tinto Seco Viña Cobos","G:\Drives compartilhados\OAK-WORKSPACE\01 - JOBS\03 - IA E-COMMERCE\EM_ANDAMENTO\2026-08-AGOSTO\Lu_Oferta_226106400_Vinho Tinto Seco Viña Cobos"
"227996800","Lu_Oferta_227996800_Pista Hot Wheels Action Desafio Da Altura Mattel","G:\Drives compartilhados\OAK-WORKSPACE\01 - JOBS\03 - IA E-COMMERCE\EM_ANDAMENTO\2026-08-AGOSTO\Lu_Oferta_227996800_Pista Hot Wheels Action Desafio Da Altura Mattel"
"226187100","Lu_Oferta_226187100_Whisky Escocês Passport 1L","G:\Drives compartilhados\OAK-WORKSPACE\01 - JOBS\03 - IA E-COMMERCE\EM_ANDAMENTO\2026-08-AGOSTO\Lu_Oferta_226187100_Whisky Escocês Passport 1L"
"227055000","Lu_Oferta_227055000_Cabo USB Tipo C para Tipo C 1m","G:\Drives compartilhados\OAK-WORKSPACE\01 - JOBS\03 - IA E-COMMERCE\EM_ANDAMENTO\2026-08-AGOSTO\Lu_Oferta_227055000_Cabo USB Tipo C para Tipo C 1m"
"226186900","Lu_Oferta_226186900_Gin Beefeater 24 750ml","G:\Drives compartilhados\OAK-WORKSPACE\01 - JOBS\03 - IA E-COMMERCE\EM_ANDAMENTO\2026-08-AGOSTO\Lu_Oferta_226186900_Gin Beefeater 24 750ml"
"226186500","Lu_Oferta_226186500_Gin Monkey 47 Dry Alemão 500ml","G:\Drives compartilhados\OAK-WORKSPACE\01 - JOBS\03 - IA E-COMMERCE\EM_ANDAMENTO\2026-08-AGOSTO\Lu_Oferta_226186500_Gin Monkey 47 Dry Alemão 500ml"
"226653500","Lu_Oferta_226653500_Tapete Zig Zag Retangular Elegance  Zig Zag","G:\Drives compartilhados\OAK-WORKSPACE\01 - JOBS\03 - IA E-COMMERCE\EM_ANDAMENTO\2026-08-AGOSTO\Lu_Oferta_226653500_Tapete Zig Zag Retangular Elegance  Zig Zag"
"227034100","Lu_Oferta_227034100_Antena Digital Interna e Externa 10dB ELG Infinity","G:\Drives compartilhados\OAK-WORKSPACE\01 - JOBS\03 - IA E-COMMERCE\EM_ANDAMENTO\2026-08-AGOSTO\Lu_Oferta_227034100_Antena Digital Interna e Externa 10dB ELG Infinity"
"227165700","Lu_Oferta_227165700_Toalha de Mesa Quadrada Buddemeyer","G:\Drives compartilhados\OAK-WORKSPACE\01 - JOBS\03 - IA E-COMMERCE\EM_ANDAMENTO\2026-08-AGOSTO\Lu_Oferta_227165700_Toalha de Mesa Quadrada Buddemeyer"
"227040200","Lu_Oferta_227040200_Suporte para Monitor Articulado de Mesa","G:\Drives compartilhados\OAK-WORKSPACE\01 - JOBS\03 - IA E-COMMERCE\EM_ANDAMENTO\2026-08-AGOSTO\Lu_Oferta_227040200_Suporte para Monitor Articulado de Mesa"
"226593500","Lu_Oferta_226593500_Suporte para Fogão de Indução Inox 13cm","G:\Drives compartilhados\OAK-WORKSPACE\01 - JOBS\03 - IA E-COMMERCE\EM_ANDAMENTO\2026-08-AGOSTO\Lu_Oferta_226593500_Suporte para Fogão de Indução Inox 13cm"
"226549200","Lu_Oferta_226549200_Vinho Tinto Seco Bolla Clássico Valpolicella","G:\Drives compartilhados\OAK-WORKSPACE\01 - JOBS\03 - IA E-COMMERCE\EM_ANDAMENTO\2026-08-AGOSTO\Lu_Oferta_226549200_Vinho Tinto Seco Bolla Clássico Valpolicella"
"226499400","Lu_Oferta_226499400_Espumante Rosé Brut Codorníu Clasico","G:\Drives compartilhados\OAK-WORKSPACE\01 - JOBS\03 - IA E-COMMERCE\EM_ANDAMENTO\2026-08-AGOSTO\Lu_Oferta_226499400_Espumante Rosé Brut Codorníu Clasico"
"226746400","Lu_Oferta_226746400_Porta Carrinhos Hot Wheels","G:\Drives compartilhados\OAK-WORKSPACE\01 - JOBS\03 - IA E-COMMERCE\EM_ANDAMENTO\2026-08-AGOSTO\Lu_Oferta_226746400_Porta Carrinhos Hot Wheels"
"226653700","Lu_Oferta_226653700_Tapete Geométrico Retangular Elegance Quadros","G:\Drives compartilhados\OAK-WORKSPACE\01 - JOBS\03 - IA E-COMMERCE\EM_ANDAMENTO\2026-08-AGOSTO\Lu_Oferta_226653700_Tapete Geométrico Retangular Elegance Quadros"
"227366600","Lu_Oferta_227366600_Sanitizante em Pó Omo Lavagem Perfeita Sanitiza e Higieniza 2,2kg","G:\Drives compartilhados\OAK-WORKSPACE\01 - JOBS\03 - IA E-COMMERCE\EM_ANDAMENTO\2026-08-AGOSTO\Lu_Oferta_227366600_Sanitizante em Pó Omo Lavagem Perfeita Sanitiza e Higieniza 2,2kg"
"226814200","Lu_Oferta_226814200_Pelúcia Patrulha Canina Rubble 29cm","G:\Drives compartilhados\OAK-WORKSPACE\01 - JOBS\03 - IA E-COMMERCE\EM_ANDAMENTO\2026-08-AGOSTO\Lu_Oferta_226814200_Pelúcia Patrulha Canina Rubble 29cm"
"226546100","Lu_Oferta_226546100_Vinho Tinto Seco Trapiche Roble Malbec 750ml","G:\Drives compartilhados\OAK-WORKSPACE\01 - JOBS\03 - IA E-COMMERCE\EM_ANDAMENTO\2026-08-AGOSTO\Lu_Oferta_226546100_Vinho Tinto Seco Trapiche Roble Malbec 750ml"
"226544600","Lu_Oferta_226544600_Vinho Branco Seco Casal Garcia","G:\Drives compartilhados\OAK-WORKSPACE\01 - JOBS\03 - IA E-COMMERCE\EM_ANDAMENTO\2026-08-AGOSTO\Lu_Oferta_226544600_Vinho Branco Seco Casal Garcia"
"226785500","Lu_Oferta_226785500_Cacau em Pó Dois Frades 100% Cacau Nestlé","G:\Drives compartilhados\OAK-WORKSPACE\01 - JOBS\03 - IA E-COMMERCE\EM_ANDAMENTO\2026-08-AGOSTO\Lu_Oferta_226785500_Cacau em Pó Dois Frades 100% Cacau Nestlé"
"227165000","Lu_Oferta_227165000_Toalha de Mesa Quadrada Buddemeyer","G:\Drives compartilhados\OAK-WORKSPACE\01 - JOBS\03 - IA E-COMMERCE\EM_ANDAMENTO\2026-08-AGOSTO\Lu_Oferta_227165000_Toalha de Mesa Quadrada Buddemeyer"
"226534700","Lu_Oferta_226534700_Vodka Stanislav Luxury Polish","G:\Drives compartilhados\OAK-WORKSPACE\01 - JOBS\03 - IA E-COMMERCE\EM_ANDAMENTO\2026-08-AGOSTO\Lu_Oferta_226534700_Vodka Stanislav Luxury Polish"
"227019300","Lu_Oferta_227019300_Pelúcia Sansão Turma da Mônica 43cm","G:\Drives compartilhados\OAK-WORKSPACE\01 - JOBS\03 - IA E-COMMERCE\EM_ANDAMENTO\2026-08-AGOSTO\Lu_Oferta_227019300_Pelúcia Sansão Turma da Mônica 43cm"
"226904400","Lu_Oferta_226904400_Fralda Babysec Premium Galinha Pintadinha Tam. M 5 a 9,5kg 32 Unidades","G:\Drives compartilhados\OAK-WORKSPACE\01 - JOBS\03 - IA E-COMMERCE\EM_ANDAMENTO\2026-08-AGOSTO\Lu_Oferta_226904400_Fralda Babysec Premium Galinha Pintadinha Tam. M 5 a 9,5kg 32 Unidades"
"226545900","Lu_Oferta_226545900_Vinho Tinto Seco Trapiche Roble Cabernet Sauvignon","G:\Drives compartilhados\OAK-WORKSPACE\01 - JOBS\03 - IA E-COMMERCE\EM_ANDAMENTO\2026-08-AGOSTO\Lu_Oferta_226545900_Vinho Tinto Seco Trapiche Roble Cabernet Sauvignon"
"226546000","Lu_Oferta_226546000_Vinho Branco Seco Trapiche Roble Chardonnay","G:\Drives compartilhados\OAK-WORKSPACE\01 - JOBS\03 - IA E-COMMERCE\EM_ANDAMENTO\2026-08-AGOSTO\Lu_Oferta_226546000_Vinho Branco Seco Trapiche Roble Chardonnay"
"226499700","Lu_Oferta_226499700_Vinho Tinto Seco Woodbridge Pinot Noir","G:\Drives compartilhados\OAK-WORKSPACE\01 - JOBS\03 - IA E-COMMERCE\EM_ANDAMENTO\2026-08-AGOSTO\Lu_Oferta_226499700_Vinho Tinto Seco Woodbridge Pinot Noir"
"226105400","Lu_Oferta_226105400_Vinho Tinto Seco Zuccardi Fuzion Malbec","G:\Drives compartilhados\OAK-WORKSPACE\01 - JOBS\03 - IA E-COMMERCE\EM_ANDAMENTO\2026-08-AGOSTO\Lu_Oferta_226105400_Vinho Tinto Seco Zuccardi Fuzion Malbec"
"226187500","Lu_Oferta_226187500_Vodka Orloff 1L","G:\Drives compartilhados\OAK-WORKSPACE\01 - JOBS\03 - IA E-COMMERCE\EM_ANDAMENTO\2026-08-AGOSTO\Lu_Oferta_226187500_Vodka Orloff 1L"
"226499200","Lu_Oferta_226499200_Espumante Branco Brut Codorníu Clasico 750ml","G:\Drives compartilhados\OAK-WORKSPACE\01 - JOBS\03 - IA E-COMMERCE\EM_ANDAMENTO\2026-08-AGOSTO\Lu_Oferta_226499200_Espumante Branco Brut Codorníu Clasico 750ml"
"226428000","Lu_Oferta_226428000_Cerveja Baden Baden Cristal","G:\Drives compartilhados\OAK-WORKSPACE\01 - JOBS\03 - IA E-COMMERCE\EM_ANDAMENTO\2026-08-AGOSTO\Lu_Oferta_226428000_Cerveja Baden Baden Cristal"
"226479700","Lu_Oferta_226479700_Placa de Vídeo Afox Geforce GT420 2GB DDR3","G:\Drives compartilhados\OAK-WORKSPACE\01 - JOBS\03 - IA E-COMMERCE\EM_ANDAMENTO\2026-08-AGOSTO\Lu_Oferta_226479700_Placa de Vídeo Afox Geforce GT420 2GB DDR3"
"226105500","Lu_Oferta_226105500_Vinho Branco Seco Zuccardi Fuzion Chardonnay","G:\Drives compartilhados\OAK-WORKSPACE\01 - JOBS\03 - IA E-COMMERCE\EM_ANDAMENTO\2026-08-AGOSTO\Lu_Oferta_226105500_Vinho Branco Seco Zuccardi Fuzion Chardonnay"
"225470500","Lu_Oferta_225470500_Refrigerante Pepsi Lata 350ml Pack 12 Unidades","G:\Drives compartilhados\OAK-WORKSPACE\01 - JOBS\03 - IA E-COMMERCE\EM_ANDAMENTO\2026-08-AGOSTO\Lu_Oferta_225470500_Refrigerante Pepsi Lata 350ml Pack 12 Unidades"
"224306000","Lu_Oferta_224306000_Star Wars Jedi Fallen Order para Xbox One","G:\Drives compartilhados\OAK-WORKSPACE\01 - JOBS\03 - IA E-COMMERCE\EM_ANDAMENTO\2026-08-AGOSTO\Lu_Oferta_224306000_Star Wars Jedi Fallen Order para Xbox One"
"224489400","Lu_Oferta_224489400_Limpador Desengordurante Cif Profissional Sem Perfume 2L","G:\Drives compartilhados\OAK-WORKSPACE\01 - JOBS\03 - IA E-COMMERCE\EM_ANDAMENTO\2026-08-AGOSTO\Lu_Oferta_224489400_Limpador Desengordurante Cif Profissional Sem Perfume 2L"
"226483900","Lu_Oferta_226483900_Access Point Wireless D-Link DAP-2230","G:\Drives compartilhados\OAK-WORKSPACE\01 - JOBS\03 - IA E-COMMERCE\EM_ANDAMENTO\2026-08-AGOSTO\Lu_Oferta_226483900_Access Point Wireless D-Link DAP-2230"
"224598300","Lu_Oferta_224598300_Suporte para TV Articulado de 15” até 43” EL","G:\Drives compartilhados\OAK-WORKSPACE\01 - JOBS\03 - IA E-COMMERCE\EM_ANDAMENTO\2026-08-AGOSTO\Lu_Oferta_224598300_Suporte para TV Articulado de 15” até 43” EL"
"224915900","Lu_Oferta_224915900_Pneu Aro 18” Pirelli 235-60R18 107V - Scorpion Verde","G:\Drives compartilhados\OAK-WORKSPACE\01 - JOBS\03 - IA E-COMMERCE\EM_ANDAMENTO\2026-08-AGOSTO\Lu_Oferta_224915900_Pneu Aro 18” Pirelli 235-60R18 107V - Scorpion Verde"
"225167500","Lu_Oferta_225167500_Pneu Aro 18” 235-60R18 Firestone 103V Destination LE","G:\Drives compartilhados\OAK-WORKSPACE\01 - JOBS\03 - IA E-COMMERCE\EM_ANDAMENTO\2026-08-AGOSTO\Lu_Oferta_225167500_Pneu Aro 18” 235-60R18 Firestone 103V Destination LE"
"225274700","Lu_Oferta_225274700_Pneu Aro 15” 225-70R15C Firestone 112-110R","G:\Drives compartilhados\OAK-WORKSPACE\01 - JOBS\03 - IA E-COMMERCE\EM_ANDAMENTO\2026-08-AGOSTO\Lu_Oferta_225274700_Pneu Aro 15” 225-70R15C Firestone 112-110R"
"224916000","Lu_Oferta_224916000_Pneu Aro 19” Pirelli 255-55R19 111H Scorpion Verde","G:\Drives compartilhados\OAK-WORKSPACE\01 - JOBS\03 - IA E-COMMERCE\EM_ANDAMENTO\2026-08-AGOSTO\Lu_Oferta_224916000_Pneu Aro 19” Pirelli 255-55R19 111H Scorpion Verde"
"224914500","Lu_Oferta_224914500_Pneu Aro 17” Pirelli 215-50R17 95W","G:\Drives compartilhados\OAK-WORKSPACE\01 - JOBS\03 - IA E-COMMERCE\EM_ANDAMENTO\2026-08-AGOSTO\Lu_Oferta_224914500_Pneu Aro 17” Pirelli 215-50R17 95W"
"225312400","Lu_Oferta_225312400_Espumante Branco Doce Salton Moscatel","G:\Drives compartilhados\OAK-WORKSPACE\01 - JOBS\03 - IA E-COMMERCE\EM_ANDAMENTO\2026-08-AGOSTO\Lu_Oferta_225312400_Espumante Branco Doce Salton Moscatel"
"182900500","Lu_Oferta_182900500_Boneca Maria Clara & JP","G:\Drives compartilhados\OAK-WORKSPACE\01 - JOBS\03 - IA E-COMMERCE\EM_ANDAMENTO\2026-08-AGOSTO\Lu_Oferta_182900500_Boneca Maria Clara & JP"
"220544200","Lu_Oferta_220544200_Jogo War Tabuleiro O Jogo da Estratégia","G:\Drives compartilhados\OAK-WORKSPACE\01 - JOBS\03 - IA E-COMMERCE\EM_ANDAMENTO\2026-08-AGOSTO\Lu_Oferta_220544200_Jogo War Tabuleiro O Jogo da Estratégia"
"191904700","Lu_Oferta_191904700_Kit Antena e Receptor Sky Pré-Pago","G:\Drives compartilhados\OAK-WORKSPACE\01 - JOBS\03 - IA E-COMMERCE\EM_ANDAMENTO\2026-08-AGOSTO\Lu_Oferta_191904700_Kit Antena e Receptor Sky Pré-Pago"
"221146800","Lu_Oferta_221146800_Limpador Especialista Cif Cozinha Gatilho 500ml","G:\Drives compartilhados\OAK-WORKSPACE\01 - JOBS\03 - IA E-COMMERCE\EM_ANDAMENTO\2026-08-AGOSTO\Lu_Oferta_221146800_Limpador Especialista Cif Cozinha Gatilho 500ml"
"217694500","Lu_Oferta_217694500_Jogo de Facas 3 Peças Tramontina Century 24099-037","G:\Drives compartilhados\OAK-WORKSPACE\01 - JOBS\03 - IA E-COMMERCE\EM_ANDAMENTO\2026-08-AGOSTO\Lu_Oferta_217694500_Jogo de Facas 3 Peças Tramontina Century 24099-037"
"216465300","Lu_Oferta_216465300_Cartucho de Tinta HP Colorido 901 Officejet","G:\Drives compartilhados\OAK-WORKSPACE\01 - JOBS\03 - IA E-COMMERCE\EM_ANDAMENTO\2026-08-AGOSTO\Lu_Oferta_216465300_Cartucho de Tinta HP Colorido 901 Officejet"
"181164200","Lu_Oferta_181164200_Boneca Turma da Mônica Iti Malia Mônica","G:\Drives compartilhados\OAK-WORKSPACE\01 - JOBS\03 - IA E-COMMERCE\EM_ANDAMENTO\2026-08-AGOSTO\Lu_Oferta_181164200_Boneca Turma da Mônica Iti Malia Mônica"
"218815800","Lu_Oferta_218815800_Pneu Aro 17” 225-65R17 Pirelli 106H XL","G:\Drives compartilhados\OAK-WORKSPACE\01 - JOBS\03 - IA E-COMMERCE\EM_ANDAMENTO\2026-08-AGOSTO\Lu_Oferta_218815800_Pneu Aro 17” 225-65R17 Pirelli 106H XL"
"204595800","Lu_Oferta_204595800_Jogo de Facas 4 Peças","G:\Drives compartilhados\OAK-WORKSPACE\01 - JOBS\03 - IA E-COMMERCE\EM_ANDAMENTO\2026-08-AGOSTO\Lu_Oferta_204595800_Jogo de Facas 4 Peças"
"181254600","Lu_Oferta_181254600_Jogo Twister Hasbro","G:\Drives compartilhados\OAK-WORKSPACE\01 - JOBS\03 - IA E-COMMERCE\EM_ANDAMENTO\2026-08-AGOSTO\Lu_Oferta_181254600_Jogo Twister Hasbro"
"220993700","Lu_Oferta_220993700_Sabonete Neutro Dove Delicious Care Karité e Baunilha 90g 6 Unidades","G:\Drives compartilhados\OAK-WORKSPACE\01 - JOBS\03 - IA E-COMMERCE\EM_ANDAMENTO\2026-08-AGOSTO\Lu_Oferta_220993700_Sabonete Neutro Dove Delicious Care Karité e Baunilha 90g 6 Unidades"
"218817100","Lu_Oferta_218817100_Pneu Aro 15” 205-65R15 Pirelli 94H Scorpion AT","G:\Drives compartilhados\OAK-WORKSPACE\01 - JOBS\03 - IA E-COMMERCE\EM_ANDAMENTO\2026-08-AGOSTO\Lu_Oferta_218817100_Pneu Aro 15” 205-65R15 Pirelli 94H Scorpion AT"
"220543500","Lu_Oferta_220543500_Jogo Perfil Tabuleiro Grow","G:\Drives compartilhados\OAK-WORKSPACE\01 - JOBS\03 - IA E-COMMERCE\EM_ANDAMENTO\2026-08-AGOSTO\Lu_Oferta_220543500_Jogo Perfil Tabuleiro Grow"
"221148800","Lu_Oferta_221148800_Desodorante Antitranspirante Aerossol Rexona sem Perfume Masculino 72 Horas 150ml","G:\Drives compartilhados\OAK-WORKSPACE\01 - JOBS\03 - IA E-COMMERCE\EM_ANDAMENTO\2026-08-AGOSTO\Lu_Oferta_221148800_Desodorante Antitranspirante Aerossol Rexona sem Perfume Masculino 72 Horas 150ml"
"224234800","Lu_Oferta_224234800_Limpador Perfumado Veja Aroma Sense Alegria 2L","G:\Drives compartilhados\OAK-WORKSPACE\01 - JOBS\03 - IA E-COMMERCE\EM_ANDAMENTO\2026-08-AGOSTO\Lu_Oferta_224234800_Limpador Perfumado Veja Aroma Sense Alegria 2L"
"223044200","Lu_Oferta_223044200_Pneu Aro 16” 195-75R16C Firestone 107-105R","G:\Drives compartilhados\OAK-WORKSPACE\01 - JOBS\03 - IA E-COMMERCE\EM_ANDAMENTO\2026-08-AGOSTO\Lu_Oferta_223044200_Pneu Aro 16” 195-75R16C Firestone 107-105R"
"221664600","Lu_Oferta_221664600_Sabonete Líquido Lux Botanicals Buquê de Jasmim 200ml Refil","G:\Drives compartilhados\OAK-WORKSPACE\01 - JOBS\03 - IA E-COMMERCE\EM_ANDAMENTO\2026-08-AGOSTO\Lu_Oferta_221664600_Sabonete Líquido Lux Botanicals Buquê de Jasmim 200ml Refil"
"221653300","Lu_Oferta_221653300_Neutralizador de Odores para Roupas Comfort Refresh 320ml","G:\Drives compartilhados\OAK-WORKSPACE\01 - JOBS\03 - IA E-COMMERCE\EM_ANDAMENTO\2026-08-AGOSTO\Lu_Oferta_221653300_Neutralizador de Odores para Roupas Comfort Refresh 320ml"
"221370700","Lu_Oferta_221370700_Antitranspirante Rexona Men Antibacterial Invisible 150 ml","G:\Drives compartilhados\OAK-WORKSPACE\01 - JOBS\03 - IA E-COMMERCE\EM_ANDAMENTO\2026-08-AGOSTO\Lu_Oferta_221370700_Antitranspirante Rexona Men Antibacterial Invisible 150 ml"
"208476300","Lu_Oferta_208476300_Garrafa de Tinta Epson T664120 Preto","G:\Drives compartilhados\OAK-WORKSPACE\01 - JOBS\03 - IA E-COMMERCE\EM_ANDAMENTO\2026-08-AGOSTO\Lu_Oferta_208476300_Garrafa de Tinta Epson T664120 Preto"
"217689200","Lu_Oferta_217689200_Jogo de Facas Tramontina Plenus 3 Peças","G:\Drives compartilhados\OAK-WORKSPACE\01 - JOBS\03 - IA E-COMMERCE\EM_ANDAMENTO\2026-08-AGOSTO\Lu_Oferta_217689200_Jogo de Facas Tramontina Plenus 3 Peças"
"203586600","Lu_Oferta_203586600_Creatina Monohidratada Pote 150g -  Max Titanium","G:\Drives compartilhados\OAK-WORKSPACE\01 - JOBS\03 - IA E-COMMERCE\EM_ANDAMENTO\2026-08-AGOSTO\Lu_Oferta_203586600_Creatina Monohidratada Pote 150g -  Max Titanium"
"181160300","Lu_Oferta_181160300_Pista GBF81 Hot Wheels Mattel","G:\Drives compartilhados\OAK-WORKSPACE\01 - JOBS\03 - IA E-COMMERCE\EM_ANDAMENTO\2026-08-AGOSTO\Lu_Oferta_181160300_Pista GBF81 Hot Wheels Mattel"
"181164400","Lu_Oferta_181164400_Boneca Turma da Mônica Iti Malia Magali","G:\Drives compartilhados\OAK-WORKSPACE\01 - JOBS\03 - IA E-COMMERCE\EM_ANDAMENTO\2026-08-AGOSTO\Lu_Oferta_181164400_Boneca Turma da Mônica Iti Malia Magali"
"218830000","Lu_Oferta_218830000_Tira Manchas Vanish Líquido Crystal White","G:\Drives compartilhados\OAK-WORKSPACE\01 - JOBS\03 - IA E-COMMERCE\EM_ANDAMENTO\2026-08-AGOSTO\Lu_Oferta_218830000_Tira Manchas Vanish Líquido Crystal White"
"220978000","Lu_Oferta_220978000_Sabonete em Barra Dove Karité e Baunilha 90g","G:\Drives compartilhados\OAK-WORKSPACE\01 - JOBS\03 - IA E-COMMERCE\EM_ANDAMENTO\2026-08-AGOSTO\Lu_Oferta_220978000_Sabonete em Barra Dove Karité e Baunilha 90g"
"204581600","Lu_Oferta_204581600_Jogo de Facas com Estojo Tramontina Century 24099021","G:\Drives compartilhados\OAK-WORKSPACE\01 - JOBS\03 - IA E-COMMERCE\EM_ANDAMENTO\2026-08-AGOSTO\Lu_Oferta_204581600_Jogo de Facas com Estojo Tramontina Century 24099021"
"220613800","Lu_Oferta_220613800_Jogo Pizzaria Maluca de Tabuleiro","G:\Drives compartilhados\OAK-WORKSPACE\01 - JOBS\03 - IA E-COMMERCE\EM_ANDAMENTO\2026-08-AGOSTO\Lu_Oferta_220613800_Jogo Pizzaria Maluca de Tabuleiro"
"218806400","Lu_Oferta_218806400_Pneu Aro 15” Goodyear 185-60R15 88H","G:\Drives compartilhados\OAK-WORKSPACE\01 - JOBS\03 - IA E-COMMERCE\EM_ANDAMENTO\2026-08-AGOSTO\Lu_Oferta_218806400_Pneu Aro 15” Goodyear 185-60R15 88H"
"224424600","Lu_Oferta_224424600_Boneca Bebezinho Real Primeiros Cuidados","G:\Drives compartilhados\OAK-WORKSPACE\01 - JOBS\03 - IA E-COMMERCE\EM_ANDAMENTO\2026-08-AGOSTO\Lu_Oferta_224424600_Boneca Bebezinho Real Primeiros Cuidados"
"223300100","Lu_Oferta_223300100_Sabonete Infantil Pom Pom Hidratante 70gr","G:\Drives compartilhados\OAK-WORKSPACE\01 - JOBS\03 - IA E-COMMERCE\EM_ANDAMENTO\2026-08-AGOSTO\Lu_Oferta_223300100_Sabonete Infantil Pom Pom Hidratante 70gr"
"224337300","Lu_Oferta_224337300_Limpador Perfumado Veja Aroma Sense Energia","G:\Drives compartilhados\OAK-WORKSPACE\01 - JOBS\03 - IA E-COMMERCE\EM_ANDAMENTO\2026-08-AGOSTO\Lu_Oferta_224337300_Limpador Perfumado Veja Aroma Sense Energia"
"221497900","Lu_Oferta_221497900_Modem Roteador Wi-Fi D-Link DSL-2740E-BR","G:\Drives compartilhados\OAK-WORKSPACE\01 - JOBS\03 - IA E-COMMERCE\EM_ANDAMENTO\2026-08-AGOSTO\Lu_Oferta_221497900_Modem Roteador Wi-Fi D-Link DSL-2740E-BR"
"223044300","Lu_Oferta_223044300_Pneu Aro 15” 205-70R15 Firestone 106-104R","G:\Drives compartilhados\OAK-WORKSPACE\01 - JOBS\03 - IA E-COMMERCE\EM_ANDAMENTO\2026-08-AGOSTO\Lu_Oferta_223044300_Pneu Aro 15” 205-70R15 Firestone 106-104R"
"180624700","Lu_Oferta_180624700_Boneca Kristal Cry Babies que Chora com Acessórios","G:\Drives compartilhados\OAK-WORKSPACE\01 - JOBS\03 - IA E-COMMERCE\EM_ANDAMENTO\2026-08-AGOSTO\Lu_Oferta_180624700_Boneca Kristal Cry Babies que Chora com Acessórios"
"181135700","Lu_Oferta_181135700_Mini Caminhão Infantil Construção 2 em 1","G:\Drives compartilhados\OAK-WORKSPACE\01 - JOBS\03 - IA E-COMMERCE\EM_ANDAMENTO\2026-08-AGOSTO\Lu_Oferta_181135700_Mini Caminhão Infantil Construção 2 em 1"
"043186500","Lu_Oferta_043186500_Mortal Kombat 11- Aftermath para Xbox One","G:\Drives compartilhados\OAK-WORKSPACE\01 - JOBS\03 - IA E-COMMERCE\EM_ANDAMENTO\2026-08-AGOSTO\Lu_Oferta_043186500_Mortal Kombat 11- Aftermath para Xbox One"
"043187800","Lu_Oferta_043187800_Minecraft Dungeons Hero Edition para Xbox One","G:\Drives compartilhados\OAK-WORKSPACE\01 - JOBS\03 - IA E-COMMERCE\EM_ANDAMENTO\2026-08-AGOSTO\Lu_Oferta_043187800_Minecraft Dungeons Hero Edition para Xbox One"
"043188700","Lu_Oferta_043188700_Jogo Ben 10 Uma Super Viagem para PS4","G:\Drives compartilhados\OAK-WORKSPACE\01 - JOBS\03 - IA E-COMMERCE\EM_ANDAMENTO\2026-08-AGOSTO\Lu_Oferta_043188700_Jogo Ben 10 Uma Super Viagem para PS4"
"181132800","Lu_Oferta_181132800_Pelúcia Patrulha Canina Chase","G:\Drives compartilhados\OAK-WORKSPACE\01 - JOBS\03 - IA E-COMMERCE\EM_ANDAMENTO\2026-08-AGOSTO\Lu_Oferta_181132800_Pelúcia Patrulha Canina Chase"
"141023400","Lu_Oferta_141023400_Jogo de Facas Brinox com Cepo Cross","G:\Drives compartilhados\OAK-WORKSPACE\01 - JOBS\03 - IA E-COMMERCE\EM_ANDAMENTO\2026-08-AGOSTO\Lu_Oferta_141023400_Jogo de Facas Brinox com Cepo Cross"
"083564300","Lu_Oferta_083564300_Refil para Escova Elétrica Oral-B Pro Series Advanced Clean 2 Unidades","G:\Drives compartilhados\OAK-WORKSPACE\01 - JOBS\03 - IA E-COMMERCE\EM_ANDAMENTO\2026-08-AGOSTO\Lu_Oferta_083564300_Refil para Escova Elétrica Oral-B Pro Series Advanced Clean 2 Unidades"
"086077500","Lu_Oferta_086077500_Faca Tramontina Inox","G:\Drives compartilhados\OAK-WORKSPACE\01 - JOBS\03 - IA E-COMMERCE\EM_ANDAMENTO\2026-08-AGOSTO\Lu_Oferta_086077500_Faca Tramontina Inox"
"043189000","Lu_Oferta_043189000_Jogo Transformers Campos de Batalha para PS4","G:\Drives compartilhados\OAK-WORKSPACE\01 - JOBS\03 - IA E-COMMERCE\EM_ANDAMENTO\2026-08-AGOSTO\Lu_Oferta_043189000_Jogo Transformers Campos de Batalha para PS4"
"241498400","IAC_241498400_Notebook ASUS Vivobook Go 15 E1504FA-BQ5313WS AMD Athlon Silver 10 4GB RAM 128GB SSD 15,6- Full HD Windows 11 Microsoft 365 Personal Office 90NB0ZR5-M07ED0","G:\Drives compartilhados\OAK-WORKSPACE\01 - JOBS\03 - IA E-COMMERCE\EM_ANDAMENTO\2026-08-AGOSTO\IAC_241498400_Notebook ASUS Vivobook Go 15 E1504FA-BQ5313WS AMD Athlon Silver 10 4GB RAM 128GB SSD 15,6- Full HD Windows 11 Microsoft 365 Personal Office 90NB0ZR5-M07ED0"
"241502100","IAC_241502100_Guarda-roupa Casal com Sapateiro 4 Gavetas 4 Portas Conquista Móveis Prime Bergamo","G:\Drives compartilhados\OAK-WORKSPACE\01 - JOBS\03 - IA E-COMMERCE\EM_ANDAMENTO\2026-08-AGOSTO\IAC_241502100_Guarda-roupa Casal com Sapateiro 4 Gavetas 4 Portas Conquista Móveis Prime Bergamo"
"241660400","IAC_241660400_Secadora de Roupas de Piso Philco 11kg PSR11A 15 Programas de Secagem","G:\Drives compartilhados\OAK-WORKSPACE\01 - JOBS\03 - IA E-COMMERCE\EM_ANDAMENTO\2026-08-AGOSTO\IAC_241660400_Secadora de Roupas de Piso Philco 11kg PSR11A 15 Programas de Secagem"
"241501700","IAC_241501700_Guarda-roupa Casal com Espelho e Sapateiro 8 Gavetas 3 Portas de Correr Conquista Móveis Prime Chicago","G:\Drives compartilhados\OAK-WORKSPACE\01 - JOBS\03 - IA E-COMMERCE\EM_ANDAMENTO\2026-08-AGOSTO\IAC_241501700_Guarda-roupa Casal com Espelho e Sapateiro 8 Gavetas 3 Portas de Correr Conquista Móveis Prime Chicago"
"185169900","Lu_Oferta_185169900_Boneca Gi Neto que Fala 14 Frases 27cm Rosita","G:\Drives compartilhados\OAK-WORKSPACE\01 - JOBS\03 - IA E-COMMERCE\EM_ANDAMENTO\2026-08-AGOSTO\Lu_Oferta_185169900_Boneca Gi Neto que Fala 14 Frases 27cm Rosita"
"181202800","Lu_Oferta_181202800_Jogo Cilada Estrela","G:\Drives compartilhados\OAK-WORKSPACE\01 - JOBS\03 - IA E-COMMERCE\EM_ANDAMENTO\2026-08-AGOSTO\Lu_Oferta_181202800_Jogo Cilada Estrela"
"203584000","Lu_Oferta_203584000_Albumina Max Titanium Mass Titanium 17500","G:\Drives compartilhados\OAK-WORKSPACE\01 - JOBS\03 - IA E-COMMERCE\EM_ANDAMENTO\2026-08-AGOSTO\Lu_Oferta_203584000_Albumina Max Titanium Mass Titanium 17500"
"220377300","Lu_Oferta_220377300_Lenços Umedecidos Intimus Triple Clean","G:\Drives compartilhados\OAK-WORKSPACE\01 - JOBS\03 - IA E-COMMERCE\EM_ANDAMENTO\2026-08-AGOSTO\Lu_Oferta_220377300_Lenços Umedecidos Intimus Triple Clean"
"043186100","Lu_Oferta_043186100_Cyberpunk 2077 para Xbox One CD Projekt Red","G:\Drives compartilhados\OAK-WORKSPACE\01 - JOBS\03 - IA E-COMMERCE\EM_ANDAMENTO\2026-08-AGOSTO\Lu_Oferta_043186100_Cyberpunk 2077 para Xbox One CD Projekt Red"
"181135600","Lu_Oferta_181135600_Mini Caminhão Infantil Tandy Bombeiro","G:\Drives compartilhados\OAK-WORKSPACE\01 - JOBS\03 - IA E-COMMERCE\EM_ANDAMENTO\2026-08-AGOSTO\Lu_Oferta_181135600_Mini Caminhão Infantil Tandy Bombeiro"
"087748900","Lu_Oferta_087748900_Grade de Proteção para Porta Kiddo Easy Fit","G:\Drives compartilhados\OAK-WORKSPACE\01 - JOBS\03 - IA E-COMMERCE\EM_ANDAMENTO\2026-08-AGOSTO\Lu_Oferta_087748900_Grade de Proteção para Porta Kiddo Easy Fit"
"083564100","Lu_Oferta_083564100_Escova de Dente Elétrica Oral-B PRO Series 1 Branca Recarregável","G:\Drives compartilhados\OAK-WORKSPACE\01 - JOBS\03 - IA E-COMMERCE\EM_ANDAMENTO\2026-08-AGOSTO\Lu_Oferta_083564100_Escova de Dente Elétrica Oral-B PRO Series 1 Branca Recarregável"
"181205400","Lu_Oferta_181205400_Jogo da Vida","G:\Drives compartilhados\OAK-WORKSPACE\01 - JOBS\03 - IA E-COMMERCE\EM_ANDAMENTO\2026-08-AGOSTO\Lu_Oferta_181205400_Jogo da Vida"
"181160700","Lu_Oferta_181160700_Boneco Luccas Neto que Fala 27cm Rosita","G:\Drives compartilhados\OAK-WORKSPACE\01 - JOBS\03 - IA E-COMMERCE\EM_ANDAMENTO\2026-08-AGOSTO\Lu_Oferta_181160700_Boneco Luccas Neto que Fala 27cm Rosita"
"241280800","IAC_241280800_Colchão Super King Americanflex de Molas Ensacadas 34x193x203cm Seis Estrelas","G:\Drives compartilhados\OAK-WORKSPACE\01 - JOBS\03 - IA E-COMMERCE\EM_ANDAMENTO\2026-08-AGOSTO\IAC_241280800_Colchão Super King Americanflex de Molas Ensacadas 34x193x203cm Seis Estrelas"
"241292800","IAC_241292800_Fogão 4 Bocas Atlas Branco Mônaco Top","G:\Drives compartilhados\OAK-WORKSPACE\01 - JOBS\03 - IA E-COMMERCE\EM_ANDAMENTO\2026-08-AGOSTO\IAC_241292800_Fogão 4 Bocas Atlas Branco Mônaco Top"
"241281700","IAC_241281700_Colchão Casal Americanflex de Espuma D33 28x128x188cm Clinoflex Bambu","G:\Drives compartilhados\OAK-WORKSPACE\01 - JOBS\03 - IA E-COMMERCE\EM_ANDAMENTO\2026-08-AGOSTO\IAC_241281700_Colchão Casal Americanflex de Espuma D33 28x128x188cm Clinoflex Bambu"
"241280900","IAC_241280900_Colchão Solteiro Americanflex de Molas Ensacadas D28 30x100x200cm Lumi Amx","G:\Drives compartilhados\OAK-WORKSPACE\01 - JOBS\03 - IA E-COMMERCE\EM_ANDAMENTO\2026-08-AGOSTO\IAC_241280900_Colchão Solteiro Americanflex de Molas Ensacadas D28 30x100x200cm Lumi Amx"
"241281800","IAC_241281800_Colchão Queen Especial Americanflex de Espuma 28x158x198cm Clinoflex Bambu","G:\Drives compartilhados\OAK-WORKSPACE\01 - JOBS\03 - IA E-COMMERCE\EM_ANDAMENTO\2026-08-AGOSTO\IAC_241281800_Colchão Queen Especial Americanflex de Espuma 28x158x198cm Clinoflex Bambu"
"241281100","IAC_241281100_Colchão Queen Americanflex de Molas Ensacadas D28 30x158x198cm Lumi Amx","G:\Drives compartilhados\OAK-WORKSPACE\01 - JOBS\03 - IA E-COMMERCE\EM_ANDAMENTO\2026-08-AGOSTO\IAC_241281100_Colchão Queen Americanflex de Molas Ensacadas D28 30x158x198cm Lumi Amx"
"241281500","IAC_241281500_Colchão Casal Americanflex de Espuma D33 24x138x188cm Clinoflex Bambu","G:\Drives compartilhados\OAK-WORKSPACE\01 - JOBS\03 - IA E-COMMERCE\EM_ANDAMENTO\2026-08-AGOSTO\IAC_241281500_Colchão Casal Americanflex de Espuma D33 24x138x188cm Clinoflex Bambu"
"241280400","IAC_241280400_Colchão King Especial Americanflex de Espuma 28x193x203cm Clinoflex Bambu","G:\Drives compartilhados\OAK-WORKSPACE\01 - JOBS\03 - IA E-COMMERCE\EM_ANDAMENTO\2026-08-AGOSTO\IAC_241280400_Colchão King Especial Americanflex de Espuma 28x193x203cm Clinoflex Bambu"
"241288400","IAC_241288400_Jogo de Potes de Vidro Hermético Electrolux com Tampa Retangular 630ml Experience 3 Peças","G:\Drives compartilhados\OAK-WORKSPACE\01 - JOBS\03 - IA E-COMMERCE\EM_ANDAMENTO\2026-08-AGOSTO\IAC_241288400_Jogo de Potes de Vidro Hermético Electrolux com Tampa Retangular 630ml Experience 3 Peças"
"241287300","IAC_241287300_Jogo de Potes de Plástico Hermético Electrolux Retangular Experience 6 Peças","G:\Drives compartilhados\OAK-WORKSPACE\01 - JOBS\03 - IA E-COMMERCE\EM_ANDAMENTO\2026-08-AGOSTO\IAC_241287300_Jogo de Potes de Plástico Hermético Electrolux Retangular Experience 6 Peças"
"241324600","IAC_241324600_Frigideira Antiaderente Rochedo de Alumínio Stone Pro Preto e Cinza 24cm","G:\Drives compartilhados\OAK-WORKSPACE\01 - JOBS\03 - IA E-COMMERCE\EM_ANDAMENTO\2026-08-AGOSTO\IAC_241324600_Frigideira Antiaderente Rochedo de Alumínio Stone Pro Preto e Cinza 24cm"
"241288500","IAC_241288500_Jogo de Potes de Vidro Hermético Electrolux com Tampa Retangular 360ml Experience 3 Peças","G:\Drives compartilhados\OAK-WORKSPACE\01 - JOBS\03 - IA E-COMMERCE\EM_ANDAMENTO\2026-08-AGOSTO\IAC_241288500_Jogo de Potes de Vidro Hermético Electrolux com Tampa Retangular 360ml Experience 3 Peças"
"241325200","IAC_241325200_Frigideira Grill Antiaderente Rochedo de Alumínio Chapa Ondulada Stone Pro Preto e Cinza 30cm","G:\Drives compartilhados\OAK-WORKSPACE\01 - JOBS\03 - IA E-COMMERCE\EM_ANDAMENTO\2026-08-AGOSTO\IAC_241325200_Frigideira Grill Antiaderente Rochedo de Alumínio Chapa Ondulada Stone Pro Preto e Cinza 30cm"
"241324700","IAC_241324700_Frigideira Antiaderente Rochedo de Alumínio Natural Stone Cinza Claro 24cm","G:\Drives compartilhados\OAK-WORKSPACE\01 - JOBS\03 - IA E-COMMERCE\EM_ANDAMENTO\2026-08-AGOSTO\IAC_241324700_Frigideira Antiaderente Rochedo de Alumínio Natural Stone Cinza Claro 24cm"
"241324400","IAC_241324400_Frigideira Funda Antiaderente Rochedo de Alumínio com Tampa Stone Pro Preto e Cinza 24cm","G:\Drives compartilhados\OAK-WORKSPACE\01 - JOBS\03 - IA E-COMMERCE\EM_ANDAMENTO\2026-08-AGOSTO\IAC_241324400_Frigideira Funda Antiaderente Rochedo de Alumínio com Tampa Stone Pro Preto e Cinza 24cm"
"241478500","IAC_241478500_Bicicleta Aro 24- Colli Prime One Freio V-Brake 21 Marchas","G:\Drives compartilhados\OAK-WORKSPACE\01 - JOBS\03 - IA E-COMMERCE\EM_ANDAMENTO\2026-08-AGOSTO\IAC_241478500_Bicicleta Aro 24- Colli Prime One Freio V-Brake 21 Marchas"
"241349100","IAC_241349100_Copo Térmico Fratelli para Cerveja Premium Preto 400ml com Tampa e Abridor","G:\Drives compartilhados\OAK-WORKSPACE\01 - JOBS\03 - IA E-COMMERCE\EM_ANDAMENTO\2026-08-AGOSTO\IAC_241349100_Copo Térmico Fratelli para Cerveja Premium Preto 400ml com Tampa e Abridor"
"241293300","IAC_241293300_LEGO Editions Bola de Futebol 43019","G:\Drives compartilhados\OAK-WORKSPACE\01 - JOBS\03 - IA E-COMMERCE\EM_ANDAMENTO\2026-08-AGOSTO\IAC_241293300_LEGO Editions Bola de Futebol 43019"
"241319200","IAC_241319200_Guarda-roupa Solteiro 3 Gavetas 2 Portas de Correr Móveis Europa Veneza","G:\Drives compartilhados\OAK-WORKSPACE\01 - JOBS\03 - IA E-COMMERCE\EM_ANDAMENTO\2026-08-AGOSTO\IAC_241319200_Guarda-roupa Solteiro 3 Gavetas 2 Portas de Correr Móveis Europa Veneza"
"241368800","IAC_241368800_Batedeira Planetária Arno Marfim e Inox 500W 12 Velocidades Tigela Inox 3,5L Bake Easy KM14 com 3 Batedores 8010001506","G:\Drives compartilhados\OAK-WORKSPACE\01 - JOBS\03 - IA E-COMMERCE\EM_ANDAMENTO\2026-08-AGOSTO\IAC_241368800_Batedeira Planetária Arno Marfim e Inox 500W 12 Velocidades Tigela Inox 3,5L Bake Easy KM14 com 3 Batedores 8010001506"
"241500600","IAC_241500600_Guarda-roupa Casal com Sapateiro 4 Gavetas 4 Portas Conquista Móveis Prime Bergamo","G:\Drives compartilhados\OAK-WORKSPACE\01 - JOBS\03 - IA E-COMMERCE\EM_ANDAMENTO\2026-08-AGOSTO\IAC_241500600_Guarda-roupa Casal com Sapateiro 4 Gavetas 4 Portas Conquista Móveis Prime Bergamo"
"241349000","IAC_241349000_Copo Térmico Fratelli para Cerveja Premium Branco 400ml com Tampa e Abridor","G:\Drives compartilhados\OAK-WORKSPACE\01 - JOBS\03 - IA E-COMMERCE\EM_ANDAMENTO\2026-08-AGOSTO\IAC_241349000_Copo Térmico Fratelli para Cerveja Premium Branco 400ml com Tampa e Abridor"
"241478600","IAC_241478600_Bicicleta Aro 24- Colli Prime One Freio V-Brake 21 Marchas","G:\Drives compartilhados\OAK-WORKSPACE\01 - JOBS\03 - IA E-COMMERCE\EM_ANDAMENTO\2026-08-AGOSTO\IAC_241478600_Bicicleta Aro 24- Colli Prime One Freio V-Brake 21 Marchas"
"241405900","IAC_241405900_Smart Tag Motorola Moto Tag 2 Bluetooth Bege","G:\Drives compartilhados\OAK-WORKSPACE\01 - JOBS\03 - IA E-COMMERCE\EM_ANDAMENTO\2026-08-AGOSTO\IAC_241405900_Smart Tag Motorola Moto Tag 2 Bluetooth Bege"
"241420800","IAC_241420800_Vaporizador Portátil Black+Decker BDV3100-BR 1200W-1000W 200ml Preto","G:\Drives compartilhados\OAK-WORKSPACE\01 - JOBS\03 - IA E-COMMERCE\EM_ANDAMENTO\2026-08-AGOSTO\IAC_241420800_Vaporizador Portátil Black+Decker BDV3100-BR 1200W-1000W 200ml Preto"
"241384500","IAC_241384500_Forno Elétrico de Bancada Philco Grill 55L com Lâmpada Branco PFE57","G:\Drives compartilhados\OAK-WORKSPACE\01 - JOBS\03 - IA E-COMMERCE\EM_ANDAMENTO\2026-08-AGOSTO\IAC_241384500_Forno Elétrico de Bancada Philco Grill 55L com Lâmpada Branco PFE57"
"241351400","IAC_241351400_Lavadora de Roupas Consul 16kg Cesto Inox 12 Programas Cinza CWN16A9","G:\Drives compartilhados\OAK-WORKSPACE\01 - JOBS\03 - IA E-COMMERCE\EM_ANDAMENTO\2026-08-AGOSTO\IAC_241351400_Lavadora de Roupas Consul 16kg Cesto Inox 12 Programas Cinza CWN16A9"
"241324900","IAC_241324900_Panela de Pressão Rochedo 4,5L Antiaderente Preto e Cinza Stone Pro Clipso","G:\Drives compartilhados\OAK-WORKSPACE\01 - JOBS\03 - IA E-COMMERCE\EM_ANDAMENTO\2026-08-AGOSTO\IAC_241324900_Panela de Pressão Rochedo 4,5L Antiaderente Preto e Cinza Stone Pro Clipso"
"241356600","IAC_241356600_Cafeteira Cadence Single Up 2 Cafés Preta e Vermelha CAF230","G:\Drives compartilhados\OAK-WORKSPACE\01 - JOBS\03 - IA E-COMMERCE\EM_ANDAMENTO\2026-08-AGOSTO\IAC_241356600_Cafeteira Cadence Single Up 2 Cafés Preta e Vermelha CAF230"
"241351200","IAC_241351200_Caixa de Som JBL PartyBox Encore 2 Bluetooth Amplificada Portátil 100W RMS USB-C","G:\Drives compartilhados\OAK-WORKSPACE\01 - JOBS\03 - IA E-COMMERCE\EM_ANDAMENTO\2026-08-AGOSTO\IAC_241351200_Caixa de Som JBL PartyBox Encore 2 Bluetooth Amplificada Portátil 100W RMS USB-C"
"241469700","IAC_241469700_Notebook Multi Ultra Intel Pentium Gold 6500Y 4GB RAM 128GB eMMC 1TB Nuvem 14- Windows 11 UB361","G:\Drives compartilhados\OAK-WORKSPACE\01 - JOBS\03 - IA E-COMMERCE\EM_ANDAMENTO\2026-08-AGOSTO\IAC_241469700_Notebook Multi Ultra Intel Pentium Gold 6500Y 4GB RAM 128GB eMMC 1TB Nuvem 14- Windows 11 UB361"
"241325100","IAC_241325100_Frigideira Antiaderente Rochedo de Alumínio Stone Pro Preto e Cinza 20cm","G:\Drives compartilhados\OAK-WORKSPACE\01 - JOBS\03 - IA E-COMMERCE\EM_ANDAMENTO\2026-08-AGOSTO\IAC_241325100_Frigideira Antiaderente Rochedo de Alumínio Stone Pro Preto e Cinza 20cm"
"241356700","IAC_241356700_Cafeteira Cadence Desperta CAF338 18 Cafés Preta","G:\Drives compartilhados\OAK-WORKSPACE\01 - JOBS\03 - IA E-COMMERCE\EM_ANDAMENTO\2026-08-AGOSTO\IAC_241356700_Cafeteira Cadence Desperta CAF338 18 Cafés Preta"
"241356300","IAC_241356300_Cafeteira Oster OCAF550 com Timer até 30 Cafés Inox e Preta","G:\Drives compartilhados\OAK-WORKSPACE\01 - JOBS\03 - IA E-COMMERCE\EM_ANDAMENTO\2026-08-AGOSTO\IAC_241356300_Cafeteira Oster OCAF550 com Timer até 30 Cafés Inox e Preta"
"043184700","Lu_Oferta_043184700_Ghost Recon- Breakpoint para Xbox One","G:\Drives compartilhados\OAK-WORKSPACE\01 - JOBS\03 - IA E-COMMERCE\EM_ANDAMENTO\2026-08-AGOSTO\Lu_Oferta_043184700_Ghost Recon- Breakpoint para Xbox One"
"241617100","IAC_241617100_Colchão Solteiro Gazin de Molas Ensacadas D26 25x88x188cm Onix","G:\Drives compartilhados\OAK-WORKSPACE\01 - JOBS\03 - IA E-COMMERCE\EM_ANDAMENTO\2026-08-AGOSTO\IAC_241617100_Colchão Solteiro Gazin de Molas Ensacadas D26 25x88x188cm Onix"
"241502900","IAC_241502900_Smart TV 65- TCL 4K UHD QLED 65P7L Google TV 2026","G:\Drives compartilhados\OAK-WORKSPACE\01 - JOBS\03 - IA E-COMMERCE\EM_ANDAMENTO\2026-08-AGOSTO\IAC_241502900_Smart TV 65- TCL 4K UHD QLED 65P7L Google TV 2026"
"241556800","IAC_241556800_Cama de Solteiro Conquista Móveis Rubi Branca","G:\Drives compartilhados\OAK-WORKSPACE\01 - JOBS\03 - IA E-COMMERCE\EM_ANDAMENTO\2026-08-AGOSTO\IAC_241556800_Cama de Solteiro Conquista Móveis Rubi Branca"
"241543800","IAC_241543800_Esteira Ergométrica Elétrica Go New 380HT Dobrável Vel. Máxima 10km-h","G:\Drives compartilhados\OAK-WORKSPACE\01 - JOBS\03 - IA E-COMMERCE\EM_ANDAMENTO\2026-08-AGOSTO\IAC_241543800_Esteira Ergométrica Elétrica Go New 380HT Dobrável Vel. Máxima 10km-h"
"241488700","IAC_241488700_Smart TV 32- Philco HD DLED P32CRB Roku TV 99323127 2026","G:\Drives compartilhados\OAK-WORKSPACE\01 - JOBS\03 - IA E-COMMERCE\EM_ANDAMENTO\2026-08-AGOSTO\IAC_241488700_Smart TV 32- Philco HD DLED P32CRB Roku TV 99323127 2026"
"241616400","IAC_241616400_Colchão Queen Gazin de Molas Ensacadas D26 25x158x198cm Onix","G:\Drives compartilhados\OAK-WORKSPACE\01 - JOBS\03 - IA E-COMMERCE\EM_ANDAMENTO\2026-08-AGOSTO\IAC_241616400_Colchão Queen Gazin de Molas Ensacadas D26 25x158x198cm Onix"
"043184600","Lu_Oferta_043184600_Ghost Recon- Breakpoint para PS4","G:\Drives compartilhados\OAK-WORKSPACE\01 - JOBS\03 - IA E-COMMERCE\EM_ANDAMENTO\2026-08-AGOSTO\Lu_Oferta_043184600_Ghost Recon- Breakpoint para PS4"
"241617000","IAC_241617000_Colchão King Gazin de Molas Ensacadas D26 25x193x203cm Onix","G:\Drives compartilhados\OAK-WORKSPACE\01 - JOBS\03 - IA E-COMMERCE\EM_ANDAMENTO\2026-08-AGOSTO\IAC_241617000_Colchão King Gazin de Molas Ensacadas D26 25x193x203cm Onix"
"241616500","IAC_241616500_Base Cama Box Solteiro Gazin 27x88x188cm Onix","G:\Drives compartilhados\OAK-WORKSPACE\01 - JOBS\03 - IA E-COMMERCE\EM_ANDAMENTO\2026-08-AGOSTO\IAC_241616500_Base Cama Box Solteiro Gazin 27x88x188cm Onix"
"241549000","IAC_241549000_Base Cama Box King Americanflex Bipartida 25x193x203cm Diamante","G:\Drives compartilhados\OAK-WORKSPACE\01 - JOBS\03 - IA E-COMMERCE\EM_ANDAMENTO\2026-08-AGOSTO\IAC_241549000_Base Cama Box King Americanflex Bipartida 25x193x203cm Diamante"
"241616800","IAC_241616800_Base Cama Box Queen Gazin Bipartida 27x158x198cm Onix","G:\Drives compartilhados\OAK-WORKSPACE\01 - JOBS\03 - IA E-COMMERCE\EM_ANDAMENTO\2026-08-AGOSTO\IAC_241616800_Base Cama Box Queen Gazin Bipartida 27x158x198cm Onix"
"043186300","Lu_Oferta_043186300_Resident Evil 3 para Xbox One Capcom","G:\Drives compartilhados\OAK-WORKSPACE\01 - JOBS\03 - IA E-COMMERCE\EM_ANDAMENTO\2026-08-AGOSTO\Lu_Oferta_043186300_Resident Evil 3 para Xbox One Capcom"
"241501600","IAC_241501600_Guarda-roupa Casal com Espelho e Sapateiro 8 Gavetas 3 Portas de Correr Conquista Móveis Prime Chicago","G:\Drives compartilhados\OAK-WORKSPACE\01 - JOBS\03 - IA E-COMMERCE\EM_ANDAMENTO\2026-08-AGOSTO\IAC_241501600_Guarda-roupa Casal com Espelho e Sapateiro 8 Gavetas 3 Portas de Correr Conquista Móveis Prime Chicago"
"043184800","Lu_Oferta_043184800_Just Dance 2020 para PS4","G:\Drives compartilhados\OAK-WORKSPACE\01 - JOBS\03 - IA E-COMMERCE\EM_ANDAMENTO\2026-08-AGOSTO\Lu_Oferta_043184800_Just Dance 2020 para PS4"
"241498500","IAC_241498500_Notebook ASUS Vivobook Go 15 E1504FA-BQ5312WS AMD Athlon Silver 10 4GB RAM 128GB SSD 15,6- Full HD Windows 11 Microsoft 365 Personal Office 90NB0ZR2-M07EC0","G:\Drives compartilhados\OAK-WORKSPACE\01 - JOBS\03 - IA E-COMMERCE\EM_ANDAMENTO\2026-08-AGOSTO\IAC_241498500_Notebook ASUS Vivobook Go 15 E1504FA-BQ5312WS AMD Athlon Silver 10 4GB RAM 128GB SSD 15,6- Full HD Windows 11 Microsoft 365 Personal Office 90NB0ZR2-M07EC0"
"241616700","IAC_241616700_Base Cama Box King Gazin Bipartida 27x193x203cm Onix","G:\Drives compartilhados\OAK-WORKSPACE\01 - JOBS\03 - IA E-COMMERCE\EM_ANDAMENTO\2026-08-AGOSTO\IAC_241616700_Base Cama Box King Gazin Bipartida 27x193x203cm Onix"
"241556900","IAC_241556900_Cama de Solteiro Conquista Móveis Rubi Cinamomo","G:\Drives compartilhados\OAK-WORKSPACE\01 - JOBS\03 - IA E-COMMERCE\EM_ANDAMENTO\2026-08-AGOSTO\IAC_241556900_Cama de Solteiro Conquista Móveis Rubi Cinamomo"
"241616900","IAC_241616900_Colchão Casal Gazin de Molas Ensacadas D26 25x138x188cm Onix","G:\Drives compartilhados\OAK-WORKSPACE\01 - JOBS\03 - IA E-COMMERCE\EM_ANDAMENTO\2026-08-AGOSTO\IAC_241616900_Colchão Casal Gazin de Molas Ensacadas D26 25x138x188cm Onix"
"241287600","IAC_241287600_Jogo de Potes de Plástico Hermético Electrolux Retangular Experience 10 Peças","G:\Drives compartilhados\OAK-WORKSPACE\01 - JOBS\03 - IA E-COMMERCE\EM_ANDAMENTO\2026-08-AGOSTO\IAC_241287600_Jogo de Potes de Plástico Hermético Electrolux Retangular Experience 10 Peças"
"241405500","IAC_241405500_Smartwatch Motorola Moto Watch 47mm Pulseira Prata Bluetooth","G:\Drives compartilhados\OAK-WORKSPACE\01 - JOBS\03 - IA E-COMMERCE\EM_ANDAMENTO\2026-08-AGOSTO\IAC_241405500_Smartwatch Motorola Moto Watch 47mm Pulseira Prata Bluetooth"
"241501800","IAC_241501800_Guarda-roupa Casal com Espelho e Sapateiro 4 Gavetas 2 Portas de Correr Conquista Móveis Prime Chicago","G:\Drives compartilhados\OAK-WORKSPACE\01 - JOBS\03 - IA E-COMMERCE\EM_ANDAMENTO\2026-08-AGOSTO\IAC_241501800_Guarda-roupa Casal com Espelho e Sapateiro 4 Gavetas 2 Portas de Correr Conquista Móveis Prime Chicago"
"241616600","IAC_241616600_Base Cama Box Casal Gazin 27x138x188cm Onix","G:\Drives compartilhados\OAK-WORKSPACE\01 - JOBS\03 - IA E-COMMERCE\EM_ANDAMENTO\2026-08-AGOSTO\IAC_241616600_Base Cama Box Casal Gazin 27x138x188cm Onix"
"241405800","IAC_241405800_Smartwatch Motorola Moto Watch 47mm Pulseira Preta Bluetooth","G:\Drives compartilhados\OAK-WORKSPACE\01 - JOBS\03 - IA E-COMMERCE\EM_ANDAMENTO\2026-08-AGOSTO\IAC_241405800_Smartwatch Motorola Moto Watch 47mm Pulseira Preta Bluetooth"
"241288300","IAC_241288300_Jogo de Potes de Vidro Hermético Electrolux com Tampa Retangular 1,04L Experience 2 Peças","G:\Drives compartilhados\OAK-WORKSPACE\01 - JOBS\03 - IA E-COMMERCE\EM_ANDAMENTO\2026-08-AGOSTO\IAC_241288300_Jogo de Potes de Vidro Hermético Electrolux com Tampa Retangular 1,04L Experience 2 Peças"
"241324300","IAC_241324300_Frigideira Francesa Antiaderente Rochedo de Alumínio Facilita Cinza 24cm","G:\Drives compartilhados\OAK-WORKSPACE\01 - JOBS\03 - IA E-COMMERCE\EM_ANDAMENTO\2026-08-AGOSTO\IAC_241324300_Frigideira Francesa Antiaderente Rochedo de Alumínio Facilita Cinza 24cm"
"241383600","IAC_241383600_Colchão Queen Americanflex de Espuma D45 28x158x198cm Clinoflex Bambu","G:\Drives compartilhados\OAK-WORKSPACE\01 - JOBS\03 - IA E-COMMERCE\EM_ANDAMENTO\2026-08-AGOSTO\IAC_241383600_Colchão Queen Americanflex de Espuma D45 28x158x198cm Clinoflex Bambu"
"241325000","IAC_241325000_Frigideira Antiaderente Rochedo de Alumínio Stone Pro Preto e Cinza 26cm","G:\Drives compartilhados\OAK-WORKSPACE\01 - JOBS\03 - IA E-COMMERCE\EM_ANDAMENTO\2026-08-AGOSTO\IAC_241325000_Frigideira Antiaderente Rochedo de Alumínio Stone Pro Preto e Cinza 26cm"
"241381300","IAC_241381300_Base Cama Box Super King Americanflex Bipartida 25x192x203cm Seis Estrelas","G:\Drives compartilhados\OAK-WORKSPACE\01 - JOBS\03 - IA E-COMMERCE\EM_ANDAMENTO\2026-08-AGOSTO\IAC_241381300_Base Cama Box Super King Americanflex Bipartida 25x192x203cm Seis Estrelas"
"241348900","IAC_241348900_Copo Térmico Fratelli para Cerveja Premium Azul 400ml com Tampa e Abridor","G:\Drives compartilhados\OAK-WORKSPACE\01 - JOBS\03 - IA E-COMMERCE\EM_ANDAMENTO\2026-08-AGOSTO\IAC_241348900_Copo Térmico Fratelli para Cerveja Premium Azul 400ml com Tampa e Abridor"
"241221900","IAC_241221900_Bicicleta Elétrica Scooter Aro 10- Lev Onn P1000 1000W","G:\Drives compartilhados\OAK-WORKSPACE\01 - JOBS\03 - IA E-COMMERCE\EM_ANDAMENTO\2026-08-AGOSTO\IAC_241221900_Bicicleta Elétrica Scooter Aro 10- Lev Onn P1000 1000W"
"241223500","IAC_241223500_Faqueiro Tramontina Inox 24 Peças Obelline","G:\Drives compartilhados\OAK-WORKSPACE\01 - JOBS\03 - IA E-COMMERCE\EM_ANDAMENTO\2026-08-AGOSTO\IAC_241223500_Faqueiro Tramontina Inox 24 Peças Obelline"
"241223200","IAC_241223200_Faqueiro Tramontina Inox 24 Peças Obelline","G:\Drives compartilhados\OAK-WORKSPACE\01 - JOBS\03 - IA E-COMMERCE\EM_ANDAMENTO\2026-08-AGOSTO\IAC_241223200_Faqueiro Tramontina Inox 24 Peças Obelline"
"241224300","IAC_241224300_Jogo de Panelas Tramontina Antiaderente Starflon Max de Alumínio Preto 10 Peças Linz","G:\Drives compartilhados\OAK-WORKSPACE\01 - JOBS\03 - IA E-COMMERCE\EM_ANDAMENTO\2026-08-AGOSTO\IAC_241224300_Jogo de Panelas Tramontina Antiaderente Starflon Max de Alumínio Preto 10 Peças Linz"
"241222900","IAC_241222900_Conjunto de Frigideiras Tramontina Veronese Linho 2 Peças","G:\Drives compartilhados\OAK-WORKSPACE\01 - JOBS\03 - IA E-COMMERCE\EM_ANDAMENTO\2026-08-AGOSTO\IAC_241222900_Conjunto de Frigideiras Tramontina Veronese Linho 2 Peças"
"241218400","IAC_241218400_Garrafa Térmica de Plástico 1L Tramontina Exata Azul","G:\Drives compartilhados\OAK-WORKSPACE\01 - JOBS\03 - IA E-COMMERCE\EM_ANDAMENTO\2026-08-AGOSTO\IAC_241218400_Garrafa Térmica de Plástico 1L Tramontina Exata Azul"
"241222000","IAC_241222000_Bicicleta Elétrica Scooter Aro 10- Lev Onn P1000 1000W","G:\Drives compartilhados\OAK-WORKSPACE\01 - JOBS\03 - IA E-COMMERCE\EM_ANDAMENTO\2026-08-AGOSTO\IAC_241222000_Bicicleta Elétrica Scooter Aro 10- Lev Onn P1000 1000W"
"241223300","IAC_241223300_Faqueiro Tramontina Inox 24 Peças Obelline","G:\Drives compartilhados\OAK-WORKSPACE\01 - JOBS\03 - IA E-COMMERCE\EM_ANDAMENTO\2026-08-AGOSTO\IAC_241223300_Faqueiro Tramontina Inox 24 Peças Obelline"
"241218900","IAC_241218900_Garrafa Térmica de Plástico 1L Tramontina Exata Azul","G:\Drives compartilhados\OAK-WORKSPACE\01 - JOBS\03 - IA E-COMMERCE\EM_ANDAMENTO\2026-08-AGOSTO\IAC_241218900_Garrafa Térmica de Plástico 1L Tramontina Exata Azul"
"241195100","IAC_241195100_Fervedor Panelux de Alumínio Antiaderente 1,6L 14cm Magnific","G:\Drives compartilhados\OAK-WORKSPACE\01 - JOBS\03 - IA E-COMMERCE\EM_ANDAMENTO\2026-08-AGOSTO\IAC_241195100_Fervedor Panelux de Alumínio Antiaderente 1,6L 14cm Magnific"
"241221800","IAC_241221800_Bicicleta Elétrica Aro 20- Lev Cruiser C 1000W","G:\Drives compartilhados\OAK-WORKSPACE\01 - JOBS\03 - IA E-COMMERCE\EM_ANDAMENTO\2026-08-AGOSTO\IAC_241221800_Bicicleta Elétrica Aro 20- Lev Cruiser C 1000W"
"241277100","IAC_241277100_Colchão King Americanflex de Molas Ensacadas 34x193x203cm Touch Amx","G:\Drives compartilhados\OAK-WORKSPACE\01 - JOBS\03 - IA E-COMMERCE\EM_ANDAMENTO\2026-08-AGOSTO\IAC_241277100_Colchão King Americanflex de Molas Ensacadas 34x193x203cm Touch Amx"
"241181200","IAC_241181200_Rack para TV Ate 65” com Painel Suspenso 2 Portas Caemmun Flor","G:\Drives compartilhados\OAK-WORKSPACE\01 - JOBS\03 - IA E-COMMERCE\EM_ANDAMENTO\2026-08-AGOSTO\IAC_241181200_Rack para TV Ate 65” com Painel Suspenso 2 Portas Caemmun Flor"
"241216600","IAC_241216600_Frigideira Antiaderente Cerâmico Multiflon de Alumínio Indução Capadócia Bege 20cm","G:\Drives compartilhados\OAK-WORKSPACE\01 - JOBS\03 - IA E-COMMERCE\EM_ANDAMENTO\2026-08-AGOSTO\IAC_241216600_Frigideira Antiaderente Cerâmico Multiflon de Alumínio Indução Capadócia Bege 20cm"
"241218500","IAC_241218500_Garrafa Térmica de Plástico 1L Tramontina Exata Vanilla","G:\Drives compartilhados\OAK-WORKSPACE\01 - JOBS\03 - IA E-COMMERCE\EM_ANDAMENTO\2026-08-AGOSTO\IAC_241218500_Garrafa Térmica de Plástico 1L Tramontina Exata Vanilla"
"241218700","IAC_241218700_Escorredor de Louça Tramontina Plurale Grafite e Inox 9 Pratos com Porta Talheres","G:\Drives compartilhados\OAK-WORKSPACE\01 - JOBS\03 - IA E-COMMERCE\EM_ANDAMENTO\2026-08-AGOSTO\IAC_241218700_Escorredor de Louça Tramontina Plurale Grafite e Inox 9 Pratos com Porta Talheres"
"241206500","IAC_241206500_Geladeira-Refrigerador Esmaltec Cycle Defrost Duplex Branco 277L RCD34 PRO","G:\Drives compartilhados\OAK-WORKSPACE\01 - JOBS\03 - IA E-COMMERCE\EM_ANDAMENTO\2026-08-AGOSTO\IAC_241206500_Geladeira-Refrigerador Esmaltec Cycle Defrost Duplex Branco 277L RCD34 PRO"
"241222100","IAC_241222100_Bicicleta Elétrica Scooter Aro 10- Lev Onn P500 500W","G:\Drives compartilhados\OAK-WORKSPACE\01 - JOBS\03 - IA E-COMMERCE\EM_ANDAMENTO\2026-08-AGOSTO\IAC_241222100_Bicicleta Elétrica Scooter Aro 10- Lev Onn P500 500W"
"241279000","IAC_241279000_Colchão Queen Padrão Americanflex de Espuma 24x158x198cm Clinoflex Bambu","G:\Drives compartilhados\OAK-WORKSPACE\01 - JOBS\03 - IA E-COMMERCE\EM_ANDAMENTO\2026-08-AGOSTO\IAC_241279000_Colchão Queen Padrão Americanflex de Espuma 24x158x198cm Clinoflex Bambu"
"241278700","IAC_241278700_Colchão Solteiro Padrão Americanflex de Espuma 24x88x188cm Clinoflex Bambu","G:\Drives compartilhados\OAK-WORKSPACE\01 - JOBS\03 - IA E-COMMERCE\EM_ANDAMENTO\2026-08-AGOSTO\IAC_241278700_Colchão Solteiro Padrão Americanflex de Espuma 24x88x188cm Clinoflex Bambu"
"241278300","IAC_241278300_Colchão Solteiro Americanflex de Molas Ensacadas D28 27x88x188cm Gold Gel","G:\Drives compartilhados\OAK-WORKSPACE\01 - JOBS\03 - IA E-COMMERCE\EM_ANDAMENTO\2026-08-AGOSTO\IAC_241278300_Colchão Solteiro Americanflex de Molas Ensacadas D28 27x88x188cm Gold Gel"
"241281000","IAC_241281000_Colchão Casal Americanflex de Molas Ensacadas D28 30x138x188cm Lumi Amx","G:\Drives compartilhados\OAK-WORKSPACE\01 - JOBS\03 - IA E-COMMERCE\EM_ANDAMENTO\2026-08-AGOSTO\IAC_241281000_Colchão Casal Americanflex de Molas Ensacadas D28 30x138x188cm Lumi Amx"
"241280100","IAC_241280100_Base Cama Box Casal Americanflex Bipartida 25x138x188cm Lisse","G:\Drives compartilhados\OAK-WORKSPACE\01 - JOBS\03 - IA E-COMMERCE\EM_ANDAMENTO\2026-08-AGOSTO\IAC_241280100_Base Cama Box Casal Americanflex Bipartida 25x138x188cm Lisse"
"241288200","IAC_241288200_Jogo de Potes de Plástico Hermético Electrolux Retangular Experience 3 Unidades","G:\Drives compartilhados\OAK-WORKSPACE\01 - JOBS\03 - IA E-COMMERCE\EM_ANDAMENTO\2026-08-AGOSTO\IAC_241288200_Jogo de Potes de Plástico Hermético Electrolux Retangular Experience 3 Unidades"
"241287400","IAC_241287400_Jogo de Potes de Plástico Hermético Electrolux Retangular Experience 3 Peças","G:\Drives compartilhados\OAK-WORKSPACE\01 - JOBS\03 - IA E-COMMERCE\EM_ANDAMENTO\2026-08-AGOSTO\IAC_241287400_Jogo de Potes de Plástico Hermético Electrolux Retangular Experience 3 Peças"
"241281200","IAC_241281200_Colchão Queen Americanflex de Molas Ensacadas 34x158x198cm Touch Amx","G:\Drives compartilhados\OAK-WORKSPACE\01 - JOBS\03 - IA E-COMMERCE\EM_ANDAMENTO\2026-08-AGOSTO\IAC_241281200_Colchão Queen Americanflex de Molas Ensacadas 34x158x198cm Touch Amx"
"241282900","IAC_241282900_Prato para Bolo de Cerâmica Oxford Redondo Flat Duna","G:\Drives compartilhados\OAK-WORKSPACE\01 - JOBS\03 - IA E-COMMERCE\EM_ANDAMENTO\2026-08-AGOSTO\IAC_241282900_Prato para Bolo de Cerâmica Oxford Redondo Flat Duna"
"241279400","IAC_241279400_Colchão King Americanflex de Molas Ensacadas 40x193x203cm Diamante","G:\Drives compartilhados\OAK-WORKSPACE\01 - JOBS\03 - IA E-COMMERCE\EM_ANDAMENTO\2026-08-AGOSTO\IAC_241279400_Colchão King Americanflex de Molas Ensacadas 40x193x203cm Diamante"
"241279300","IAC_241279300_Colchão Casal Americanflex de Molas Ensacadas 40x138x188cm Diamante","G:\Drives compartilhados\OAK-WORKSPACE\01 - JOBS\03 - IA E-COMMERCE\EM_ANDAMENTO\2026-08-AGOSTO\IAC_241279300_Colchão Casal Americanflex de Molas Ensacadas 40x138x188cm Diamante"
"241279100","IAC_241279100_Colchão King Padrão Americanflex de Espuma 24x193x203cm Clinoflex Bambu","G:\Drives compartilhados\OAK-WORKSPACE\01 - JOBS\03 - IA E-COMMERCE\EM_ANDAMENTO\2026-08-AGOSTO\IAC_241279100_Colchão King Padrão Americanflex de Espuma 24x193x203cm Clinoflex Bambu"
"241280000","IAC_241280000_Colchão Queen Americanflex de Molas Ensacadas D28 27x158x198cm Gold Gel","G:\Drives compartilhados\OAK-WORKSPACE\01 - JOBS\03 - IA E-COMMERCE\EM_ANDAMENTO\2026-08-AGOSTO\IAC_241280000_Colchão Queen Americanflex de Molas Ensacadas D28 27x158x198cm Gold Gel"
"241180500","IAC_241180500_Armário de Cozinha Compacta Itatiaia Napoles Com Nicho Forno e Air Fryer 6 Portas 2 Gavetas 1,60M","G:\Drives compartilhados\OAK-WORKSPACE\01 - JOBS\03 - IA E-COMMERCE\EM_ANDAMENTO\2026-08-AGOSTO\IAC_241180500_Armário de Cozinha Compacta Itatiaia Napoles Com Nicho Forno e Air Fryer 6 Portas 2 Gavetas 1,60M"
"241180300","IAC_241180300_Armário de Cozinha Compacta Itatiaia Napoles Com Nicho Forno e Air Fryer 8 Portas 3 Gavetas 2,20M","G:\Drives compartilhados\OAK-WORKSPACE\01 - JOBS\03 - IA E-COMMERCE\EM_ANDAMENTO\2026-08-AGOSTO\IAC_241180300_Armário de Cozinha Compacta Itatiaia Napoles Com Nicho Forno e Air Fryer 8 Portas 3 Gavetas 2,20M"
"241180800","IAC_241180800_Armário de Cozinha Compacta Itatiaia Dunas Com Nicho 5 Portas 1 Gaveta 1,20M","G:\Drives compartilhados\OAK-WORKSPACE\01 - JOBS\03 - IA E-COMMERCE\EM_ANDAMENTO\2026-08-AGOSTO\IAC_241180800_Armário de Cozinha Compacta Itatiaia Dunas Com Nicho 5 Portas 1 Gaveta 1,20M"
"241105000","IAC_241105000_Jogo de Taças de Cristal para Vinho 480ml 6 Peças Wolff Crex","G:\Drives compartilhados\OAK-WORKSPACE\01 - JOBS\03 - IA E-COMMERCE\EM_ANDAMENTO\2026-08-AGOSTO\IAC_241105000_Jogo de Taças de Cristal para Vinho 480ml 6 Peças Wolff Crex"
"241144100","IAC_241144100_Serra Tico Tico Elétrica Wap STT02 800W 3000GPM 4 Peças","G:\Drives compartilhados\OAK-WORKSPACE\01 - JOBS\03 - IA E-COMMERCE\EM_ANDAMENTO\2026-08-AGOSTO\IAC_241144100_Serra Tico Tico Elétrica Wap STT02 800W 3000GPM 4 Peças"
"241087700","IAC_241087700_Controle PS5 e para PC sem Fio DualSense Sony Azul Claro","G:\Drives compartilhados\OAK-WORKSPACE\01 - JOBS\03 - IA E-COMMERCE\EM_ANDAMENTO\2026-08-AGOSTO\IAC_241087700_Controle PS5 e para PC sem Fio DualSense Sony Azul Claro"
"241104900","IAC_241104900_Conjunto de Utensílios de Bambu Electrolux 6 Peças","G:\Drives compartilhados\OAK-WORKSPACE\01 - JOBS\03 - IA E-COMMERCE\EM_ANDAMENTO\2026-08-AGOSTO\IAC_241104900_Conjunto de Utensílios de Bambu Electrolux 6 Peças"
"241277600","IAC_241277600_Colchão Queen Americanflex de Molas Ensacadas 40x158x198cm Diamante","G:\Drives compartilhados\OAK-WORKSPACE\01 - JOBS\03 - IA E-COMMERCE\EM_ANDAMENTO\2026-08-AGOSTO\IAC_241277600_Colchão Queen Americanflex de Molas Ensacadas 40x158x198cm Diamante"
"241195300","IAC_241195300_Panela de Pressão Panelux 12L Prata Classic Pro","G:\Drives compartilhados\OAK-WORKSPACE\01 - JOBS\03 - IA E-COMMERCE\EM_ANDAMENTO\2026-08-AGOSTO\IAC_241195300_Panela de Pressão Panelux 12L Prata Classic Pro"
"241181000","IAC_241181000_Armário de Cozinha Compacta Itatiaia Napoles Com Nicho Forno e Air Fryer 6 Portas 2 Gavetas 1,60M","G:\Drives compartilhados\OAK-WORKSPACE\01 - JOBS\03 - IA E-COMMERCE\EM_ANDAMENTO\2026-08-AGOSTO\IAC_241181000_Armário de Cozinha Compacta Itatiaia Napoles Com Nicho Forno e Air Fryer 6 Portas 2 Gavetas 1,60M"
"241221600","IAC_241221600_Bicicleta Elétrica Scooter Aro 10- Lev Onn P500 500W","G:\Drives compartilhados\OAK-WORKSPACE\01 - JOBS\03 - IA E-COMMERCE\EM_ANDAMENTO\2026-08-AGOSTO\IAC_241221600_Bicicleta Elétrica Scooter Aro 10- Lev Onn P500 500W"
"241218800","IAC_241218800_Jogo de Panelas Tramontina Inox 6 Peças Solar","G:\Drives compartilhados\OAK-WORKSPACE\01 - JOBS\03 - IA E-COMMERCE\EM_ANDAMENTO\2026-08-AGOSTO\IAC_241218800_Jogo de Panelas Tramontina Inox 6 Peças Solar"
"241224600","IAC_241224600_Panela Wok Tramontina Com Tampa Alumínio Antiaderente Starflon Max Loreto Grafite 28cm","G:\Drives compartilhados\OAK-WORKSPACE\01 - JOBS\03 - IA E-COMMERCE\EM_ANDAMENTO\2026-08-AGOSTO\IAC_241224600_Panela Wok Tramontina Com Tampa Alumínio Antiaderente Starflon Max Loreto Grafite 28cm"
"241223600","IAC_241223600_Frigideira Antiaderente Starflon Max Tramontina Alumínio Loreto Grafite 28cm","G:\Drives compartilhados\OAK-WORKSPACE\01 - JOBS\03 - IA E-COMMERCE\EM_ANDAMENTO\2026-08-AGOSTO\IAC_241223600_Frigideira Antiaderente Starflon Max Tramontina Alumínio Loreto Grafite 28cm"
"241195200","IAC_241195200_Panela Wok Panelux de Alumínio Antiaderente Magnific Grafite 24cm","G:\Drives compartilhados\OAK-WORKSPACE\01 - JOBS\03 - IA E-COMMERCE\EM_ANDAMENTO\2026-08-AGOSTO\IAC_241195200_Panela Wok Panelux de Alumínio Antiaderente Magnific Grafite 24cm"
"241223900","IAC_241223900_Conjunto de Frigideiras Tramontina Veronese Argila 2 Peças","G:\Drives compartilhados\OAK-WORKSPACE\01 - JOBS\03 - IA E-COMMERCE\EM_ANDAMENTO\2026-08-AGOSTO\IAC_241223900_Conjunto de Frigideiras Tramontina Veronese Argila 2 Peças"
"241223100","IAC_241223100_Panela Wok Tramontina Alumínio Antiaderente Starflon Max Loreto Grafite 24cm","G:\Drives compartilhados\OAK-WORKSPACE\01 - JOBS\03 - IA E-COMMERCE\EM_ANDAMENTO\2026-08-AGOSTO\IAC_241223100_Panela Wok Tramontina Alumínio Antiaderente Starflon Max Loreto Grafite 24cm"
"241181100","IAC_241181100_Armário de Cozinha Compacta Itatiaia Napoles Com Nicho Forno e Air Fryer 8 Portas 3 Gavetas 2,20M","G:\Drives compartilhados\OAK-WORKSPACE\01 - JOBS\03 - IA E-COMMERCE\EM_ANDAMENTO\2026-08-AGOSTO\IAC_241181100_Armário de Cozinha Compacta Itatiaia Napoles Com Nicho Forno e Air Fryer 8 Portas 3 Gavetas 2,20M"
"241224000","IAC_241224000_Faqueiro Tramontina Inox 24 Peças Obelline","G:\Drives compartilhados\OAK-WORKSPACE\01 - JOBS\03 - IA E-COMMERCE\EM_ANDAMENTO\2026-08-AGOSTO\IAC_241224000_Faqueiro Tramontina Inox 24 Peças Obelline"
"241223800","IAC_241223800_Faqueiro Tramontina Inox 42 Peças Obelline","G:\Drives compartilhados\OAK-WORKSPACE\01 - JOBS\03 - IA E-COMMERCE\EM_ANDAMENTO\2026-08-AGOSTO\IAC_241223800_Faqueiro Tramontina Inox 42 Peças Obelline"
"241214000","IAC_241214000_Frigideira Antiaderente Multiflon de Alumínio com Tampa Indução Petra+ Grafite 28cm","G:\Drives compartilhados\OAK-WORKSPACE\01 - JOBS\03 - IA E-COMMERCE\EM_ANDAMENTO\2026-08-AGOSTO\IAC_241214000_Frigideira Antiaderente Multiflon de Alumínio com Tampa Indução Petra+ Grafite 28cm"
"241218600","IAC_241218600_Porta-tempero Inox e Vidro 6 Peças Tramontina Realce com Suporte","G:\Drives compartilhados\OAK-WORKSPACE\01 - JOBS\03 - IA E-COMMERCE\EM_ANDAMENTO\2026-08-AGOSTO\IAC_241218600_Porta-tempero Inox e Vidro 6 Peças Tramontina Realce com Suporte"
"241278900","IAC_241278900_Colchão Viúva Americanflex de Espuma D33 24x128x188cm Clinoflex Bambu","G:\Drives compartilhados\OAK-WORKSPACE\01 - JOBS\03 - IA E-COMMERCE\EM_ANDAMENTO\2026-08-AGOSTO\IAC_241278900_Colchão Viúva Americanflex de Espuma D33 24x128x188cm Clinoflex Bambu"
"241221700","IAC_241221700_Bicicleta Elétrica Scooter Aro 10- Lev Onn P500 500W","G:\Drives compartilhados\OAK-WORKSPACE\01 - JOBS\03 - IA E-COMMERCE\EM_ANDAMENTO\2026-08-AGOSTO\IAC_241221700_Bicicleta Elétrica Scooter Aro 10- Lev Onn P500 500W"
"241180900","IAC_241180900_Armário de Cozinha Compacta Itatiaia Dunas Com Nicho 5 Portas 1 Gaveta 1,40M","G:\Drives compartilhados\OAK-WORKSPACE\01 - JOBS\03 - IA E-COMMERCE\EM_ANDAMENTO\2026-08-AGOSTO\IAC_241180900_Armário de Cozinha Compacta Itatiaia Dunas Com Nicho 5 Portas 1 Gaveta 1,40M"
"241174100","IAC_241174100_Kit de Mouse e Teclado Acer OCC300 Gen 2 Preto","G:\Drives compartilhados\OAK-WORKSPACE\01 - JOBS\03 - IA E-COMMERCE\EM_ANDAMENTO\2026-08-AGOSTO\IAC_241174100_Kit de Mouse e Teclado Acer OCC300 Gen 2 Preto"
"241180400","IAC_241180400_Armário de Cozinha Compacta Itatiaia Dunas Com Nicho 5 Portas 1 Gaveta 1,40M","G:\Drives compartilhados\OAK-WORKSPACE\01 - JOBS\03 - IA E-COMMERCE\EM_ANDAMENTO\2026-08-AGOSTO\IAC_241180400_Armário de Cozinha Compacta Itatiaia Dunas Com Nicho 5 Portas 1 Gaveta 1,40M"
"241180100","IAC_241180100_Armário de Cozinha Compacta Itatiaia Dunas Com Nicho 5 Portas 1 Gaveta 1,20M","G:\Drives compartilhados\OAK-WORKSPACE\01 - JOBS\03 - IA E-COMMERCE\EM_ANDAMENTO\2026-08-AGOSTO\IAC_241180100_Armário de Cozinha Compacta Itatiaia Dunas Com Nicho 5 Portas 1 Gaveta 1,20M"
"241128800","IAC_241128800_Controle para Xbox sem Fio EP2-40577 Microsoft Velocity Green","G:\Drives compartilhados\OAK-WORKSPACE\01 - JOBS\03 - IA E-COMMERCE\EM_ANDAMENTO\2026-08-AGOSTO\IAC_241128800_Controle para Xbox sem Fio EP2-40577 Microsoft Velocity Green"
"241180200","IAC_241180200_Armário de Cozinha Compacta Itatiaia Dunas Com Nicho 7 Portas 1 Gaveta 1,80M","G:\Drives compartilhados\OAK-WORKSPACE\01 - JOBS\03 - IA E-COMMERCE\EM_ANDAMENTO\2026-08-AGOSTO\IAC_241180200_Armário de Cozinha Compacta Itatiaia Dunas Com Nicho 7 Portas 1 Gaveta 1,80M"
"241150600","IAC_241150600_Balcão de Cozinha com tampo Aramóveis 3 Portas 2 Gavetas Prime","G:\Drives compartilhados\OAK-WORKSPACE\01 - JOBS\03 - IA E-COMMERCE\EM_ANDAMENTO\2026-08-AGOSTO\IAC_241150600_Balcão de Cozinha com tampo Aramóveis 3 Portas 2 Gavetas Prime"
"241086900","IAC_241086900_Headset Gamer Sony PlayStation Pulse Elite Sem fio para PS5 USB e P2 Branco","G:\Drives compartilhados\OAK-WORKSPACE\01 - JOBS\03 - IA E-COMMERCE\EM_ANDAMENTO\2026-08-AGOSTO\IAC_241086900_Headset Gamer Sony PlayStation Pulse Elite Sem fio para PS5 USB e P2 Branco"
"241087400","IAC_241087400_Controle PS5 e para PC sem Fio DualSense Sony Roxo Galático","G:\Drives compartilhados\OAK-WORKSPACE\01 - JOBS\03 - IA E-COMMERCE\EM_ANDAMENTO\2026-08-AGOSTO\IAC_241087400_Controle PS5 e para PC sem Fio DualSense Sony Roxo Galático"
"241087100","IAC_241087100_Controle sem Fio DualSense PS5 Sony PlayStation Branco","G:\Drives compartilhados\OAK-WORKSPACE\01 - JOBS\03 - IA E-COMMERCE\EM_ANDAMENTO\2026-08-AGOSTO\IAC_241087100_Controle sem Fio DualSense PS5 Sony PlayStation Branco"
"241078400","IAC_241078400_Caixa de Som Vivensis VibeSound V3 Go Bluetooth Portátil 50W RMS","G:\Drives compartilhados\OAK-WORKSPACE\01 - JOBS\03 - IA E-COMMERCE\EM_ANDAMENTO\2026-08-AGOSTO\IAC_241078400_Caixa de Som Vivensis VibeSound V3 Go Bluetooth Portátil 50W RMS"
"241006200","IAC_241006200_LEGO Spidey Navio Pirata e Equipe Spidey 11208","G:\Drives compartilhados\OAK-WORKSPACE\01 - JOBS\03 - IA E-COMMERCE\EM_ANDAMENTO\2026-08-AGOSTO\IAC_241006200_LEGO Spidey Navio Pirata e Equipe Spidey 11208"
"241071900","IAC_241071900_Carrinho de Bebê com Bebê Conforto Premium Baby Florence até 15kg","G:\Drives compartilhados\OAK-WORKSPACE\01 - JOBS\03 - IA E-COMMERCE\EM_ANDAMENTO\2026-08-AGOSTO\IAC_241071900_Carrinho de Bebê com Bebê Conforto Premium Baby Florence até 15kg"
"241007900","IAC_241007900_LEGO Harry Potter A Pedra Filosofal 76466","G:\Drives compartilhados\OAK-WORKSPACE\01 - JOBS\03 - IA E-COMMERCE\EM_ANDAMENTO\2026-08-AGOSTO\IAC_241007900_LEGO Harry Potter A Pedra Filosofal 76466"
"241007200","IAC_241007200_LEGO Extended Line Piu-Piu Cupido 40824","G:\Drives compartilhados\OAK-WORKSPACE\01 - JOBS\03 - IA E-COMMERCE\EM_ANDAMENTO\2026-08-AGOSTO\IAC_241007200_LEGO Extended Line Piu-Piu Cupido 40824"
"241005400","IAC_241005400_LEGO Technic Jeep Wrangler Rubicon SUV 42227","G:\Drives compartilhados\OAK-WORKSPACE\01 - JOBS\03 - IA E-COMMERCE\EM_ANDAMENTO\2026-08-AGOSTO\IAC_241005400_LEGO Technic Jeep Wrangler Rubicon SUV 42227"
"241007600","IAC_241007600_LEGO Speed Champions Carro de Corrida F1 Academy","G:\Drives compartilhados\OAK-WORKSPACE\01 - JOBS\03 - IA E-COMMERCE\EM_ANDAMENTO\2026-08-AGOSTO\IAC_241007600_LEGO Speed Champions Carro de Corrida F1 Academy"
"241061400","IAC_241061400_Cooktop 5 Bocas a Gás GLP Itatiaia Tripla Chama Preto Electra Plus","G:\Drives compartilhados\OAK-WORKSPACE\01 - JOBS\03 - IA E-COMMERCE\EM_ANDAMENTO\2026-08-AGOSTO\IAC_241061400_Cooktop 5 Bocas a Gás GLP Itatiaia Tripla Chama Preto Electra Plus"
"241088900","IAC_241088900_Smartphone Jovi V70 512GB 5G 8GB RAM Lilás 6,83- Cam. Dupla + Selfie 32MP","G:\Drives compartilhados\OAK-WORKSPACE\01 - JOBS\03 - IA E-COMMERCE\EM_ANDAMENTO\2026-08-AGOSTO\IAC_241088900_Smartphone Jovi V70 512GB 5G 8GB RAM Lilás 6,83- Cam. Dupla + Selfie 32MP"
"241087300","IAC_241087300_Controle sem Fio DualSense Midnight Black PS5 Sony PlayStation","G:\Drives compartilhados\OAK-WORKSPACE\01 - JOBS\03 - IA E-COMMERCE\EM_ANDAMENTO\2026-08-AGOSTO\IAC_241087300_Controle sem Fio DualSense Midnight Black PS5 Sony PlayStation"
"241150500","IAC_241150500_Balcão de Cozinha Modulado Aramóveis 3 Portas 2 Gavetas Prime","G:\Drives compartilhados\OAK-WORKSPACE\01 - JOBS\03 - IA E-COMMERCE\EM_ANDAMENTO\2026-08-AGOSTO\IAC_241150500_Balcão de Cozinha Modulado Aramóveis 3 Portas 2 Gavetas Prime"
"241128900","IAC_241128900_Controle para Xbox sem Fio EP2-40578 Microsoft Pulse Red","G:\Drives compartilhados\OAK-WORKSPACE\01 - JOBS\03 - IA E-COMMERCE\EM_ANDAMENTO\2026-08-AGOSTO\IAC_241128900_Controle para Xbox sem Fio EP2-40578 Microsoft Pulse Red"
"241087600","IAC_241087600_Controle para PS5 sem Fio DualSense PlayStation Chroma Teal Verde","G:\Drives compartilhados\OAK-WORKSPACE\01 - JOBS\03 - IA E-COMMERCE\EM_ANDAMENTO\2026-08-AGOSTO\IAC_241087600_Controle para PS5 sem Fio DualSense PlayStation Chroma Teal Verde"
"241129300","IAC_241129300_Controle para Xbox sem Fio EP2-40576 Microsoft Deep Pink","G:\Drives compartilhados\OAK-WORKSPACE\01 - JOBS\03 - IA E-COMMERCE\EM_ANDAMENTO\2026-08-AGOSTO\IAC_241129300_Controle para Xbox sem Fio EP2-40576 Microsoft Deep Pink"
"241107500","IAC_241107500_Fechadura Digital ELG Signature Pro SHFP703 com Senha e Biométrica de Embutir Wi-Fi","G:\Drives compartilhados\OAK-WORKSPACE\01 - JOBS\03 - IA E-COMMERCE\EM_ANDAMENTO\2026-08-AGOSTO\IAC_241107500_Fechadura Digital ELG Signature Pro SHFP703 com Senha e Biométrica de Embutir Wi-Fi"
"241088500","IAC_241088500_Smartphone Jovi V70 512GB 5G 8GB RAM Azul Safira 6,83- Cam. Dupla + Selfie 32MP","G:\Drives compartilhados\OAK-WORKSPACE\01 - JOBS\03 - IA E-COMMERCE\EM_ANDAMENTO\2026-08-AGOSTO\IAC_241088500_Smartphone Jovi V70 512GB 5G 8GB RAM Azul Safira 6,83- Cam. Dupla + Selfie 32MP"
"241102400","IAC_241102400_Sofá 3 Lugares Retrátil Reclinável Veludo Berlim SMP","G:\Drives compartilhados\OAK-WORKSPACE\01 - JOBS\03 - IA E-COMMERCE\EM_ANDAMENTO\2026-08-AGOSTO\IAC_241102400_Sofá 3 Lugares Retrátil Reclinável Veludo Berlim SMP"
"241129000","IAC_241129000_Controle para Xbox sem Fio EP2-40579 Microsoft Shock Blue","G:\Drives compartilhados\OAK-WORKSPACE\01 - JOBS\03 - IA E-COMMERCE\EM_ANDAMENTO\2026-08-AGOSTO\IAC_241129000_Controle para Xbox sem Fio EP2-40579 Microsoft Shock Blue"
"241128600","IAC_241128600_Controle para Xbox e PC sem Fio EP2-40581 Microsoft Carbon Black","G:\Drives compartilhados\OAK-WORKSPACE\01 - JOBS\03 - IA E-COMMERCE\EM_ANDAMENTO\2026-08-AGOSTO\IAC_241128600_Controle para Xbox e PC sem Fio EP2-40581 Microsoft Carbon Black"
"241101100","IAC_241101100_Ferro de Passar Roupa a Vapor Arno Ultragliss Protect FUP1 Turquesa 1830009392","G:\Drives compartilhados\OAK-WORKSPACE\01 - JOBS\03 - IA E-COMMERCE\EM_ANDAMENTO\2026-08-AGOSTO\IAC_241101100_Ferro de Passar Roupa a Vapor Arno Ultragliss Protect FUP1 Turquesa 1830009392"
"241102000","IAC_241102000_Conjunto de Sofás 2 e 3 Lugares Viena Plus SMP","G:\Drives compartilhados\OAK-WORKSPACE\01 - JOBS\03 - IA E-COMMERCE\EM_ANDAMENTO\2026-08-AGOSTO\IAC_241102000_Conjunto de Sofás 2 e 3 Lugares Viena Plus SMP"
"241072800","IAC_241072800_Banheira de Bebê com Suporte Dobrável Premium Baby Bubbly Cinza 35L","G:\Drives compartilhados\OAK-WORKSPACE\01 - JOBS\03 - IA E-COMMERCE\EM_ANDAMENTO\2026-08-AGOSTO\IAC_241072800_Banheira de Bebê com Suporte Dobrável Premium Baby Bubbly Cinza 35L"
"241087200","IAC_241087200_Controle PS5 e para PC sem Fio DualSense Sony Camuflado Cinza","G:\Drives compartilhados\OAK-WORKSPACE\01 - JOBS\03 - IA E-COMMERCE\EM_ANDAMENTO\2026-08-AGOSTO\IAC_241087200_Controle PS5 e para PC sem Fio DualSense Sony Camuflado Cinza"
"241072900","IAC_241072900_Banheira de Bebê com Suporte Dobrável Premium Baby Bubbly Rosa 35L","G:\Drives compartilhados\OAK-WORKSPACE\01 - JOBS\03 - IA E-COMMERCE\EM_ANDAMENTO\2026-08-AGOSTO\IAC_241072900_Banheira de Bebê com Suporte Dobrável Premium Baby Bubbly Rosa 35L"
"241180600","IAC_241180600_Armário de Cozinha Compacta Itatiaia Dunas Com Nicho 7 Portas 1 Gaveta 1,80M","G:\Drives compartilhados\OAK-WORKSPACE\01 - JOBS\03 - IA E-COMMERCE\EM_ANDAMENTO\2026-08-AGOSTO\IAC_241180600_Armário de Cozinha Compacta Itatiaia Dunas Com Nicho 7 Portas 1 Gaveta 1,80M"
"241004900","IAC_241004900_LEGO DC- O Batman Batmóvel 76332 330 Peças","G:\Drives compartilhados\OAK-WORKSPACE\01 - JOBS\03 - IA E-COMMERCE\EM_ANDAMENTO\2026-08-AGOSTO\IAC_241004900_LEGO DC- O Batman Batmóvel 76332 330 Peças"
"241000700","IAC_241000700_LEGO Friends Casa de Família da Liann 42687","G:\Drives compartilhados\OAK-WORKSPACE\01 - JOBS\03 - IA E-COMMERCE\EM_ANDAMENTO\2026-08-AGOSTO\IAC_241000700_LEGO Friends Casa de Família da Liann 42687"
"241001500","IAC_241001500_LEGO Friends Clínica Veterinária 42696 141 Peças","G:\Drives compartilhados\OAK-WORKSPACE\01 - JOBS\03 - IA E-COMMERCE\EM_ANDAMENTO\2026-08-AGOSTO\IAC_241001500_LEGO Friends Clínica Veterinária 42696 141 Peças"
"241001600","IAC_241001600_LEGO Ninjago Dragons Rising O Dragão da Vida","G:\Drives compartilhados\OAK-WORKSPACE\01 - JOBS\03 - IA E-COMMERCE\EM_ANDAMENTO\2026-08-AGOSTO\IAC_241001600_LEGO Ninjago Dragons Rising O Dragão da Vida"
"241000800","IAC_241000800_LEGO Ninjago Nya vs. Monstro Mutante 71849","G:\Drives compartilhados\OAK-WORKSPACE\01 - JOBS\03 - IA E-COMMERCE\EM_ANDAMENTO\2026-08-AGOSTO\IAC_241000800_LEGO Ninjago Nya vs. Monstro Mutante 71849"
"241003300","IAC_241003300_LEGO Minecraft Mini Biomas 21589 797 Peças","G:\Drives compartilhados\OAK-WORKSPACE\01 - JOBS\03 - IA E-COMMERCE\EM_ANDAMENTO\2026-08-AGOSTO\IAC_241003300_LEGO Minecraft Mini Biomas 21589 797 Peças"
"241004700","IAC_241004700_LEGO Technic Porsche 911 GT3 R Rexy AO Racing","G:\Drives compartilhados\OAK-WORKSPACE\01 - JOBS\03 - IA E-COMMERCE\EM_ANDAMENTO\2026-08-AGOSTO\IAC_241004700_LEGO Technic Porsche 911 GT3 R Rexy AO Racing"
"241000500","IAC_241000500_LEGO Minecraft Masmorra dos Zumbis 21587","G:\Drives compartilhados\OAK-WORKSPACE\01 - JOBS\03 - IA E-COMMERCE\EM_ANDAMENTO\2026-08-AGOSTO\IAC_241000500_LEGO Minecraft Masmorra dos Zumbis 21587"
"241000200","IAC_241000200_LEGO City Aeroporto com Avião 60502 887 Peças","G:\Drives compartilhados\OAK-WORKSPACE\01 - JOBS\03 - IA E-COMMERCE\EM_ANDAMENTO\2026-08-AGOSTO\IAC_241000200_LEGO City Aeroporto com Avião 60502 887 Peças"
"241004400","IAC_241004400_LEGO Speed Champions Bugatti Vision Gran Turismo","G:\Drives compartilhados\OAK-WORKSPACE\01 - JOBS\03 - IA E-COMMERCE\EM_ANDAMENTO\2026-08-AGOSTO\IAC_241004400_LEGO Speed Champions Bugatti Vision Gran Turismo"
"241004500","IAC_241004500_LEGO Star Wars Droide Astromecânico BB-8","G:\Drives compartilhados\OAK-WORKSPACE\01 - JOBS\03 - IA E-COMMERCE\EM_ANDAMENTO\2026-08-AGOSTO\IAC_241004500_LEGO Star Wars Droide Astromecânico BB-8"
"241001300","IAC_241001300_LEGO Ninjago Dragons Rising Carro Transformador","G:\Drives compartilhados\OAK-WORKSPACE\01 - JOBS\03 - IA E-COMMERCE\EM_ANDAMENTO\2026-08-AGOSTO\IAC_241001300_LEGO Ninjago Dragons Rising Carro Transformador"
"241006600","IAC_241006600_LEGO Technic Carro BMW M4 GT3 EVO 42226","G:\Drives compartilhados\OAK-WORKSPACE\01 - JOBS\03 - IA E-COMMERCE\EM_ANDAMENTO\2026-08-AGOSTO\IAC_241006600_LEGO Technic Carro BMW M4 GT3 EVO 42226"
"241006000","IAC_241006000_LEGO Speed Champions Relâmpago McQueen","G:\Drives compartilhados\OAK-WORKSPACE\01 - JOBS\03 - IA E-COMMERCE\EM_ANDAMENTO\2026-08-AGOSTO\IAC_241006000_LEGO Speed Champions Relâmpago McQueen"
"241007500","IAC_241007500_LEGO Sonic The Hedgehog Silver vs. Monster Truck","G:\Drives compartilhados\OAK-WORKSPACE\01 - JOBS\03 - IA E-COMMERCE\EM_ANDAMENTO\2026-08-AGOSTO\IAC_241007500_LEGO Sonic The Hedgehog Silver vs. Monster Truck"
"241005100","IAC_241005100_LEGO Spidey Veículos Subaquáticos 11207 154 Peças","G:\Drives compartilhados\OAK-WORKSPACE\01 - JOBS\03 - IA E-COMMERCE\EM_ANDAMENTO\2026-08-AGOSTO\IAC_241005100_LEGO Spidey Veículos Subaquáticos 11207 154 Peças"
"241064600","IAC_241064600_Barbeador Elétrico Philips Série 3000 S3882-00 Seco e Molhado","G:\Drives compartilhados\OAK-WORKSPACE\01 - JOBS\03 - IA E-COMMERCE\EM_ANDAMENTO\2026-08-AGOSTO\IAC_241064600_Barbeador Elétrico Philips Série 3000 S3882-00 Seco e Molhado"
"241007800","IAC_241007800_LEGO City Assalto ao Trem da Polícia 60508","G:\Drives compartilhados\OAK-WORKSPACE\01 - JOBS\03 - IA E-COMMERCE\EM_ANDAMENTO\2026-08-AGOSTO\IAC_241007800_LEGO City Assalto ao Trem da Polícia 60508"
"241070400","IAC_241070400_Projetor Portátil Smart Epson Full HD EF-30 Som Dolby Audio Google TV Wi-Fi Cinza Titanium","G:\Drives compartilhados\OAK-WORKSPACE\01 - JOBS\03 - IA E-COMMERCE\EM_ANDAMENTO\2026-08-AGOSTO\IAC_241070400_Projetor Portátil Smart Epson Full HD EF-30 Som Dolby Audio Google TV Wi-Fi Cinza Titanium"
"241005300","IAC_241005300_LEGO Marvel Carro do Homem-Aranha vs. Wolverine","G:\Drives compartilhados\OAK-WORKSPACE\01 - JOBS\03 - IA E-COMMERCE\EM_ANDAMENTO\2026-08-AGOSTO\IAC_241005300_LEGO Marvel Carro do Homem-Aranha vs. Wolverine"
"240991500","IAC_240991500_Aparelho de Jantar e Chá 20 Peças Alleanza Redondo Cerâmica Faiança Azul Sicília","G:\Drives compartilhados\OAK-WORKSPACE\01 - JOBS\03 - IA E-COMMERCE\EM_ANDAMENTO\2026-08-AGOSTO\IAC_240991500_Aparelho de Jantar e Chá 20 Peças Alleanza Redondo Cerâmica Faiança Azul Sicília"
"240949500","IAC_240949500_Halter Regulável Emborrachado 24kg Go New JL-B002","G:\Drives compartilhados\OAK-WORKSPACE\01 - JOBS\03 - IA E-COMMERCE\EM_ANDAMENTO\2026-08-AGOSTO\IAC_240949500_Halter Regulável Emborrachado 24kg Go New JL-B002"
"240991900","IAC_240991900_Aparelho de Jantar Chá 20 Peças Alleanza Redondo Cerâmica Faiança Branco e Verde Durban","G:\Drives compartilhados\OAK-WORKSPACE\01 - JOBS\03 - IA E-COMMERCE\EM_ANDAMENTO\2026-08-AGOSTO\IAC_240991900_Aparelho de Jantar Chá 20 Peças Alleanza Redondo Cerâmica Faiança Branco e Verde Durban"
"240992700","IAC_240992700_Aparelho de Jantar e Chá 20 Peças Alleanza Redondo Cerâmica Faiança Bege e Preto Mônaco","G:\Drives compartilhados\OAK-WORKSPACE\01 - JOBS\03 - IA E-COMMERCE\EM_ANDAMENTO\2026-08-AGOSTO\IAC_240992700_Aparelho de Jantar e Chá 20 Peças Alleanza Redondo Cerâmica Faiança Bege e Preto Mônaco"
"240960600","IAC_240960600_Fone de Ouvido Bluetooth Bright Max Sound com Microfone Cancelamento de Ruído Esportivo Intra-auricular Branco","G:\Drives compartilhados\OAK-WORKSPACE\01 - JOBS\03 - IA E-COMMERCE\EM_ANDAMENTO\2026-08-AGOSTO\IAC_240960600_Fone de Ouvido Bluetooth Bright Max Sound com Microfone Cancelamento de Ruído Esportivo Intra-auricular Branco"
"240992600","IAC_240992600_Aparelho de Jantar e Chá 20 Peças Alleanza Redondo Cerâmica Faiança Verde e Preto Síria","G:\Drives compartilhados\OAK-WORKSPACE\01 - JOBS\03 - IA E-COMMERCE\EM_ANDAMENTO\2026-08-AGOSTO\IAC_240992600_Aparelho de Jantar e Chá 20 Peças Alleanza Redondo Cerâmica Faiança Verde e Preto Síria"
"240993100","IAC_240993100_Aparelho de Jantar e Chá 30 Peças Alleanza Redondo Cerâmica Faiança Branco e Marrom Heritage","G:\Drives compartilhados\OAK-WORKSPACE\01 - JOBS\03 - IA E-COMMERCE\EM_ANDAMENTO\2026-08-AGOSTO\IAC_240993100_Aparelho de Jantar e Chá 30 Peças Alleanza Redondo Cerâmica Faiança Branco e Marrom Heritage"
"240992300","IAC_240992300_Aparelho de Jantar e Chá 20 Peças Alleanza Cerâmica Redondo Cerâmica Azul e Preto Albânia","G:\Drives compartilhados\OAK-WORKSPACE\01 - JOBS\03 - IA E-COMMERCE\EM_ANDAMENTO\2026-08-AGOSTO\IAC_240992300_Aparelho de Jantar e Chá 20 Peças Alleanza Cerâmica Redondo Cerâmica Azul e Preto Albânia"
"240993600","IAC_240993600_Aparelho de Jantar e Chá 20 Peças Alleanza Redondo Cerâmica Faiança Branco e Dourado Split Gold","G:\Drives compartilhados\OAK-WORKSPACE\01 - JOBS\03 - IA E-COMMERCE\EM_ANDAMENTO\2026-08-AGOSTO\IAC_240993600_Aparelho de Jantar e Chá 20 Peças Alleanza Redondo Cerâmica Faiança Branco e Dourado Split Gold"
"240993300","IAC_240993300_Aparelho de Jantar e Chá 30 Peças Alleanza Redondo Cerâmica Faiança Bege Bege Vanilla","G:\Drives compartilhados\OAK-WORKSPACE\01 - JOBS\03 - IA E-COMMERCE\EM_ANDAMENTO\2026-08-AGOSTO\IAC_240993300_Aparelho de Jantar e Chá 30 Peças Alleanza Redondo Cerâmica Faiança Bege Bege Vanilla"
"241002900","IAC_241002900_LEGO Friends Casa da Praia com Focas 42699","G:\Drives compartilhados\OAK-WORKSPACE\01 - JOBS\03 - IA E-COMMERCE\EM_ANDAMENTO\2026-08-AGOSTO\IAC_241002900_LEGO Friends Casa da Praia com Focas 42699"
"240995700","IAC_240995700_LEGO Botanicals Margaridas 11508 133 Peças","G:\Drives compartilhados\OAK-WORKSPACE\01 - JOBS\03 - IA E-COMMERCE\EM_ANDAMENTO\2026-08-AGOSTO\IAC_240995700_LEGO Botanicals Margaridas 11508 133 Peças"
"240998200","IAC_240998200_LEGO Harry Potter Diabrete da Cornualha 76461","G:\Drives compartilhados\OAK-WORKSPACE\01 - JOBS\03 - IA E-COMMERCE\EM_ANDAMENTO\2026-08-AGOSTO\IAC_240998200_LEGO Harry Potter Diabrete da Cornualha 76461"
"240994700","IAC_240994700_LEGO Disney Adorável Marie Aristogatos 43286","G:\Drives compartilhados\OAK-WORKSPACE\01 - JOBS\03 - IA E-COMMERCE\EM_ANDAMENTO\2026-08-AGOSTO\IAC_240994700_LEGO Disney Adorável Marie Aristogatos 43286"
"240997200","IAC_240997200_LEGO Disney Frozen Mini Anna e Elsa 43284","G:\Drives compartilhados\OAK-WORKSPACE\01 - JOBS\03 - IA E-COMMERCE\EM_ANDAMENTO\2026-08-AGOSTO\IAC_240997200_LEGO Disney Frozen Mini Anna e Elsa 43284"
"241002200","IAC_241002200_LEGO Friends Casa do Clube dos Amigos de Heartlake","G:\Drives compartilhados\OAK-WORKSPACE\01 - JOBS\03 - IA E-COMMERCE\EM_ANDAMENTO\2026-08-AGOSTO\IAC_241002200_LEGO Friends Casa do Clube dos Amigos de Heartlake"
"240999000","IAC_240999000_LEGO Disney Frozen Castelo Elsa Passeio de Neve","G:\Drives compartilhados\OAK-WORKSPACE\01 - JOBS\03 - IA E-COMMERCE\EM_ANDAMENTO\2026-08-AGOSTO\IAC_240999000_LEGO Disney Frozen Castelo Elsa Passeio de Neve"
"240999400","IAC_240999400_LEGO City Limpa-neve 60490 263 Peças","G:\Drives compartilhados\OAK-WORKSPACE\01 - JOBS\03 - IA E-COMMERCE\EM_ANDAMENTO\2026-08-AGOSTO\IAC_240999400_LEGO City Limpa-neve 60490 263 Peças"
"240995200","IAC_240995200_LEGO City Hot Rod 60485 81 Peças","G:\Drives compartilhados\OAK-WORKSPACE\01 - JOBS\03 - IA E-COMMERCE\EM_ANDAMENTO\2026-08-AGOSTO\IAC_240995200_LEGO City Hot Rod 60485 81 Peças"
"240996500","IAC_240996500_LEGO Harry Potter Hogwarts- Ala Hospitalar","G:\Drives compartilhados\OAK-WORKSPACE\01 - JOBS\03 - IA E-COMMERCE\EM_ANDAMENTO\2026-08-AGOSTO\IAC_240996500_LEGO Harry Potter Hogwarts- Ala Hospitalar"
"241002700","IAC_241002700_LEGO Ninjago Dragons Rising Missão de Cole e Zane","G:\Drives compartilhados\OAK-WORKSPACE\01 - JOBS\03 - IA E-COMMERCE\EM_ANDAMENTO\2026-08-AGOSTO\IAC_241002700_LEGO Ninjago Dragons Rising Missão de Cole e Zane"
"240995600","IAC_240995600_LEGO Creator 3 em 1 Hamster Adorável com Flor","G:\Drives compartilhados\OAK-WORKSPACE\01 - JOBS\03 - IA E-COMMERCE\EM_ANDAMENTO\2026-08-AGOSTO\IAC_240995600_LEGO Creator 3 em 1 Hamster Adorável com Flor"
"240996800","IAC_240996800_LEGO Duplo Casa de Família Moderna 3 em 1","G:\Drives compartilhados\OAK-WORKSPACE\01 - JOBS\03 - IA E-COMMERCE\EM_ANDAMENTO\2026-08-AGOSTO\IAC_240996800_LEGO Duplo Casa de Família Moderna 3 em 1"
"241000900","IAC_241000900_LEGO Ninjago Luta de Dragão Jay 71853 107 Peças","G:\Drives compartilhados\OAK-WORKSPACE\01 - JOBS\03 - IA E-COMMERCE\EM_ANDAMENTO\2026-08-AGOSTO\IAC_241000900_LEGO Ninjago Luta de Dragão Jay 71853 107 Peças"
"241004600","IAC_241004600_LEGO Technic Ford GT40 MKII de Corrida de 1966","G:\Drives compartilhados\OAK-WORKSPACE\01 - JOBS\03 - IA E-COMMERCE\EM_ANDAMENTO\2026-08-AGOSTO\IAC_241004600_LEGO Technic Ford GT40 MKII de Corrida de 1966"
"240998900","IAC_240998900_LEGO City Van de Prisioneiros da Polícia 60479","G:\Drives compartilhados\OAK-WORKSPACE\01 - JOBS\03 - IA E-COMMERCE\EM_ANDAMENTO\2026-08-AGOSTO\IAC_240998900_LEGO City Van de Prisioneiros da Polícia 60479"
"240994000","IAC_240994000_LEGO City Tractor 60498 204 Peças","G:\Drives compartilhados\OAK-WORKSPACE\01 - JOBS\03 - IA E-COMMERCE\EM_ANDAMENTO\2026-08-AGOSTO\IAC_240994000_LEGO City Tractor 60498 204 Peças"
"240998100","IAC_240998100_LEGO City Caminhão de Bombeiros e Aeroporto","G:\Drives compartilhados\OAK-WORKSPACE\01 - JOBS\03 - IA E-COMMERCE\EM_ANDAMENTO\2026-08-AGOSTO\IAC_240998100_LEGO City Caminhão de Bombeiros e Aeroporto"
"240998500","IAC_240998500_LEGO City A Van 60500 276 Peças","G:\Drives compartilhados\OAK-WORKSPACE\01 - JOBS\03 - IA E-COMMERCE\EM_ANDAMENTO\2026-08-AGOSTO\IAC_240998500_LEGO City A Van 60500 276 Peças"
"240993900","IAC_240993900_LEGO City Transportador de Motocicletas 60491","G:\Drives compartilhados\OAK-WORKSPACE\01 - JOBS\03 - IA E-COMMERCE\EM_ANDAMENTO\2026-08-AGOSTO\IAC_240993900_LEGO City Transportador de Motocicletas 60491"
"240996600","IAC_240996600_LEGO City Jato vs. Carro 60489 259 Peças","G:\Drives compartilhados\OAK-WORKSPACE\01 - JOBS\03 - IA E-COMMERCE\EM_ANDAMENTO\2026-08-AGOSTO\IAC_240996600_LEGO City Jato vs. Carro 60489 259 Peças"
"241001100","IAC_241001100_LEGO Friends Estábulo e Escola de Equitação","G:\Drives compartilhados\OAK-WORKSPACE\01 - JOBS\03 - IA E-COMMERCE\EM_ANDAMENTO\2026-08-AGOSTO\IAC_241001100_LEGO Friends Estábulo e Escola de Equitação"
"240998300","IAC_240998300_LEGO Harry Potter Caldeirão- Sala Secreta de","G:\Drives compartilhados\OAK-WORKSPACE\01 - JOBS\03 - IA E-COMMERCE\EM_ANDAMENTO\2026-08-AGOSTO\IAC_240998300_LEGO Harry Potter Caldeirão- Sala Secreta de"
"240993800","IAC_240993800_LEGO Art Paisagem Japonesa com Cerejeira 31218","G:\Drives compartilhados\OAK-WORKSPACE\01 - JOBS\03 - IA E-COMMERCE\EM_ANDAMENTO\2026-08-AGOSTO\IAC_240993800_LEGO Art Paisagem Japonesa com Cerejeira 31218"
"241000100","IAC_241000100_LEGO Minecraft A Raposa 21588 497 Peças","G:\Drives compartilhados\OAK-WORKSPACE\01 - JOBS\03 - IA E-COMMERCE\EM_ANDAMENTO\2026-08-AGOSTO\IAC_241000100_LEGO Minecraft A Raposa 21588 497 Peças"
"240996700","IAC_240996700_LEGO City Caminhão Betoneira 60478 371 Peças","G:\Drives compartilhados\OAK-WORKSPACE\01 - JOBS\03 - IA E-COMMERCE\EM_ANDAMENTO\2026-08-AGOSTO\IAC_240996700_LEGO City Caminhão Betoneira 60478 371 Peças"
"240999100","IAC_240999100_LEGO City Caminhão da Polícia 60481 71 Peças","G:\Drives compartilhados\OAK-WORKSPACE\01 - JOBS\03 - IA E-COMMERCE\EM_ANDAMENTO\2026-08-AGOSTO\IAC_240999100_LEGO City Caminhão da Polícia 60481 71 Peças"
"240999600","IAC_240999600_LEGO Disney Pixar Kevin e Dug 43290 628 Peças","G:\Drives compartilhados\OAK-WORKSPACE\01 - JOBS\03 - IA E-COMMERCE\EM_ANDAMENTO\2026-08-AGOSTO\IAC_240999600_LEGO Disney Pixar Kevin e Dug 43290 628 Peças"
"240995000","IAC_240995000_LEGO City Carro de Corrida de Videogame 60484","G:\Drives compartilhados\OAK-WORKSPACE\01 - JOBS\03 - IA E-COMMERCE\EM_ANDAMENTO\2026-08-AGOSTO\IAC_240995000_LEGO City Carro de Corrida de Videogame 60484"
"241003200","IAC_241003200_LEGO Nijago Legacy 15 Anos Meca Tita do Lloyd","G:\Drives compartilhados\OAK-WORKSPACE\01 - JOBS\03 - IA E-COMMERCE\EM_ANDAMENTO\2026-08-AGOSTO\IAC_241003200_LEGO Nijago Legacy 15 Anos Meca Tita do Lloyd"
"240995800","IAC_240995800_LEGO City Helicóptero da Guarda Costeira 60503","G:\Drives compartilhados\OAK-WORKSPACE\01 - JOBS\03 - IA E-COMMERCE\EM_ANDAMENTO\2026-08-AGOSTO\IAC_240995800_LEGO City Helicóptero da Guarda Costeira 60503"
"240997100","IAC_240997100_LEGO City Food Truck de Batatas Fritas 60488","G:\Drives compartilhados\OAK-WORKSPACE\01 - JOBS\03 - IA E-COMMERCE\EM_ANDAMENTO\2026-08-AGOSTO\IAC_240997100_LEGO City Food Truck de Batatas Fritas 60488"
"241002600","IAC_241002600_LEGO Minecraft Nether e o Portal do End 21584","G:\Drives compartilhados\OAK-WORKSPACE\01 - JOBS\03 - IA E-COMMERCE\EM_ANDAMENTO\2026-08-AGOSTO\IAC_241002600_LEGO Minecraft Nether e o Portal do End 21584"
"240998400","IAC_240998400_LEGO City Carregadeira de Construção 60483","G:\Drives compartilhados\OAK-WORKSPACE\01 - JOBS\03 - IA E-COMMERCE\EM_ANDAMENTO\2026-08-AGOSTO\IAC_240998400_LEGO City Carregadeira de Construção 60483"
"240994800","IAC_240994800_LEGO Creator Tubarão com Baú de Tesouro 31381","G:\Drives compartilhados\OAK-WORKSPACE\01 - JOBS\03 - IA E-COMMERCE\EM_ANDAMENTO\2026-08-AGOSTO\IAC_240994800_LEGO Creator Tubarão com Baú de Tesouro 31381"
"240998000","IAC_240998000_LEGO City Barco e Helicóptero de Resgate 60504","G:\Drives compartilhados\OAK-WORKSPACE\01 - JOBS\03 - IA E-COMMERCE\EM_ANDAMENTO\2026-08-AGOSTO\IAC_240998000_LEGO City Barco e Helicóptero de Resgate 60504"
"240999800","IAC_240999800_LEGO Creator 3 em 1 Cachorrinho Brincalhão","G:\Drives compartilhados\OAK-WORKSPACE\01 - JOBS\03 - IA E-COMMERCE\EM_ANDAMENTO\2026-08-AGOSTO\IAC_240999800_LEGO Creator 3 em 1 Cachorrinho Brincalhão"
"240997400","IAC_240997400_LEGO Botanicals Cacto Florido 11509 482 Peças","G:\Drives compartilhados\OAK-WORKSPACE\01 - JOBS\03 - IA E-COMMERCE\EM_ANDAMENTO\2026-08-AGOSTO\IAC_240997400_LEGO Botanicals Cacto Florido 11509 482 Peças"
"241001400","IAC_241001400_LEGO Minecraft Batalha Wither 21590 494 Peças","G:\Drives compartilhados\OAK-WORKSPACE\01 - JOBS\03 - IA E-COMMERCE\EM_ANDAMENTO\2026-08-AGOSTO\IAC_241001400_LEGO Minecraft Batalha Wither 21590 494 Peças"
"240994600","IAC_240994600_LEGO Botanicals Lírio-da-paz 11504 474 Peças","G:\Drives compartilhados\OAK-WORKSPACE\01 - JOBS\03 - IA E-COMMERCE\EM_ANDAMENTO\2026-08-AGOSTO\IAC_240994600_LEGO Botanicals Lírio-da-paz 11504 474 Peças"
"240993700","IAC_240993700_LEGO City Taxi Amarelo 60487 122 Peças","G:\Drives compartilhados\OAK-WORKSPACE\01 - JOBS\03 - IA E-COMMERCE\EM_ANDAMENTO\2026-08-AGOSTO\IAC_240993700_LEGO City Taxi Amarelo 60487 122 Peças"
"241003800","IAC_241003800_LEGO DC Logo do Batman 76330 678 Peças","G:\Drives compartilhados\OAK-WORKSPACE\01 - JOBS\03 - IA E-COMMERCE\EM_ANDAMENTO\2026-08-AGOSTO\IAC_241003800_LEGO DC Logo do Batman 76330 678 Peças"
"240994500","IAC_240994500_LEGO City Caminhão-reboque e Hovercraft 60505","G:\Drives compartilhados\OAK-WORKSPACE\01 - JOBS\03 - IA E-COMMERCE\EM_ANDAMENTO\2026-08-AGOSTO\IAC_240994500_LEGO City Caminhão-reboque e Hovercraft 60505"
"240996300","IAC_240996300_LEGO Creator 3 em 1 Console de Jogos Retrô","G:\Drives compartilhados\OAK-WORKSPACE\01 - JOBS\03 - IA E-COMMERCE\EM_ANDAMENTO\2026-08-AGOSTO\IAC_240996300_LEGO Creator 3 em 1 Console de Jogos Retrô"
"240996400","IAC_240996400_LEGO Creator 3 em 1 Beija-flor Colorido 31384","G:\Drives compartilhados\OAK-WORKSPACE\01 - JOBS\03 - IA E-COMMERCE\EM_ANDAMENTO\2026-08-AGOSTO\IAC_240996400_LEGO Creator 3 em 1 Beija-flor Colorido 31384"
"240997700","IAC_240997700_LEGO Harry Potter Casa de Luna Lovegood 76467","G:\Drives compartilhados\OAK-WORKSPACE\01 - JOBS\03 - IA E-COMMERCE\EM_ANDAMENTO\2026-08-AGOSTO\IAC_240997700_LEGO Harry Potter Casa de Luna Lovegood 76467"
"240997300","IAC_240997300_LEGO Botanicals Buquê de Tulipas 11501 576 Peças","G:\Drives compartilhados\OAK-WORKSPACE\01 - JOBS\03 - IA E-COMMERCE\EM_ANDAMENTO\2026-08-AGOSTO\IAC_240997300_LEGO Botanicals Buquê de Tulipas 11501 576 Peças"
"240996000","IAC_240996000_LEGO Duplo Casa do Mickey com Minnie e Pluto","G:\Drives compartilhados\OAK-WORKSPACE\01 - JOBS\03 - IA E-COMMERCE\EM_ANDAMENTO\2026-08-AGOSTO\IAC_240996000_LEGO Duplo Casa do Mickey com Minnie e Pluto"
"240993000","IAC_240993000_Aparelho de Jantar e Chá 20 Peças Alleanza Redondo Cerâmica Faiança Branco e Marrom Heritage","G:\Drives compartilhados\OAK-WORKSPACE\01 - JOBS\03 - IA E-COMMERCE\EM_ANDAMENTO\2026-08-AGOSTO\IAC_240993000_Aparelho de Jantar e Chá 20 Peças Alleanza Redondo Cerâmica Faiança Branco e Marrom Heritage"
"240993200","IAC_240993200_Aparelho de Jantar e Chá 30 Peças Alleanza Redondo Cerâmica Faiança Verde e Preto Síria","G:\Drives compartilhados\OAK-WORKSPACE\01 - JOBS\03 - IA E-COMMERCE\EM_ANDAMENTO\2026-08-AGOSTO\IAC_240993200_Aparelho de Jantar e Chá 30 Peças Alleanza Redondo Cerâmica Faiança Verde e Preto Síria"
"240910800","IAC_240910800_Fone de Ouvido Bluetooth Motorola Moto Buds Bass com Microfone com Cancelamento de Ruído Intra-auricular True Wireless Preto","G:\Drives compartilhados\OAK-WORKSPACE\01 - JOBS\03 - IA E-COMMERCE\EM_ANDAMENTO\2026-08-AGOSTO\IAC_240910800_Fone de Ouvido Bluetooth Motorola Moto Buds Bass com Microfone com Cancelamento de Ruído Intra-auricular True Wireless Preto"
"240934000","IAC_240934000_Furadeira de Impacto Mondial 650W com Maleta 14 Peças NFFI-07M","G:\Drives compartilhados\OAK-WORKSPACE\01 - JOBS\03 - IA E-COMMERCE\EM_ANDAMENTO\2026-08-AGOSTO\IAC_240934000_Furadeira de Impacto Mondial 650W com Maleta 14 Peças NFFI-07M"
"240902400","IAC_240902400_Caixa de Som Polyvox Boombox XB-2 Bluetooth Amplificada Portátil 140W USB","G:\Drives compartilhados\OAK-WORKSPACE\01 - JOBS\03 - IA E-COMMERCE\EM_ANDAMENTO\2026-08-AGOSTO\IAC_240902400_Caixa de Som Polyvox Boombox XB-2 Bluetooth Amplificada Portátil 140W USB"
"240910900","IAC_240910900_Fone de Ouvido Bluetooth Motorola Moto Buds Bass com Microfone com Cancelamento de Ruído Intra-auricular True Wireless Azul","G:\Drives compartilhados\OAK-WORKSPACE\01 - JOBS\03 - IA E-COMMERCE\EM_ANDAMENTO\2026-08-AGOSTO\IAC_240910900_Fone de Ouvido Bluetooth Motorola Moto Buds Bass com Microfone com Cancelamento de Ruído Intra-auricular True Wireless Azul"
"240960500","IAC_240960500_Fone de Ouvido Bright Ghost com Microfone Cancelamento de Ruído Esportivo Intra-auricular Preto","G:\Drives compartilhados\OAK-WORKSPACE\01 - JOBS\03 - IA E-COMMERCE\EM_ANDAMENTO\2026-08-AGOSTO\IAC_240960500_Fone de Ouvido Bright Ghost com Microfone Cancelamento de Ruído Esportivo Intra-auricular Preto"
"240951100","IAC_240951100_Caixa de Som Torre Amvox ATX 2108M Quadradinho Bluetooth 2100W Amplificada","G:\Drives compartilhados\OAK-WORKSPACE\01 - JOBS\03 - IA E-COMMERCE\EM_ANDAMENTO\2026-08-AGOSTO\IAC_240951100_Caixa de Som Torre Amvox ATX 2108M Quadradinho Bluetooth 2100W Amplificada"
"240939400","IAC_240939400_Aparador de Madeira Martielo Prime Proença","G:\Drives compartilhados\OAK-WORKSPACE\01 - JOBS\03 - IA E-COMMERCE\EM_ANDAMENTO\2026-08-AGOSTO\IAC_240939400_Aparador de Madeira Martielo Prime Proença"
"240960800","IAC_240960800_Fone de Ouvido Bluetooth Bright Max Sound com Microfone Cancelamento de Ruído Esportivo Intra-auricular Preto","G:\Drives compartilhados\OAK-WORKSPACE\01 - JOBS\03 - IA E-COMMERCE\EM_ANDAMENTO\2026-08-AGOSTO\IAC_240960800_Fone de Ouvido Bluetooth Bright Max Sound com Microfone Cancelamento de Ruído Esportivo Intra-auricular Preto"
"240991300","IAC_240991300_Conjunto de Assadeiras de Vidro Marinex Opaline 2 Peças","G:\Drives compartilhados\OAK-WORKSPACE\01 - JOBS\03 - IA E-COMMERCE\EM_ANDAMENTO\2026-08-AGOSTO\IAC_240991300_Conjunto de Assadeiras de Vidro Marinex Opaline 2 Peças"
"240963100","IAC_240963100_Panela Wok Electrolux Inox com Tampa Antiaderente Design Preta 28cm","G:\Drives compartilhados\OAK-WORKSPACE\01 - JOBS\03 - IA E-COMMERCE\EM_ANDAMENTO\2026-08-AGOSTO\IAC_240963100_Panela Wok Electrolux Inox com Tampa Antiaderente Design Preta 28cm"
"240991600","IAC_240991600_Aparelho de Jantar e Chá 20 Peças Alleanza Redondo Cerâmica Faiança Bege Vanilla","G:\Drives compartilhados\OAK-WORKSPACE\01 - JOBS\03 - IA E-COMMERCE\EM_ANDAMENTO\2026-08-AGOSTO\IAC_240991600_Aparelho de Jantar e Chá 20 Peças Alleanza Redondo Cerâmica Faiança Bege Vanilla"
"240962900","IAC_240962900_Jogo de Porta-Mantimentos Herméticos Retangulares Electrolux Experience 6 Peças","G:\Drives compartilhados\OAK-WORKSPACE\01 - JOBS\03 - IA E-COMMERCE\EM_ANDAMENTO\2026-08-AGOSTO\IAC_240962900_Jogo de Porta-Mantimentos Herméticos Retangulares Electrolux Experience 6 Peças"
"240991200","IAC_240991200_Assadeira de Vidro Retangular Marinex Seletta 23,2x37,1cm","G:\Drives compartilhados\OAK-WORKSPACE\01 - JOBS\03 - IA E-COMMERCE\EM_ANDAMENTO\2026-08-AGOSTO\IAC_240991200_Assadeira de Vidro Retangular Marinex Seletta 23,2x37,1cm"
"240949400","IAC_240949400_Banco de Musculação Regulável Dobrável 7 Níveis até 110kg Go New DDS-1231B","G:\Drives compartilhados\OAK-WORKSPACE\01 - JOBS\03 - IA E-COMMERCE\EM_ANDAMENTO\2026-08-AGOSTO\IAC_240949400_Banco de Musculação Regulável Dobrável 7 Níveis até 110kg Go New DDS-1231B"
"240991400","IAC_240991400_Assadeira de Vidro Retangular Marinex Seletta 23,2x37,1cm","G:\Drives compartilhados\OAK-WORKSPACE\01 - JOBS\03 - IA E-COMMERCE\EM_ANDAMENTO\2026-08-AGOSTO\IAC_240991400_Assadeira de Vidro Retangular Marinex Seletta 23,2x37,1cm"
"240941000","IAC_240941000_Cozinha Completa Itatiaia Lumina MDF 7 Portas 9 Gavetas","G:\Drives compartilhados\OAK-WORKSPACE\01 - JOBS\03 - IA E-COMMERCE\EM_ANDAMENTO\2026-08-AGOSTO\IAC_240941000_Cozinha Completa Itatiaia Lumina MDF 7 Portas 9 Gavetas"
"240967300","IAC_240967300_Monitor Gamer Curvo BRX Xtreme 32- 165Hz Full HD MGLED32BRX Saída de Áudio","G:\Drives compartilhados\OAK-WORKSPACE\01 - JOBS\03 - IA E-COMMERCE\EM_ANDAMENTO\2026-08-AGOSTO\IAC_240967300_Monitor Gamer Curvo BRX Xtreme 32- 165Hz Full HD MGLED32BRX Saída de Áudio"
"240992200","IAC_240992200_Aparelho de Jantar e Chá 20 Peças Alleanza Redondo Cerâmica Faiança Branco e Marrom Oliveira","G:\Drives compartilhados\OAK-WORKSPACE\01 - JOBS\03 - IA E-COMMERCE\EM_ANDAMENTO\2026-08-AGOSTO\IAC_240992200_Aparelho de Jantar e Chá 20 Peças Alleanza Redondo Cerâmica Faiança Branco e Marrom Oliveira"
"240960700","IAC_240960700_Fone de Ouvido Bright Ghost com Microfone Cancelamento de Ruído Esportivo Intra-auricular Preto","G:\Drives compartilhados\OAK-WORKSPACE\01 - JOBS\03 - IA E-COMMERCE\EM_ANDAMENTO\2026-08-AGOSTO\IAC_240960700_Fone de Ouvido Bright Ghost com Microfone Cancelamento de Ruído Esportivo Intra-auricular Preto"
"240992000","IAC_240992000_Aparelho de Jantar e Chá 30 Peças Alleanza Redondo Cerâmica Faiança Branco e Marrom Oliveira","G:\Drives compartilhados\OAK-WORKSPACE\01 - JOBS\03 - IA E-COMMERCE\EM_ANDAMENTO\2026-08-AGOSTO\IAC_240992000_Aparelho de Jantar e Chá 30 Peças Alleanza Redondo Cerâmica Faiança Branco e Marrom Oliveira"
"240931200","IAC_240931200_Jogo de Panelas Brinox Antiaderente de Alumínio Vermelho 5 Peças Ruby","G:\Drives compartilhados\OAK-WORKSPACE\01 - JOBS\03 - IA E-COMMERCE\EM_ANDAMENTO\2026-08-AGOSTO\IAC_240931200_Jogo de Panelas Brinox Antiaderente de Alumínio Vermelho 5 Peças Ruby"
"240883600","IAC_240883600_Serra Mármore Elétrica Nell MB-TO037 4 3-8- (110mm) 1300W 12000 RPM 8 Peças","G:\Drives compartilhados\OAK-WORKSPACE\01 - JOBS\03 - IA E-COMMERCE\EM_ANDAMENTO\2026-08-AGOSTO\IAC_240883600_Serra Mármore Elétrica Nell MB-TO037 4 3-8- (110mm) 1300W 12000 RPM 8 Peças"
"240889500","IAC_240889500_Berço Portátil Desmontável Baby Style Confort Azul","G:\Drives compartilhados\OAK-WORKSPACE\01 - JOBS\03 - IA E-COMMERCE\EM_ANDAMENTO\2026-08-AGOSTO\IAC_240889500_Berço Portátil Desmontável Baby Style Confort Azul"
"240890600","IAC_240890600_Cadeirinha para Auto Baby Style Turbo de 0 até 36kg","G:\Drives compartilhados\OAK-WORKSPACE\01 - JOBS\03 - IA E-COMMERCE\EM_ANDAMENTO\2026-08-AGOSTO\IAC_240890600_Cadeirinha para Auto Baby Style Turbo de 0 até 36kg"
"240883100","IAC_240883100_Esmerilhadeira Nell Angular 500W 4 1-2- (115mm) com Acessórios 4 Peças MB-TO035","G:\Drives compartilhados\OAK-WORKSPACE\01 - JOBS\03 - IA E-COMMERCE\EM_ANDAMENTO\2026-08-AGOSTO\IAC_240883100_Esmerilhadeira Nell Angular 500W 4 1-2- (115mm) com Acessórios 4 Peças MB-TO035"
"240889300","IAC_240889300_Berço Portátil Desmontável Baby Style Joly com Mosquiteiro Azul","G:\Drives compartilhados\OAK-WORKSPACE\01 - JOBS\03 - IA E-COMMERCE\EM_ANDAMENTO\2026-08-AGOSTO\IAC_240889300_Berço Portátil Desmontável Baby Style Joly com Mosquiteiro Azul"
"240884400","IAC_240884400_Parafusadeira e Furadeira Nell a Bateria com Maleta 29 Peças MB-TO031","G:\Drives compartilhados\OAK-WORKSPACE\01 - JOBS\03 - IA E-COMMERCE\EM_ANDAMENTO\2026-08-AGOSTO\IAC_240884400_Parafusadeira e Furadeira Nell a Bateria com Maleta 29 Peças MB-TO031"
"240890100","IAC_240890100_Berço Portátil Desmontável Baby Style Joly Rosa","G:\Drives compartilhados\OAK-WORKSPACE\01 - JOBS\03 - IA E-COMMERCE\EM_ANDAMENTO\2026-08-AGOSTO\IAC_240890100_Berço Portátil Desmontável Baby Style Joly Rosa"
"240883400","IAC_240883400_Esmerilhadeira Nell Angular 720W 4 1-2- (115mm) com Acessórios 4 Peças MB-TO033","G:\Drives compartilhados\OAK-WORKSPACE\01 - JOBS\03 - IA E-COMMERCE\EM_ANDAMENTO\2026-08-AGOSTO\IAC_240883400_Esmerilhadeira Nell Angular 720W 4 1-2- (115mm) com Acessórios 4 Peças MB-TO033"
"240805200","IAC_240805200_Smartphone Huawei Pura 80 Pro 512GB 12GB RAM Preto Câm. Quádrupla + Selfie 13MP","G:\Drives compartilhados\OAK-WORKSPACE\01 - JOBS\03 - IA E-COMMERCE\EM_ANDAMENTO\2026-08-AGOSTO\IAC_240805200_Smartphone Huawei Pura 80 Pro 512GB 12GB RAM Preto Câm. Quádrupla + Selfie 13MP"
"240891200","IAC_240891200_Berço Portátil Desmontável Baby Style Confort Cinza","G:\Drives compartilhados\OAK-WORKSPACE\01 - JOBS\03 - IA E-COMMERCE\EM_ANDAMENTO\2026-08-AGOSTO\IAC_240891200_Berço Portátil Desmontável Baby Style Confort Cinza"
"240891500","IAC_240891500_Berço Portátil Desmontável Baby Style Joly Cinza","G:\Drives compartilhados\OAK-WORKSPACE\01 - JOBS\03 - IA E-COMMERCE\EM_ANDAMENTO\2026-08-AGOSTO\IAC_240891500_Berço Portátil Desmontável Baby Style Joly Cinza"
"240901400","IAC_240901400_Caixa de Som Torre Polyvox XT-800T Bluetooth 1500W Amplificada","G:\Drives compartilhados\OAK-WORKSPACE\01 - JOBS\03 - IA E-COMMERCE\EM_ANDAMENTO\2026-08-AGOSTO\IAC_240901400_Caixa de Som Torre Polyvox XT-800T Bluetooth 1500W Amplificada"
"240891100","IAC_240891100_Carrinho de Passeio Infantil Baby Style Turim","G:\Drives compartilhados\OAK-WORKSPACE\01 - JOBS\03 - IA E-COMMERCE\EM_ANDAMENTO\2026-08-AGOSTO\IAC_240891100_Carrinho de Passeio Infantil Baby Style Turim"
"240890800","IAC_240890800_Cadeirinha para Auto Baby Style Turbo de 0 até 36kg","G:\Drives compartilhados\OAK-WORKSPACE\01 - JOBS\03 - IA E-COMMERCE\EM_ANDAMENTO\2026-08-AGOSTO\IAC_240890800_Cadeirinha para Auto Baby Style Turbo de 0 até 36kg"
"240891000","IAC_240891000_Berço Portátil Desmontável Baby Style Estrelinha Rosa","G:\Drives compartilhados\OAK-WORKSPACE\01 - JOBS\03 - IA E-COMMERCE\EM_ANDAMENTO\2026-08-AGOSTO\IAC_240891000_Berço Portátil Desmontável Baby Style Estrelinha Rosa"
"240891300","IAC_240891300_Berço Portátil Desmontável Baby Style Co-Sleeper até 9kg Cinza","G:\Drives compartilhados\OAK-WORKSPACE\01 - JOBS\03 - IA E-COMMERCE\EM_ANDAMENTO\2026-08-AGOSTO\IAC_240891300_Berço Portátil Desmontável Baby Style Co-Sleeper até 9kg Cinza"
"240890700","IAC_240890700_Berço Portátil Desmontável Baby Style Co-Sleeper até 9kg Cinza Escuro","G:\Drives compartilhados\OAK-WORKSPACE\01 - JOBS\03 - IA E-COMMERCE\EM_ANDAMENTO\2026-08-AGOSTO\IAC_240890700_Berço Portátil Desmontável Baby Style Co-Sleeper até 9kg Cinza Escuro"
"240884100","IAC_240884100_Roçadeira a Gasolina Lateral 65cc 2 Tempos Nell SC-TMBC520","G:\Drives compartilhados\OAK-WORKSPACE\01 - JOBS\03 - IA E-COMMERCE\EM_ANDAMENTO\2026-08-AGOSTO\IAC_240884100_Roçadeira a Gasolina Lateral 65cc 2 Tempos Nell SC-TMBC520"
"240884200","IAC_240884200_Cortador de Grama Elétrico Nell SC-PT0021B","G:\Drives compartilhados\OAK-WORKSPACE\01 - JOBS\03 - IA E-COMMERCE\EM_ANDAMENTO\2026-08-AGOSTO\IAC_240884200_Cortador de Grama Elétrico Nell SC-PT0021B"
"240890400","IAC_240890400_Carrinho de Bebê Baby Style Runner até 15kg","G:\Drives compartilhados\OAK-WORKSPACE\01 - JOBS\03 - IA E-COMMERCE\EM_ANDAMENTO\2026-08-AGOSTO\IAC_240890400_Carrinho de Bebê Baby Style Runner até 15kg"
"240881700","IAC_240881700_Caixa de Som LG Xboom by Will.i.am Bounce Bluetooth Amplificada Portátil 40W","G:\Drives compartilhados\OAK-WORKSPACE\01 - JOBS\03 - IA E-COMMERCE\EM_ANDAMENTO\2026-08-AGOSTO\IAC_240881700_Caixa de Som LG Xboom by Will.i.am Bounce Bluetooth Amplificada Portátil 40W"
"240890200","IAC_240890200_Berço Portátil Desmontável Baby Style Confort Rosa","G:\Drives compartilhados\OAK-WORKSPACE\01 - JOBS\03 - IA E-COMMERCE\EM_ANDAMENTO\2026-08-AGOSTO\IAC_240890200_Berço Portátil Desmontável Baby Style Confort Rosa"
"240884000","IAC_240884000_Parafusadeira e Furadeira Sem Fio Nell Mandril 3-8 12V Azul","G:\Drives compartilhados\OAK-WORKSPACE\01 - JOBS\03 - IA E-COMMERCE\EM_ANDAMENTO\2026-08-AGOSTO\IAC_240884000_Parafusadeira e Furadeira Sem Fio Nell Mandril 3-8 12V Azul"
"240884500","IAC_240884500_Kit de Ferramentas Nell 39 Peças 4 em 1 com Parafusadeira Martelete Rompedor-Perfurador Esmerilhadeira Chave de Impacto 2 baterias de 3.0Ah e Carregador","G:\Drives compartilhados\OAK-WORKSPACE\01 - JOBS\03 - IA E-COMMERCE\EM_ANDAMENTO\2026-08-AGOSTO\IAC_240884500_Kit de Ferramentas Nell 39 Peças 4 em 1 com Parafusadeira Martelete Rompedor-Perfurador Esmerilhadeira Chave de Impacto 2 baterias de 3.0Ah e Carregador"
"240890000","IAC_240890000_Carrinho de Bebê Baby Style Runner até 15kg","G:\Drives compartilhados\OAK-WORKSPACE\01 - JOBS\03 - IA E-COMMERCE\EM_ANDAMENTO\2026-08-AGOSTO\IAC_240890000_Carrinho de Bebê Baby Style Runner até 15kg"
"240884300","IAC_240884300_Kit Ferramentas Nell 160 Peças MB-TO029 com Maleta","G:\Drives compartilhados\OAK-WORKSPACE\01 - JOBS\03 - IA E-COMMERCE\EM_ANDAMENTO\2026-08-AGOSTO\IAC_240884300_Kit Ferramentas Nell 160 Peças MB-TO029 com Maleta"
"240798500","IAC_240798500_Poltrona Decorativa Opala Moderna Nordeste Flex Luiza","G:\Drives compartilhados\OAK-WORKSPACE\01 - JOBS\03 - IA E-COMMERCE\EM_ANDAMENTO\2026-08-AGOSTO\IAC_240798500_Poltrona Decorativa Opala Moderna Nordeste Flex Luiza"
"240792700","IAC_240792700_Colchão King Umaflex de Espuma D33 20x193x203cm Parma","G:\Drives compartilhados\OAK-WORKSPACE\01 - JOBS\03 - IA E-COMMERCE\EM_ANDAMENTO\2026-08-AGOSTO\IAC_240792700_Colchão King Umaflex de Espuma D33 20x193x203cm Parma"
"240793400","IAC_240793400_Colchão King Umaflex de Espuma 25x193x203cm Siena Visco","G:\Drives compartilhados\OAK-WORKSPACE\01 - JOBS\03 - IA E-COMMERCE\EM_ANDAMENTO\2026-08-AGOSTO\IAC_240793400_Colchão King Umaflex de Espuma 25x193x203cm Siena Visco"
"240798400","IAC_240798400_Poltrona Decorativa Opala Moderna Nordeste Flex Luiza","G:\Drives compartilhados\OAK-WORKSPACE\01 - JOBS\03 - IA E-COMMERCE\EM_ANDAMENTO\2026-08-AGOSTO\IAC_240798400_Poltrona Decorativa Opala Moderna Nordeste Flex Luiza"
"240805000","IAC_240805000_Smartphone Huawei Pura 80 Ultra 512GB 16GB RAM Dourado 6,8- Câm Quádrupla + Selfie 13MP","G:\Drives compartilhados\OAK-WORKSPACE\01 - JOBS\03 - IA E-COMMERCE\EM_ANDAMENTO\2026-08-AGOSTO\IAC_240805000_Smartphone Huawei Pura 80 Ultra 512GB 16GB RAM Dourado 6,8- Câm Quádrupla + Selfie 13MP"
"240800000","IAC_240800000_Smartwatch Huawei Watch 5 46mm Preto 32GB Bluetooth","G:\Drives compartilhados\OAK-WORKSPACE\01 - JOBS\03 - IA E-COMMERCE\EM_ANDAMENTO\2026-08-AGOSTO\IAC_240800000_Smartwatch Huawei Watch 5 46mm Preto 32GB Bluetooth"
"240881100","IAC_240881100_Caixa de Som Bright Audio DW 2000 Bluetooth Amplificada Portátil 1200W USB","G:\Drives compartilhados\OAK-WORKSPACE\01 - JOBS\03 - IA E-COMMERCE\EM_ANDAMENTO\2026-08-AGOSTO\IAC_240881100_Caixa de Som Bright Audio DW 2000 Bluetooth Amplificada Portátil 1200W USB"
"240799800","IAC_240799800_Mesa de Jantar 4 Cadeiras Retangular Mel e Off White Sonetto Móveis Amanda","G:\Drives compartilhados\OAK-WORKSPACE\01 - JOBS\03 - IA E-COMMERCE\EM_ANDAMENTO\2026-08-AGOSTO\IAC_240799800_Mesa de Jantar 4 Cadeiras Retangular Mel e Off White Sonetto Móveis Amanda"
"240798600","IAC_240798600_Poltrona Decorativa Opala Moderna Nordeste Flex Luiza","G:\Drives compartilhados\OAK-WORKSPACE\01 - JOBS\03 - IA E-COMMERCE\EM_ANDAMENTO\2026-08-AGOSTO\IAC_240798600_Poltrona Decorativa Opala Moderna Nordeste Flex Luiza"
"240791400","IAC_240791400_Lavadora de Alta Pressão Karcher 1740 Libras 1400W K2 Plus Turbo","G:\Drives compartilhados\OAK-WORKSPACE\01 - JOBS\03 - IA E-COMMERCE\EM_ANDAMENTO\2026-08-AGOSTO\IAC_240791400_Lavadora de Alta Pressão Karcher 1740 Libras 1400W K2 Plus Turbo"
"240792500","IAC_240792500_Colchão Casal Umaflex de Espuma D33 20x138x188cm Parma","G:\Drives compartilhados\OAK-WORKSPACE\01 - JOBS\03 - IA E-COMMERCE\EM_ANDAMENTO\2026-08-AGOSTO\IAC_240792500_Colchão Casal Umaflex de Espuma D33 20x138x188cm Parma"
"240798300","IAC_240798300_Poltrona Decorativa Opala Moderna Nordeste Flex Luiza","G:\Drives compartilhados\OAK-WORKSPACE\01 - JOBS\03 - IA E-COMMERCE\EM_ANDAMENTO\2026-08-AGOSTO\IAC_240798300_Poltrona Decorativa Opala Moderna Nordeste Flex Luiza"
"240792600","IAC_240792600_Colchão Queen Umaflex de Espuma D33 20x158x198cm Parma","G:\Drives compartilhados\OAK-WORKSPACE\01 - JOBS\03 - IA E-COMMERCE\EM_ANDAMENTO\2026-08-AGOSTO\IAC_240792600_Colchão Queen Umaflex de Espuma D33 20x158x198cm Parma"
"240800900","IAC_240800900_Fone de Ouvido Bluetooth Huawei FreeClip com Microfone True Wireless Preto","G:\Drives compartilhados\OAK-WORKSPACE\01 - JOBS\03 - IA E-COMMERCE\EM_ANDAMENTO\2026-08-AGOSTO\IAC_240800900_Fone de Ouvido Bluetooth Huawei FreeClip com Microfone True Wireless Preto"
"240862000","IAC_240862000_Tablet Infantil Multi NB440 4GB RAM 64GB 8- Android 13 Octa-Core Wi-Fi","G:\Drives compartilhados\OAK-WORKSPACE\01 - JOBS\03 - IA E-COMMERCE\EM_ANDAMENTO\2026-08-AGOSTO\IAC_240862000_Tablet Infantil Multi NB440 4GB RAM 64GB 8- Android 13 Octa-Core Wi-Fi"
"240881500","IAC_240881500_Caixa de Som Bright Audio DW 815 Bluetooth Amplificada Portátil 600W USB","G:\Drives compartilhados\OAK-WORKSPACE\01 - JOBS\03 - IA E-COMMERCE\EM_ANDAMENTO\2026-08-AGOSTO\IAC_240881500_Caixa de Som Bright Audio DW 815 Bluetooth Amplificada Portátil 600W USB"
"240881200","IAC_240881200_Caixa de Som Portátil Bright Audio DW 112 Bluetooth Amplificada Portátil 45 RMS USB","G:\Drives compartilhados\OAK-WORKSPACE\01 - JOBS\03 - IA E-COMMERCE\EM_ANDAMENTO\2026-08-AGOSTO\IAC_240881200_Caixa de Som Portátil Bright Audio DW 112 Bluetooth Amplificada Portátil 45 RMS USB"
"240805300","IAC_240805300_Smartphone Huawei Pura 80 Pro 512GB 12GB RAM Branco Câm. Quádrupla + Selfie 13MP","G:\Drives compartilhados\OAK-WORKSPACE\01 - JOBS\03 - IA E-COMMERCE\EM_ANDAMENTO\2026-08-AGOSTO\IAC_240805300_Smartphone Huawei Pura 80 Pro 512GB 12GB RAM Branco Câm. Quádrupla + Selfie 13MP"
"240804900","IAC_240804900_Smartphone Huawei Pura 80 Ultra 512GB 16GB RAM Preto 6,8- Câm Quádrupla + Selfie 13MP","G:\Drives compartilhados\OAK-WORKSPACE\01 - JOBS\03 - IA E-COMMERCE\EM_ANDAMENTO\2026-08-AGOSTO\IAC_240804900_Smartphone Huawei Pura 80 Ultra 512GB 16GB RAM Preto 6,8- Câm Quádrupla + Selfie 13MP"
"240744500","IAC_240744500_Smartwatch Huawei Watch GT 6 41mm Roxo 64GB Bluetooth","G:\Drives compartilhados\OAK-WORKSPACE\01 - JOBS\03 - IA E-COMMERCE\EM_ANDAMENTO\2026-08-AGOSTO\IAC_240744500_Smartwatch Huawei Watch GT 6 41mm Roxo 64GB Bluetooth"
"240740100","IAC_240740100_Aparador de Pelos Mondial BG-09 com Acessórios 74013-01","G:\Drives compartilhados\OAK-WORKSPACE\01 - JOBS\03 - IA E-COMMERCE\EM_ANDAMENTO\2026-08-AGOSTO\IAC_240740100_Aparador de Pelos Mondial BG-09 com Acessórios 74013-01"
"240788800","IAC_240788800_Poltrona Decorativa Moderna Matrix Savana","G:\Drives compartilhados\OAK-WORKSPACE\01 - JOBS\03 - IA E-COMMERCE\EM_ANDAMENTO\2026-08-AGOSTO\IAC_240788800_Poltrona Decorativa Moderna Matrix Savana"
"240756700","IAC_240756700_Smart TV 115- TCL 4K UHD QLED Mini LED 115C7K Google TV 2025","G:\Drives compartilhados\OAK-WORKSPACE\01 - JOBS\03 - IA E-COMMERCE\EM_ANDAMENTO\2026-08-AGOSTO\IAC_240756700_Smart TV 115- TCL 4K UHD QLED Mini LED 115C7K Google TV 2025"
"240785400","IAC_240785400_Mesa de Centro Maderatto EDN Móveis","G:\Drives compartilhados\OAK-WORKSPACE\01 - JOBS\03 - IA E-COMMERCE\EM_ANDAMENTO\2026-08-AGOSTO\IAC_240785400_Mesa de Centro Maderatto EDN Móveis"
"240743200","IAC_240743200_Fone de Ouvido Bluetooth Huawei FreeBuds 5i com Microfone com Cancelamento de Ruído Intra-auricular True Wireless Branco","G:\Drives compartilhados\OAK-WORKSPACE\01 - JOBS\03 - IA E-COMMERCE\EM_ANDAMENTO\2026-08-AGOSTO\IAC_240743200_Fone de Ouvido Bluetooth Huawei FreeBuds 5i com Microfone com Cancelamento de Ruído Intra-auricular True Wireless Branco"
"240744600","IAC_240744600_Smartwatch Huawei Watch GT 6 Pro 46mm Prata 64GB Bluetooth","G:\Drives compartilhados\OAK-WORKSPACE\01 - JOBS\03 - IA E-COMMERCE\EM_ANDAMENTO\2026-08-AGOSTO\IAC_240744600_Smartwatch Huawei Watch GT 6 Pro 46mm Prata 64GB Bluetooth"
"240736900","IAC_240736900_Gaveteiro para Escritório 4 Gavetas Politorno Móveis Porto","G:\Drives compartilhados\OAK-WORKSPACE\01 - JOBS\03 - IA E-COMMERCE\EM_ANDAMENTO\2026-08-AGOSTO\IAC_240736900_Gaveteiro para Escritório 4 Gavetas Politorno Móveis Porto"
"240789300","IAC_240789300_Assento de Elevação Cosco Kids Moon Fix 15 a 36kg Preto","G:\Drives compartilhados\OAK-WORKSPACE\01 - JOBS\03 - IA E-COMMERCE\EM_ANDAMENTO\2026-08-AGOSTO\IAC_240789300_Assento de Elevação Cosco Kids Moon Fix 15 a 36kg Preto"
"240792400","IAC_240792400_Colchão Solteiro Umaflex de Espuma D33 20x88x188cm Parma","G:\Drives compartilhados\OAK-WORKSPACE\01 - JOBS\03 - IA E-COMMERCE\EM_ANDAMENTO\2026-08-AGOSTO\IAC_240792400_Colchão Solteiro Umaflex de Espuma D33 20x88x188cm Parma"
"240799700","IAC_240799700_Mesa de Jantar com 4 Cadeiras Retangular Luiza Sonetto Móveis","G:\Drives compartilhados\OAK-WORKSPACE\01 - JOBS\03 - IA E-COMMERCE\EM_ANDAMENTO\2026-08-AGOSTO\IAC_240799700_Mesa de Jantar com 4 Cadeiras Retangular Luiza Sonetto Móveis"
"240789000","IAC_240789000_Poltrona Decorativa Moderna Matrix Savana","G:\Drives compartilhados\OAK-WORKSPACE\01 - JOBS\03 - IA E-COMMERCE\EM_ANDAMENTO\2026-08-AGOSTO\IAC_240789000_Poltrona Decorativa Moderna Matrix Savana"
"240724000","IAC_240724000_Soundbar TCL Q85H Pro 7.1.4 Bluetooth v5.4 com Subwoofer 860W","G:\Drives compartilhados\OAK-WORKSPACE\01 - JOBS\03 - IA E-COMMERCE\EM_ANDAMENTO\2026-08-AGOSTO\IAC_240724000_Soundbar TCL Q85H Pro 7.1.4 Bluetooth v5.4 com Subwoofer 860W"
"240736400","IAC_240736400_Cadeira de Escritório Presidente Giratória Preto PRE004B Otello","G:\Drives compartilhados\OAK-WORKSPACE\01 - JOBS\03 - IA E-COMMERCE\EM_ANDAMENTO\2026-08-AGOSTO\IAC_240736400_Cadeira de Escritório Presidente Giratória Preto PRE004B Otello"
"240708600","IAC_240708600_Furadeira e Parafusadeira de Impacto Black+Decker a Bateria 20 Peças BCD712VHD-BR","G:\Drives compartilhados\OAK-WORKSPACE\01 - JOBS\03 - IA E-COMMERCE\EM_ANDAMENTO\2026-08-AGOSTO\IAC_240708600_Furadeira e Parafusadeira de Impacto Black+Decker a Bateria 20 Peças BCD712VHD-BR"
"240736700","IAC_240736700_Gaveteiro para Escritório 3 Gavetas Politorno Móveis Porto","G:\Drives compartilhados\OAK-WORKSPACE\01 - JOBS\03 - IA E-COMMERCE\EM_ANDAMENTO\2026-08-AGOSTO\IAC_240736700_Gaveteiro para Escritório 3 Gavetas Politorno Móveis Porto"
"240706800","IAC_240706800_Furadeira de Impacto Black+Decker 550W BED710550","G:\Drives compartilhados\OAK-WORKSPACE\01 - JOBS\03 - IA E-COMMERCE\EM_ANDAMENTO\2026-08-AGOSTO\IAC_240706800_Furadeira de Impacto Black+Decker 550W BED710550"
"240706700","IAC_240706700_Furadeira e Parafusadeira de Impacto Black+Decker a Bateria 32 Peças BCD712VHDK-BR","G:\Drives compartilhados\OAK-WORKSPACE\01 - JOBS\03 - IA E-COMMERCE\EM_ANDAMENTO\2026-08-AGOSTO\IAC_240706700_Furadeira e Parafusadeira de Impacto Black+Decker a Bateria 32 Peças BCD712VHDK-BR"
"240707000","IAC_240707000_Furadeira de Impacto Black+Decker 450W BED710450","G:\Drives compartilhados\OAK-WORKSPACE\01 - JOBS\03 - IA E-COMMERCE\EM_ANDAMENTO\2026-08-AGOSTO\IAC_240707000_Furadeira de Impacto Black+Decker 450W BED710450"
"240734400","IAC_240734400_Headphone Bluetooth JBL Tour One M3 com Microfone Preto","G:\Drives compartilhados\OAK-WORKSPACE\01 - JOBS\03 - IA E-COMMERCE\EM_ANDAMENTO\2026-08-AGOSTO\IAC_240734400_Headphone Bluetooth JBL Tour One M3 com Microfone Preto"
"240736600","IAC_240736600_Escrivaninha 1 Gaveta 2 Portas Politorno Móveis Iracema","G:\Drives compartilhados\OAK-WORKSPACE\01 - JOBS\03 - IA E-COMMERCE\EM_ANDAMENTO\2026-08-AGOSTO\IAC_240736600_Escrivaninha 1 Gaveta 2 Portas Politorno Móveis Iracema"
"240558000","IAC_240558000_Assento de Elevação Safety 1st Elev i-Size Altura Regulável 15 a 36kg Cinza","G:\Drives compartilhados\OAK-WORKSPACE\01 - JOBS\03 - IA E-COMMERCE\EM_ANDAMENTO\2026-08-AGOSTO\IAC_240558000_Assento de Elevação Safety 1st Elev i-Size Altura Regulável 15 a 36kg Cinza"
"240580600","IAC_240580600_LEGO Buquê de Rosas Cor de Rosa 10374","G:\Drives compartilhados\OAK-WORKSPACE\01 - JOBS\03 - IA E-COMMERCE\EM_ANDAMENTO\2026-08-AGOSTO\IAC_240580600_LEGO Buquê de Rosas Cor de Rosa 10374"
"240687300","IAC_240687300_Berço Portátil e Desmontável Maxi Baby Lune até 15kg Bege","G:\Drives compartilhados\OAK-WORKSPACE\01 - JOBS\03 - IA E-COMMERCE\EM_ANDAMENTO\2026-08-AGOSTO\IAC_240687300_Berço Portátil e Desmontável Maxi Baby Lune até 15kg Bege"
"240687100","IAC_240687100_Tapete de Atividades Maxi Baby Pastime 2","G:\Drives compartilhados\OAK-WORKSPACE\01 - JOBS\03 - IA E-COMMERCE\EM_ANDAMENTO\2026-08-AGOSTO\IAC_240687100_Tapete de Atividades Maxi Baby Pastime 2"
"240686500","IAC_240686500_Berço Portátil e Desmontável Maxi Baby Lune até 15kg Rosa","G:\Drives compartilhados\OAK-WORKSPACE\01 - JOBS\03 - IA E-COMMERCE\EM_ANDAMENTO\2026-08-AGOSTO\IAC_240686500_Berço Portátil e Desmontável Maxi Baby Lune até 15kg Rosa"
"240624100","IAC_240624100_Mesa de Jantar 6 Cadeiras 6 Lugares Retangular Mel e Off White Sonetto Móveis Cris","G:\Drives compartilhados\OAK-WORKSPACE\01 - JOBS\03 - IA E-COMMERCE\EM_ANDAMENTO\2026-08-AGOSTO\IAC_240624100_Mesa de Jantar 6 Cadeiras 6 Lugares Retangular Mel e Off White Sonetto Móveis Cris"
"240687900","IAC_240687900_Berço Portátil e Desmontável Maxi Baby Lune até 15kg Cinza","G:\Drives compartilhados\OAK-WORKSPACE\01 - JOBS\03 - IA E-COMMERCE\EM_ANDAMENTO\2026-08-AGOSTO\IAC_240687900_Berço Portátil e Desmontável Maxi Baby Lune até 15kg Cinza"
"240634900","IAC_240634900_Bicicleta Aro 29- South Bike Slim Freio a Disco 21 Marchas","G:\Drives compartilhados\OAK-WORKSPACE\01 - JOBS\03 - IA E-COMMERCE\EM_ANDAMENTO\2026-08-AGOSTO\IAC_240634900_Bicicleta Aro 29- South Bike Slim Freio a Disco 21 Marchas"
"240687200","IAC_240687200_Tapete de Atividades Maxi Baby Pastime 2","G:\Drives compartilhados\OAK-WORKSPACE\01 - JOBS\03 - IA E-COMMERCE\EM_ANDAMENTO\2026-08-AGOSTO\IAC_240687200_Tapete de Atividades Maxi Baby Pastime 2"
"240686800","IAC_240686800_Berço Portátil Maxi Baby Connect com Mosquiteiro até 9kg Cinza","G:\Drives compartilhados\OAK-WORKSPACE\01 - JOBS\03 - IA E-COMMERCE\EM_ANDAMENTO\2026-08-AGOSTO\IAC_240686800_Berço Portátil Maxi Baby Connect com Mosquiteiro até 9kg Cinza"
"240591300","IAC_240591300_Sofá 3 Lugares Retrátil Reclinável Linho Urban Next Sofás","G:\Drives compartilhados\OAK-WORKSPACE\01 - JOBS\03 - IA E-COMMERCE\EM_ANDAMENTO\2026-08-AGOSTO\IAC_240591300_Sofá 3 Lugares Retrátil Reclinável Linho Urban Next Sofás"
"240687800","IAC_240687800_Cadeira de Alimentação Portátil Maxi Baby Honey 4 Níveis de Altura até 23kg","G:\Drives compartilhados\OAK-WORKSPACE\01 - JOBS\03 - IA E-COMMERCE\EM_ANDAMENTO\2026-08-AGOSTO\IAC_240687800_Cadeira de Alimentação Portátil Maxi Baby Honey 4 Níveis de Altura até 23kg"
"240687600","IAC_240687600_Cadeira de Alimentação Portátil Maxi Baby Honey 4 Níveis de Altura até 23kg","G:\Drives compartilhados\OAK-WORKSPACE\01 - JOBS\03 - IA E-COMMERCE\EM_ANDAMENTO\2026-08-AGOSTO\IAC_240687600_Cadeira de Alimentação Portátil Maxi Baby Honey 4 Níveis de Altura até 23kg"
"240685500","IAC_240685500_Cadeirinha para Auto com Isofix Kiddo Active 9 a 36kg","G:\Drives compartilhados\OAK-WORKSPACE\01 - JOBS\03 - IA E-COMMERCE\EM_ANDAMENTO\2026-08-AGOSTO\IAC_240685500_Cadeirinha para Auto com Isofix Kiddo Active 9 a 36kg"
"240687700","IAC_240687700_Assento de Elevação Replay Kids Fix Fit até 36kg","G:\Drives compartilhados\OAK-WORKSPACE\01 - JOBS\03 - IA E-COMMERCE\EM_ANDAMENTO\2026-08-AGOSTO\IAC_240687700_Assento de Elevação Replay Kids Fix Fit até 36kg"
"240687500","IAC_240687500_Cadeirinha para Carro 360º Com Isofix Reclinável Maxi Baby Eternity até 36kg 4 Posições","G:\Drives compartilhados\OAK-WORKSPACE\01 - JOBS\03 - IA E-COMMERCE\EM_ANDAMENTO\2026-08-AGOSTO\IAC_240687500_Cadeirinha para Carro 360º Com Isofix Reclinável Maxi Baby Eternity até 36kg 4 Posições"
"240687400","IAC_240687400_Cadeirinha para Carro 360º Com Isofix Reclinável Maxi Baby Eternity até 36kg 4 Posições","G:\Drives compartilhados\OAK-WORKSPACE\01 - JOBS\03 - IA E-COMMERCE\EM_ANDAMENTO\2026-08-AGOSTO\IAC_240687400_Cadeirinha para Carro 360º Com Isofix Reclinável Maxi Baby Eternity até 36kg 4 Posições"
"240693600","IAC_240693600_Mop Fit Bettanin Noviça Sekito Tiffany","G:\Drives compartilhados\OAK-WORKSPACE\01 - JOBS\03 - IA E-COMMERCE\EM_ANDAMENTO\2026-08-AGOSTO\IAC_240693600_Mop Fit Bettanin Noviça Sekito Tiffany"
"240688200","IAC_240688200_Cadeira de Alimentação Portátil Maxi Baby Honey 4 Níveis de Altura até 23kg","G:\Drives compartilhados\OAK-WORKSPACE\01 - JOBS\03 - IA E-COMMERCE\EM_ANDAMENTO\2026-08-AGOSTO\IAC_240688200_Cadeira de Alimentação Portátil Maxi Baby Honey 4 Níveis de Altura até 23kg"
"240707400","IAC_240707400_Furadeira de Impacto Black+Decker a Bateria BDCI20C-BR","G:\Drives compartilhados\OAK-WORKSPACE\01 - JOBS\03 - IA E-COMMERCE\EM_ANDAMENTO\2026-08-AGOSTO\IAC_240707400_Furadeira de Impacto Black+Decker a Bateria BDCI20C-BR"
"240685600","IAC_240685600_Banheira de Bebê com Suporte Whoop Paraty Branco 23kg","G:\Drives compartilhados\OAK-WORKSPACE\01 - JOBS\03 - IA E-COMMERCE\EM_ANDAMENTO\2026-08-AGOSTO\IAC_240685600_Banheira de Bebê com Suporte Whoop Paraty Branco 23kg"
"240685900","IAC_240685900_Banheira de Bebê com Suporte e Trocador Whoop Angra Rosa 21kg","G:\Drives compartilhados\OAK-WORKSPACE\01 - JOBS\03 - IA E-COMMERCE\EM_ANDAMENTO\2026-08-AGOSTO\IAC_240685900_Banheira de Bebê com Suporte e Trocador Whoop Angra Rosa 21kg"
"240572500","IAC_240572500_Cama de Solteiro com Cama Auxiliar 2 Gavetas Móveis Lopas Reali Amêndoa Clean e Off White","G:\Drives compartilhados\OAK-WORKSPACE\01 - JOBS\03 - IA E-COMMERCE\EM_ANDAMENTO\2026-08-AGOSTO\IAC_240572500_Cama de Solteiro com Cama Auxiliar 2 Gavetas Móveis Lopas Reali Amêndoa Clean e Off White"
"240693300","IAC_240693300_Balcão de Cozinha Luciane MDF 2 Portas Aura Athenas","G:\Drives compartilhados\OAK-WORKSPACE\01 - JOBS\03 - IA E-COMMERCE\EM_ANDAMENTO\2026-08-AGOSTO\IAC_240693300_Balcão de Cozinha Luciane MDF 2 Portas Aura Athenas"
"240591400","IAC_240591400_Sofá 3 Lugares Retrátil Reclinável Linho Urban Next Sofás","G:\Drives compartilhados\OAK-WORKSPACE\01 - JOBS\03 - IA E-COMMERCE\EM_ANDAMENTO\2026-08-AGOSTO\IAC_240591400_Sofá 3 Lugares Retrátil Reclinável Linho Urban Next Sofás"
"240706500","IAC_240706500_Plaina Elétrica Black+Decker 710W BEW712","G:\Drives compartilhados\OAK-WORKSPACE\01 - JOBS\03 - IA E-COMMERCE\EM_ANDAMENTO\2026-08-AGOSTO\IAC_240706500_Plaina Elétrica Black+Decker 710W BEW712"
"240693700","IAC_240693700_Mop Bettanin Noviça BT1983","G:\Drives compartilhados\OAK-WORKSPACE\01 - JOBS\03 - IA E-COMMERCE\EM_ANDAMENTO\2026-08-AGOSTO\IAC_240693700_Mop Bettanin Noviça BT1983"
"240706600","IAC_240706600_Lavadora de Alta Pressão Black+Decker 350 psi BCPW350E1-BR","G:\Drives compartilhados\OAK-WORKSPACE\01 - JOBS\03 - IA E-COMMERCE\EM_ANDAMENTO\2026-08-AGOSTO\IAC_240706600_Lavadora de Alta Pressão Black+Decker 350 psi BCPW350E1-BR"
"240435300","IAC_240435300_Base Cama Box Queen Gazin Bipartida 27x158x198cm Esmeralda","G:\Drives compartilhados\OAK-WORKSPACE\01 - JOBS\03 - IA E-COMMERCE\EM_ANDAMENTO\2026-08-AGOSTO\IAC_240435300_Base Cama Box Queen Gazin Bipartida 27x158x198cm Esmeralda"
"240453200","IAC_240453200_Bancada de Cozinha Luciane MDF Aura","G:\Drives compartilhados\OAK-WORKSPACE\01 - JOBS\03 - IA E-COMMERCE\EM_ANDAMENTO\2026-08-AGOSTO\IAC_240453200_Bancada de Cozinha Luciane MDF Aura"
"240453300","IAC_240453300_Armário de Cozinha Aéreo MDF Luciane Aura 2 Portas 80x80cm","G:\Drives compartilhados\OAK-WORKSPACE\01 - JOBS\03 - IA E-COMMERCE\EM_ANDAMENTO\2026-08-AGOSTO\IAC_240453300_Armário de Cozinha Aéreo MDF Luciane Aura 2 Portas 80x80cm"
"240445500","IAC_240445500_Mesa de Jantar 4 Cadeiras Retangular Frassino Móveis Lopas Celebrare","G:\Drives compartilhados\OAK-WORKSPACE\01 - JOBS\03 - IA E-COMMERCE\EM_ANDAMENTO\2026-08-AGOSTO\IAC_240445500_Mesa de Jantar 4 Cadeiras Retangular Frassino Móveis Lopas Celebrare"
"240451100","IAC_240451100_Triciclo Infantil de Pedal Little Colli","G:\Drives compartilhados\OAK-WORKSPACE\01 - JOBS\03 - IA E-COMMERCE\EM_ANDAMENTO\2026-08-AGOSTO\IAC_240451100_Triciclo Infantil de Pedal Little Colli"
"240435700","IAC_240435700_Base Cama Box King Gazin Bipartido 27x193x203cm Veneza","G:\Drives compartilhados\OAK-WORKSPACE\01 - JOBS\03 - IA E-COMMERCE\EM_ANDAMENTO\2026-08-AGOSTO\IAC_240435700_Base Cama Box King Gazin Bipartido 27x193x203cm Veneza"
"240419900","IAC_240419900_Monitor 100Hz Full HD Widescreen 1ms AOC B3H 24B3HMF2 23,8- HDMI","G:\Drives compartilhados\OAK-WORKSPACE\01 - JOBS\03 - IA E-COMMERCE\EM_ANDAMENTO\2026-08-AGOSTO\IAC_240419900_Monitor 100Hz Full HD Widescreen 1ms AOC B3H 24B3HMF2 23,8- HDMI"
"240431100","IAC_240431100_Guarda-roupa Casal com Espelho 6 Gavetas 3 Portas Moval Móveis Inspiração Arizona","G:\Drives compartilhados\OAK-WORKSPACE\01 - JOBS\03 - IA E-COMMERCE\EM_ANDAMENTO\2026-08-AGOSTO\IAC_240431100_Guarda-roupa Casal com Espelho 6 Gavetas 3 Portas Moval Móveis Inspiração Arizona"
"240453400","IAC_240453400_Armário de Cozinha Compacta Luciane Aura com Balcão 9 Portas 2 Gavetas 100% MDF","G:\Drives compartilhados\OAK-WORKSPACE\01 - JOBS\03 - IA E-COMMERCE\EM_ANDAMENTO\2026-08-AGOSTO\IAC_240453400_Armário de Cozinha Compacta Luciane Aura com Balcão 9 Portas 2 Gavetas 100% MDF"
"240554400","IAC_240554400_Fechadura Digital ELG SCFD100PR com Senha de Embutir","G:\Drives compartilhados\OAK-WORKSPACE\01 - JOBS\03 - IA E-COMMERCE\EM_ANDAMENTO\2026-08-AGOSTO\IAC_240554400_Fechadura Digital ELG SCFD100PR com Senha de Embutir"
"240556600","IAC_240556600_Carrinho de Bebê Cosco Kids Lummy até 22kg","G:\Drives compartilhados\OAK-WORKSPACE\01 - JOBS\03 - IA E-COMMERCE\EM_ANDAMENTO\2026-08-AGOSTO\IAC_240556600_Carrinho de Bebê Cosco Kids Lummy até 22kg"
"240554600","IAC_240554600_Câmera Inteligente Wi-Fi ELG Full HD Full Color SHCF602","G:\Drives compartilhados\OAK-WORKSPACE\01 - JOBS\03 - IA E-COMMERCE\EM_ANDAMENTO\2026-08-AGOSTO\IAC_240554600_Câmera Inteligente Wi-Fi ELG Full HD Full Color SHCF602"
"240466900","IAC_240466900_Carrinho de Bebê Cosco Kids Toffy 3 Rodas até 15kg","G:\Drives compartilhados\OAK-WORKSPACE\01 - JOBS\03 - IA E-COMMERCE\EM_ANDAMENTO\2026-08-AGOSTO\IAC_240466900_Carrinho de Bebê Cosco Kids Toffy 3 Rodas até 15kg"
"240554500","IAC_240554500_Fechadura Digital ELG SCFD100CZ com Senha de Embutir","G:\Drives compartilhados\OAK-WORKSPACE\01 - JOBS\03 - IA E-COMMERCE\EM_ANDAMENTO\2026-08-AGOSTO\IAC_240554500_Fechadura Digital ELG SCFD100CZ com Senha de Embutir"
"240591200","IAC_240591200_Sofá 3 Lugares Retrátil Reclinável Linho Urban Next Sofás","G:\Drives compartilhados\OAK-WORKSPACE\01 - JOBS\03 - IA E-COMMERCE\EM_ANDAMENTO\2026-08-AGOSTO\IAC_240591200_Sofá 3 Lugares Retrátil Reclinável Linho Urban Next Sofás"
"240454800","IAC_240454800_Soundbar JBL Bar Series 800MK2 7.1 Bluetooth com Subwoofer sem Fio 360W USB","G:\Drives compartilhados\OAK-WORKSPACE\01 - JOBS\03 - IA E-COMMERCE\EM_ANDAMENTO\2026-08-AGOSTO\IAC_240454800_Soundbar JBL Bar Series 800MK2 7.1 Bluetooth com Subwoofer sem Fio 360W USB"
"240557200","IAC_240557200_Carrinho de Bebê Safety 1st Magnific até 15kg","G:\Drives compartilhados\OAK-WORKSPACE\01 - JOBS\03 - IA E-COMMERCE\EM_ANDAMENTO\2026-08-AGOSTO\IAC_240557200_Carrinho de Bebê Safety 1st Magnific até 15kg"
"240453500","IAC_240453500_Cristaleira 2 Portas 5 Prateleiras Carvalho Luciane Athenas","G:\Drives compartilhados\OAK-WORKSPACE\01 - JOBS\03 - IA E-COMMERCE\EM_ANDAMENTO\2026-08-AGOSTO\IAC_240453500_Cristaleira 2 Portas 5 Prateleiras Carvalho Luciane Athenas"
"240558700","IAC_240558700_Base para Bebê Conforto Cosco Kids Wizz com Isofix até 13kg","G:\Drives compartilhados\OAK-WORKSPACE\01 - JOBS\03 - IA E-COMMERCE\EM_ANDAMENTO\2026-08-AGOSTO\IAC_240558700_Base para Bebê Conforto Cosco Kids Wizz com Isofix até 13kg"
"240556400","IAC_240556400_Carrinho de Bebê Cosco Kids Reverse até 15kg","G:\Drives compartilhados\OAK-WORKSPACE\01 - JOBS\03 - IA E-COMMERCE\EM_ANDAMENTO\2026-08-AGOSTO\IAC_240556400_Carrinho de Bebê Cosco Kids Reverse até 15kg"
"240572900","IAC_240572900_Cama Casal Móveis Lopas Reali Amêndoa Clean e Off White","G:\Drives compartilhados\OAK-WORKSPACE\01 - JOBS\03 - IA E-COMMERCE\EM_ANDAMENTO\2026-08-AGOSTO\IAC_240572900_Cama Casal Móveis Lopas Reali Amêndoa Clean e Off White"
"240554800","IAC_240554800_Fechadura Digital ELG SHFD701 com Senha e Cartão de Embutir Wi-Fi","G:\Drives compartilhados\OAK-WORKSPACE\01 - JOBS\03 - IA E-COMMERCE\EM_ANDAMENTO\2026-08-AGOSTO\IAC_240554800_Fechadura Digital ELG SHFD701 com Senha e Cartão de Embutir Wi-Fi"
"240413600","IAC_240413600_Bicicleta Infantil Aro 12 Verden 10508 Peppa George Azul e Verde com Rodinhas","G:\Drives compartilhados\OAK-WORKSPACE\01 - JOBS\03 - IA E-COMMERCE\EM_ANDAMENTO\2026-08-AGOSTO\IAC_240413600_Bicicleta Infantil Aro 12 Verden 10508 Peppa George Azul e Verde com Rodinhas"
"240413400","IAC_240413400_Bicicleta Infantil Aro 12 Verden 10509 Princy Rosa e Roxa com Rodinhas","G:\Drives compartilhados\OAK-WORKSPACE\01 - JOBS\03 - IA E-COMMERCE\EM_ANDAMENTO\2026-08-AGOSTO\IAC_240413400_Bicicleta Infantil Aro 12 Verden 10509 Princy Rosa e Roxa com Rodinhas"
"240410700","IAC_240410700_Caminhão de Brinquedo City Reboque Speedway","G:\Drives compartilhados\OAK-WORKSPACE\01 - JOBS\03 - IA E-COMMERCE\EM_ANDAMENTO\2026-08-AGOSTO\IAC_240410700_Caminhão de Brinquedo City Reboque Speedway"
"240405300","IAC_240405300_Liquidificador de Brinquedo LP Toys Happy Family","G:\Drives compartilhados\OAK-WORKSPACE\01 - JOBS\03 - IA E-COMMERCE\EM_ANDAMENTO\2026-08-AGOSTO\IAC_240405300_Liquidificador de Brinquedo LP Toys Happy Family"
"240411200","IAC_240411200_Andador Infantil Macaco Mattel Fisher-Price Aprenda Comigo Musical","G:\Drives compartilhados\OAK-WORKSPACE\01 - JOBS\03 - IA E-COMMERCE\EM_ANDAMENTO\2026-08-AGOSTO\IAC_240411200_Andador Infantil Macaco Mattel Fisher-Price Aprenda Comigo Musical"
"240404700","IAC_240404700_Piscina de Bolinha Astronauta Galáctico","G:\Drives compartilhados\OAK-WORKSPACE\01 - JOBS\03 - IA E-COMMERCE\EM_ANDAMENTO\2026-08-AGOSTO\IAC_240404700_Piscina de Bolinha Astronauta Galáctico"
"240400300","IAC_240400300_Lavadora de Alta Pressão Wap Ousada Plus 2200 Ultra 1750 Libras 1500W","G:\Drives compartilhados\OAK-WORKSPACE\01 - JOBS\03 - IA E-COMMERCE\EM_ANDAMENTO\2026-08-AGOSTO\IAC_240400300_Lavadora de Alta Pressão Wap Ousada Plus 2200 Ultra 1750 Libras 1500W"
"240419100","IAC_240419100_Monitor Gamer AOC Agon Pro CS24A-P 24,1- Full HD 610Hz 0,3ms HDMI DisplayPort G-Sync CS24A-P-78","G:\Drives compartilhados\OAK-WORKSPACE\01 - JOBS\03 - IA E-COMMERCE\EM_ANDAMENTO\2026-08-AGOSTO\IAC_240419100_Monitor Gamer AOC Agon Pro CS24A-P 24,1- Full HD 610Hz 0,3ms HDMI DisplayPort G-Sync CS24A-P-78"
"240366800","IAC_240366800_Aparelho de Jantar e Chá 20 Peças Oxford de Porcelana Verde Ryo Bambu","G:\Drives compartilhados\OAK-WORKSPACE\01 - JOBS\03 - IA E-COMMERCE\EM_ANDAMENTO\2026-08-AGOSTO\IAC_240366800_Aparelho de Jantar e Chá 20 Peças Oxford de Porcelana Verde Ryo Bambu"
"240350200","IAC_240350200_Lançador de Dardos Phantom Bullet Lulie Kids","G:\Drives compartilhados\OAK-WORKSPACE\01 - JOBS\03 - IA E-COMMERCE\EM_ANDAMENTO\2026-08-AGOSTO\IAC_240350200_Lançador de Dardos Phantom Bullet Lulie Kids"
"240367200","IAC_240367200_Aparelho de Jantar e Chá 20 Peças Oxford de Porcelana Azul Ryo Galápagos","G:\Drives compartilhados\OAK-WORKSPACE\01 - JOBS\03 - IA E-COMMERCE\EM_ANDAMENTO\2026-08-AGOSTO\IAC_240367200_Aparelho de Jantar e Chá 20 Peças Oxford de Porcelana Azul Ryo Galápagos"
"240366400","IAC_240366400_Aparelho de Jantar e Chá 20 Peças Oxford Daily Redondo Azul Unni Oceânica","G:\Drives compartilhados\OAK-WORKSPACE\01 - JOBS\03 - IA E-COMMERCE\EM_ANDAMENTO\2026-08-AGOSTO\IAC_240366400_Aparelho de Jantar e Chá 20 Peças Oxford Daily Redondo Azul Unni Oceânica"
"240351200","IAC_240351200_Patinete Infantil 3 Rodas Gato Lullie Sport","G:\Drives compartilhados\OAK-WORKSPACE\01 - JOBS\03 - IA E-COMMERCE\EM_ANDAMENTO\2026-08-AGOSTO\IAC_240351200_Patinete Infantil 3 Rodas Gato Lullie Sport"
"240367500","IAC_240367500_Aparelho de Jantar 20 Peças Oxford Porcelana Preto Ryo Volcano","G:\Drives compartilhados\OAK-WORKSPACE\01 - JOBS\03 - IA E-COMMERCE\EM_ANDAMENTO\2026-08-AGOSTO\IAC_240367500_Aparelho de Jantar 20 Peças Oxford Porcelana Preto Ryo Volcano"
"240350500","IAC_240350500_Lançador de Dardos Lullie Kids Phantom Bullet","G:\Drives compartilhados\OAK-WORKSPACE\01 - JOBS\03 - IA E-COMMERCE\EM_ANDAMENTO\2026-08-AGOSTO\IAC_240350500_Lançador de Dardos Lullie Kids Phantom Bullet"
"240367100","IAC_240367100_Aparelho de Jantar e Chá 20 Peças Oxford Daily Redondo de Cerâmica Unni Orquídea","G:\Drives compartilhados\OAK-WORKSPACE\01 - JOBS\03 - IA E-COMMERCE\EM_ANDAMENTO\2026-08-AGOSTO\IAC_240367100_Aparelho de Jantar e Chá 20 Peças Oxford Daily Redondo de Cerâmica Unni Orquídea"
"240347800","IAC_240347800_Dinossauro ML100 Lullie Kids 6 Unidades","G:\Drives compartilhados\OAK-WORKSPACE\01 - JOBS\03 - IA E-COMMERCE\EM_ANDAMENTO\2026-08-AGOSTO\IAC_240347800_Dinossauro ML100 Lullie Kids 6 Unidades"
"240348100","IAC_240348100_Kit de Ferramentas de Brinquedo Tool Set 18 Peças","G:\Drives compartilhados\OAK-WORKSPACE\01 - JOBS\03 - IA E-COMMERCE\EM_ANDAMENTO\2026-08-AGOSTO\IAC_240348100_Kit de Ferramentas de Brinquedo Tool Set 18 Peças"
"240295500","IAC_240295500_Chapinha Profissional Taiff New Look com Íons 240ºC 100149","G:\Drives compartilhados\OAK-WORKSPACE\01 - JOBS\03 - IA E-COMMERCE\EM_ANDAMENTO\2026-08-AGOSTO\IAC_240295500_Chapinha Profissional Taiff New Look com Íons 240ºC 100149"
"240301500","IAC_240301500_Base Cama Box Queen Umaflex Bipartida 26x158x198cm Sonno Di Firenze","G:\Drives compartilhados\OAK-WORKSPACE\01 - JOBS\03 - IA E-COMMERCE\EM_ANDAMENTO\2026-08-AGOSTO\IAC_240301500_Base Cama Box Queen Umaflex Bipartida 26x158x198cm Sonno Di Firenze"
"240347600","IAC_240347600_Cozinha Infantil Kit Almoço Lulie Kids","G:\Drives compartilhados\OAK-WORKSPACE\01 - JOBS\03 - IA E-COMMERCE\EM_ANDAMENTO\2026-08-AGOSTO\IAC_240347600_Cozinha Infantil Kit Almoço Lulie Kids"
"240369200","IAC_240369200_Carrinho de Bebê Safety 1st Spark Plus 0 a 22kg","G:\Drives compartilhados\OAK-WORKSPACE\01 - JOBS\03 - IA E-COMMERCE\EM_ANDAMENTO\2026-08-AGOSTO\IAC_240369200_Carrinho de Bebê Safety 1st Spark Plus 0 a 22kg"
"240384800","IAC_240384800_LEGO Diversão no Parquinho com Bluey e Chloe 11201","G:\Drives compartilhados\OAK-WORKSPACE\01 - JOBS\03 - IA E-COMMERCE\EM_ANDAMENTO\2026-08-AGOSTO\IAC_240384800_LEGO Diversão no Parquinho com Bluey e Chloe 11201"
"240367900","IAC_240367900_Andador Infantil Maral Macaco Baby Walker de Empurrar Emite Som","G:\Drives compartilhados\OAK-WORKSPACE\01 - JOBS\03 - IA E-COMMERCE\EM_ANDAMENTO\2026-08-AGOSTO\IAC_240367900_Andador Infantil Maral Macaco Baby Walker de Empurrar Emite Som"
"240383300","IAC_240383300_LEGO O Creeper 21276 665 Peças","G:\Drives compartilhados\OAK-WORKSPACE\01 - JOBS\03 - IA E-COMMERCE\EM_ANDAMENTO\2026-08-AGOSTO\IAC_240383300_LEGO O Creeper 21276 665 Peças"
"240380600","IAC_240380600_LEGO A Casa de Dinamite na Selva 21275 287 Peças","G:\Drives compartilhados\OAK-WORKSPACE\01 - JOBS\03 - IA E-COMMERCE\EM_ANDAMENTO\2026-08-AGOSTO\IAC_240380600_LEGO A Casa de Dinamite na Selva 21275 287 Peças"
"240367300","IAC_240367300_Conjunto para Servir Oxford Brisa 2 Peças de Cerâmica","G:\Drives compartilhados\OAK-WORKSPACE\01 - JOBS\03 - IA E-COMMERCE\EM_ANDAMENTO\2026-08-AGOSTO\IAC_240367300_Conjunto para Servir Oxford Brisa 2 Peças de Cerâmica"
"240351000","IAC_240351000_Lançador de Dardos Phantom Bullet Lulie Kids","G:\Drives compartilhados\OAK-WORKSPACE\01 - JOBS\03 - IA E-COMMERCE\EM_ANDAMENTO\2026-08-AGOSTO\IAC_240351000_Lançador de Dardos Phantom Bullet Lulie Kids"
"240366300","IAC_240366300_Conjunto para Servir Oxford Brisa 4 Peças de Cerâmica","G:\Drives compartilhados\OAK-WORKSPACE\01 - JOBS\03 - IA E-COMMERCE\EM_ANDAMENTO\2026-08-AGOSTO\IAC_240366300_Conjunto para Servir Oxford Brisa 4 Peças de Cerâmica"
"240366600","IAC_240366600_Aparelho de Jantar e Chá 20 Peças Oxford de Porcelana Azul Ryo Blue Bay","G:\Drives compartilhados\OAK-WORKSPACE\01 - JOBS\03 - IA E-COMMERCE\EM_ANDAMENTO\2026-08-AGOSTO\IAC_240366600_Aparelho de Jantar e Chá 20 Peças Oxford de Porcelana Azul Ryo Blue Bay"
"240366900","IAC_240366900_Aparelho de Jantar e Chá 20 Peças Biona Redondo de Cerâmica Azul Donna 24 Margaridas","G:\Drives compartilhados\OAK-WORKSPACE\01 - JOBS\03 - IA E-COMMERCE\EM_ANDAMENTO\2026-08-AGOSTO\IAC_240366900_Aparelho de Jantar e Chá 20 Peças Biona Redondo de Cerâmica Azul Donna 24 Margaridas"
"240400400","IAC_240400400_Furadeira e Parafusadeira  de Impacto WAP a Bateria com Maleta 15 Peças WF 12K4.2","G:\Drives compartilhados\OAK-WORKSPACE\01 - JOBS\03 - IA E-COMMERCE\EM_ANDAMENTO\2026-08-AGOSTO\IAC_240400400_Furadeira e Parafusadeira  de Impacto WAP a Bateria com Maleta 15 Peças WF 12K4.2"
"240385600","IAC_240385600_LEGO O Encontro com o Guarda 21274 238 Peças","G:\Drives compartilhados\OAK-WORKSPACE\01 - JOBS\03 - IA E-COMMERCE\EM_ANDAMENTO\2026-08-AGOSTO\IAC_240385600_LEGO O Encontro com o Guarda 21274 238 Peças"
"240400100","IAC_240400100_Furadeira e Parafusadeira de Impacto Wap 700W 2 Peças WF 700FE","G:\Drives compartilhados\OAK-WORKSPACE\01 - JOBS\03 - IA E-COMMERCE\EM_ANDAMENTO\2026-08-AGOSTO\IAC_240400100_Furadeira e Parafusadeira de Impacto Wap 700W 2 Peças WF 700FE"
"240385900","IAC_240385900_LEGO Castelo e Animais de Estimação das Princesas","G:\Drives compartilhados\OAK-WORKSPACE\01 - JOBS\03 - IA E-COMMERCE\EM_ANDAMENTO\2026-08-AGOSTO\IAC_240385900_LEGO Castelo e Animais de Estimação das Princesas"
"240397400","IAC_240397400_Kit Carrinhos Patrulha Canina Rescue Wheels","G:\Drives compartilhados\OAK-WORKSPACE\01 - JOBS\03 - IA E-COMMERCE\EM_ANDAMENTO\2026-08-AGOSTO\IAC_240397400_Kit Carrinhos Patrulha Canina Rescue Wheels"
"240287500","IAC_240287500_Jogo de Panelas Tefal Inox Fundo Triplo 4 Peças Ingenio","G:\Drives compartilhados\OAK-WORKSPACE\01 - JOBS\03 - IA E-COMMERCE\EM_ANDAMENTO\2026-08-AGOSTO\IAC_240287500_Jogo de Panelas Tefal Inox Fundo Triplo 4 Peças Ingenio"
"240278200","IAC_240278200_Cozinha Infantil de Madeira Macaroon Janod","G:\Drives compartilhados\OAK-WORKSPACE\01 - JOBS\03 - IA E-COMMERCE\EM_ANDAMENTO\2026-08-AGOSTO\IAC_240278200_Cozinha Infantil de Madeira Macaroon Janod"
"240264500","IAC_240264500_LEGO Cabana da Vila Fusha 75636","G:\Drives compartilhados\OAK-WORKSPACE\01 - JOBS\03 - IA E-COMMERCE\EM_ANDAMENTO\2026-08-AGOSTO\IAC_240264500_LEGO Cabana da Vila Fusha 75636"
"240348500","IAC_240348500_Barraca Infantil Stitch Disney Nylon e Ferro","G:\Drives compartilhados\OAK-WORKSPACE\01 - JOBS\03 - IA E-COMMERCE\EM_ANDAMENTO\2026-08-AGOSTO\IAC_240348500_Barraca Infantil Stitch Disney Nylon e Ferro"
"240348400","IAC_240348400_Patinete Infantil 3 Rodas Stitch Disney Azul","G:\Drives compartilhados\OAK-WORKSPACE\01 - JOBS\03 - IA E-COMMERCE\EM_ANDAMENTO\2026-08-AGOSTO\IAC_240348400_Patinete Infantil 3 Rodas Stitch Disney Azul"
"240349100","IAC_240349100_Cozinha Infantil Lulie Kids","G:\Drives compartilhados\OAK-WORKSPACE\01 - JOBS\03 - IA E-COMMERCE\EM_ANDAMENTO\2026-08-AGOSTO\IAC_240349100_Cozinha Infantil Lulie Kids"
"240349800","IAC_240349800_Kit Cozinha Infantil Café da Manhã Lulie Kids","G:\Drives compartilhados\OAK-WORKSPACE\01 - JOBS\03 - IA E-COMMERCE\EM_ANDAMENTO\2026-08-AGOSTO\IAC_240349800_Kit Cozinha Infantil Café da Manhã Lulie Kids"
"240348300","IAC_240348300_Cavalete de Pintura Infantil 62cm Lulie Kids","G:\Drives compartilhados\OAK-WORKSPACE\01 - JOBS\03 - IA E-COMMERCE\EM_ANDAMENTO\2026-08-AGOSTO\IAC_240348300_Cavalete de Pintura Infantil 62cm Lulie Kids"
"240302800","IAC_240302800_Posto de Gasolina de Brinquedo Volcano Garage","G:\Drives compartilhados\OAK-WORKSPACE\01 - JOBS\03 - IA E-COMMERCE\EM_ANDAMENTO\2026-08-AGOSTO\IAC_240302800_Posto de Gasolina de Brinquedo Volcano Garage"
"240350000","IAC_240350000_Dinossauro de Brinquedo ML102 Emite Som","G:\Drives compartilhados\OAK-WORKSPACE\01 - JOBS\03 - IA E-COMMERCE\EM_ANDAMENTO\2026-08-AGOSTO\IAC_240350000_Dinossauro de Brinquedo ML102 Emite Som"
"240349000","IAC_240349000_Cozinha Infantil Conjunto Cozinha Infantil","G:\Drives compartilhados\OAK-WORKSPACE\01 - JOBS\03 - IA E-COMMERCE\EM_ANDAMENTO\2026-08-AGOSTO\IAC_240349000_Cozinha Infantil Conjunto Cozinha Infantil"
"240347100","IAC_240347100_Carrinho de Controle Remoto Speed Stunt Car","G:\Drives compartilhados\OAK-WORKSPACE\01 - JOBS\03 - IA E-COMMERCE\EM_ANDAMENTO\2026-08-AGOSTO\IAC_240347100_Carrinho de Controle Remoto Speed Stunt Car"
"240288000","IAC_240288000_Cadeirinha para Auto Galzerano Maximus 8012TF até 25kg 2 Posições","G:\Drives compartilhados\OAK-WORKSPACE\01 - JOBS\03 - IA E-COMMERCE\EM_ANDAMENTO\2026-08-AGOSTO\IAC_240288000_Cadeirinha para Auto Galzerano Maximus 8012TF até 25kg 2 Posições"
"240349700","IAC_240349700_Jogo Fut&Hóquei 2 em 1 Lulie Kids","G:\Drives compartilhados\OAK-WORKSPACE\01 - JOBS\03 - IA E-COMMERCE\EM_ANDAMENTO\2026-08-AGOSTO\IAC_240349700_Jogo Fut&Hóquei 2 em 1 Lulie Kids"
"240348900","IAC_240348900_Tambor de Brinquedo ML078 Lulie Baby","G:\Drives compartilhados\OAK-WORKSPACE\01 - JOBS\03 - IA E-COMMERCE\EM_ANDAMENTO\2026-08-AGOSTO\IAC_240348900_Tambor de Brinquedo ML078 Lulie Baby"
"240245800","IAC_240245800_Mesa de Atividades Play Time Mesa Didática","G:\Drives compartilhados\OAK-WORKSPACE\01 - JOBS\03 - IA E-COMMERCE\EM_ANDAMENTO\2026-08-AGOSTO\IAC_240245800_Mesa de Atividades Play Time Mesa Didática"
"240255000","IAC_240255000_Volante de Brinquedo Fom Fom Emite Som Elka","G:\Drives compartilhados\OAK-WORKSPACE\01 - JOBS\03 - IA E-COMMERCE\EM_ANDAMENTO\2026-08-AGOSTO\IAC_240255000_Volante de Brinquedo Fom Fom Emite Som Elka"
"240255100","IAC_240255100_Brinquedo Interativo Caixa de Brincadeiras Elka","G:\Drives compartilhados\OAK-WORKSPACE\01 - JOBS\03 - IA E-COMMERCE\EM_ANDAMENTO\2026-08-AGOSTO\IAC_240255100_Brinquedo Interativo Caixa de Brincadeiras Elka"
"240246800","IAC_240246800_Monitor BenQ 27- SW272Q 27- 2K Quad HD IPS 99% Adobe RGB, 98% P3 Delta E ≤ 1.5 com USB-C Thunderbol","G:\Drives compartilhados\OAK-WORKSPACE\01 - JOBS\03 - IA E-COMMERCE\EM_ANDAMENTO\2026-08-AGOSTO\IAC_240246800_Monitor BenQ 27- SW272Q 27- 2K Quad HD IPS 99% Adobe RGB, 98% P3 Delta E ≤ 1.5 com USB-C Thunderbol"
"240255700","IAC_240255700_LEGO Art Vincent van Gogh- Girassóis","G:\Drives compartilhados\OAK-WORKSPACE\01 - JOBS\03 - IA E-COMMERCE\EM_ANDAMENTO\2026-08-AGOSTO\IAC_240255700_LEGO Art Vincent van Gogh- Girassóis"
"240241500","IAC_240241500_Brinquedo de Encaixar Coleção Baby Land Carrinho","G:\Drives compartilhados\OAK-WORKSPACE\01 - JOBS\03 - IA E-COMMERCE\EM_ANDAMENTO\2026-08-AGOSTO\IAC_240241500_Brinquedo de Encaixar Coleção Baby Land Carrinho"
"240241900","IAC_240241900_Bateria de Brinquedo Coleção Baby Land","G:\Drives compartilhados\OAK-WORKSPACE\01 - JOBS\03 - IA E-COMMERCE\EM_ANDAMENTO\2026-08-AGOSTO\IAC_240241900_Bateria de Brinquedo Coleção Baby Land"
"240262500","IAC_240262500_LEGO Corrida de Motocicleta Veloz do Kai 71838","G:\Drives compartilhados\OAK-WORKSPACE\01 - JOBS\03 - IA E-COMMERCE\EM_ANDAMENTO\2026-08-AGOSTO\IAC_240262500_LEGO Corrida de Motocicleta Veloz do Kai 71838"
"240236000","IAC_240236000_Kit Massinha Play-Doh Mini Kit Veterinário Hasbro","G:\Drives compartilhados\OAK-WORKSPACE\01 - JOBS\03 - IA E-COMMERCE\EM_ANDAMENTO\2026-08-AGOSTO\IAC_240236000_Kit Massinha Play-Doh Mini Kit Veterinário Hasbro"
"240237100","IAC_240237100_Kit Massinha Play-Doh Hasbro com 8 Potes","G:\Drives compartilhados\OAK-WORKSPACE\01 - JOBS\03 - IA E-COMMERCE\EM_ANDAMENTO\2026-08-AGOSTO\IAC_240237100_Kit Massinha Play-Doh Hasbro com 8 Potes"
"240212700","IAC_240212700_Patinete Infantil 3 Rodas Bandeirante Skatenet Max LED Pink","G:\Drives compartilhados\OAK-WORKSPACE\01 - JOBS\03 - IA E-COMMERCE\EM_ANDAMENTO\2026-08-AGOSTO\IAC_240212700_Patinete Infantil 3 Rodas Bandeirante Skatenet Max LED Pink"
"240240800","IAC_240240800_Brinquedo de Encaixar Coleção Baby Land","G:\Drives compartilhados\OAK-WORKSPACE\01 - JOBS\03 - IA E-COMMERCE\EM_ANDAMENTO\2026-08-AGOSTO\IAC_240240800_Brinquedo de Encaixar Coleção Baby Land"
"240193600","IAC_240193600_Porta-Mantimentos de Plástico Hermético Retangular 150ml Ou Block","G:\Drives compartilhados\OAK-WORKSPACE\01 - JOBS\03 - IA E-COMMERCE\EM_ANDAMENTO\2026-08-AGOSTO\IAC_240193600_Porta-Mantimentos de Plástico Hermético Retangular 150ml Ou Block"
"240214500","IAC_240214500_Triciclo Infantil de Pedal Mototico Bandeirante","G:\Drives compartilhados\OAK-WORKSPACE\01 - JOBS\03 - IA E-COMMERCE\EM_ANDAMENTO\2026-08-AGOSTO\IAC_240214500_Triciclo Infantil de Pedal Mototico Bandeirante"
"240205100","IAC_240205100_Cômoda Multiuso com Sapateira 8 Gavetas 2 Portas Móveis Lopas Toronto","G:\Drives compartilhados\OAK-WORKSPACE\01 - JOBS\03 - IA E-COMMERCE\EM_ANDAMENTO\2026-08-AGOSTO\IAC_240205100_Cômoda Multiuso com Sapateira 8 Gavetas 2 Portas Móveis Lopas Toronto"
"240193300","IAC_240193300_Caixa Organizadora de Rolos com Tampa Ou Clear Branca","G:\Drives compartilhados\OAK-WORKSPACE\01 - JOBS\03 - IA E-COMMERCE\EM_ANDAMENTO\2026-08-AGOSTO\IAC_240193300_Caixa Organizadora de Rolos com Tampa Ou Clear Branca"
"240191100","IAC_240191100_Porta-Mantimentos de Plástico Hermético Retangular 150ml Ou Block","G:\Drives compartilhados\OAK-WORKSPACE\01 - JOBS\03 - IA E-COMMERCE\EM_ANDAMENTO\2026-08-AGOSTO\IAC_240191100_Porta-Mantimentos de Plástico Hermético Retangular 150ml Ou Block"
"240192500","IAC_240192500_Porta Sabão com Tampa Dosadora 2,3L Ou Flow","G:\Drives compartilhados\OAK-WORKSPACE\01 - JOBS\03 - IA E-COMMERCE\EM_ANDAMENTO\2026-08-AGOSTO\IAC_240192500_Porta Sabão com Tampa Dosadora 2,3L Ou Flow"
"240191300","IAC_240191300_Kit Pia para Cozinha Chumbo Ou Trium 4 Peças","G:\Drives compartilhados\OAK-WORKSPACE\01 - JOBS\03 - IA E-COMMERCE\EM_ANDAMENTO\2026-08-AGOSTO\IAC_240191300_Kit Pia para Cozinha Chumbo Ou Trium 4 Peças"
"240212900","IAC_240212900_Triciclo Infantil de Pedal Mototico Bandeirante","G:\Drives compartilhados\OAK-WORKSPACE\01 - JOBS\03 - IA E-COMMERCE\EM_ANDAMENTO\2026-08-AGOSTO\IAC_240212900_Triciclo Infantil de Pedal Mototico Bandeirante"
"240193700","IAC_240193700_Guarda-roupa Casal 4 Gavetas 6 Portas Caemmun Acacius","G:\Drives compartilhados\OAK-WORKSPACE\01 - JOBS\03 - IA E-COMMERCE\EM_ANDAMENTO\2026-08-AGOSTO\IAC_240193700_Guarda-roupa Casal 4 Gavetas 6 Portas Caemmun Acacius"
"240211300","IAC_240211300_Escrivaninha 3 Gavetas Móveis Albatroz Mimo Doble","G:\Drives compartilhados\OAK-WORKSPACE\01 - JOBS\03 - IA E-COMMERCE\EM_ANDAMENTO\2026-08-AGOSTO\IAC_240211300_Escrivaninha 3 Gavetas Móveis Albatroz Mimo Doble"
"240205400","IAC_240205400_Cômoda Multiuso com Sapateira 8 Gavetas 2 Portas Móveis Lopas Toronto","G:\Drives compartilhados\OAK-WORKSPACE\01 - JOBS\03 - IA E-COMMERCE\EM_ANDAMENTO\2026-08-AGOSTO\IAC_240205400_Cômoda Multiuso com Sapateira 8 Gavetas 2 Portas Móveis Lopas Toronto"
"240153600","IAC_240153600_Cozinha Compacta Valdemóveis Rubi com Balcão 5 Portas 1 Gaveta","G:\Drives compartilhados\OAK-WORKSPACE\01 - JOBS\03 - IA E-COMMERCE\EM_ANDAMENTO\2026-08-AGOSTO\IAC_240153600_Cozinha Compacta Valdemóveis Rubi com Balcão 5 Portas 1 Gaveta"
"240181900","IAC_240181900_Robô Disney Stitch Wow Angel Emite Sons","G:\Drives compartilhados\OAK-WORKSPACE\01 - JOBS\03 - IA E-COMMERCE\EM_ANDAMENTO\2026-08-AGOSTO\IAC_240181900_Robô Disney Stitch Wow Angel Emite Sons"
"240134200","IAC_240134200_Berço Mini Cama Branco Moveis Peroba Harmonia","G:\Drives compartilhados\OAK-WORKSPACE\01 - JOBS\03 - IA E-COMMERCE\EM_ANDAMENTO\2026-08-AGOSTO\IAC_240134200_Berço Mini Cama Branco Moveis Peroba Harmonia"
"240132100","IAC_240132100_Berço Mini Cama Branco Moveis Peroba Ninho","G:\Drives compartilhados\OAK-WORKSPACE\01 - JOBS\03 - IA E-COMMERCE\EM_ANDAMENTO\2026-08-AGOSTO\IAC_240132100_Berço Mini Cama Branco Moveis Peroba Ninho"
"240145100","IAC_240145100_Sofá 3 Lugares Retrátil Reclinável Suede Califórnia JW Estofados","G:\Drives compartilhados\OAK-WORKSPACE\01 - JOBS\03 - IA E-COMMERCE\EM_ANDAMENTO\2026-08-AGOSTO\IAC_240145100_Sofá 3 Lugares Retrátil Reclinável Suede Califórnia JW Estofados"
"240133800","IAC_240133800_Guarda-roupa de Bebê 3 Gavetas 3 Portas Moveis Peroba Ninho","G:\Drives compartilhados\OAK-WORKSPACE\01 - JOBS\03 - IA E-COMMERCE\EM_ANDAMENTO\2026-08-AGOSTO\IAC_240133800_Guarda-roupa de Bebê 3 Gavetas 3 Portas Moveis Peroba Ninho"
"240156300","IAC_240156300_Cozinha Compacta Valdemóveis Rubi 5 Portas 1 Gaveta","G:\Drives compartilhados\OAK-WORKSPACE\01 - JOBS\03 - IA E-COMMERCE\EM_ANDAMENTO\2026-08-AGOSTO\IAC_240156300_Cozinha Compacta Valdemóveis Rubi 5 Portas 1 Gaveta"
"240152800","IAC_240152800_Mesa de Jantar 4 Cadeiras Retangular Henn Orus","G:\Drives compartilhados\OAK-WORKSPACE\01 - JOBS\03 - IA E-COMMERCE\EM_ANDAMENTO\2026-08-AGOSTO\IAC_240152800_Mesa de Jantar 4 Cadeiras Retangular Henn Orus"
"240152200","IAC_240152200_Mesa de Jantar8 Cadeiras Retangular Tampo de Vidro Henn Olívia","G:\Drives compartilhados\OAK-WORKSPACE\01 - JOBS\03 - IA E-COMMERCE\EM_ANDAMENTO\2026-08-AGOSTO\IAC_240152200_Mesa de Jantar8 Cadeiras Retangular Tampo de Vidro Henn Olívia"
"240187100","IAC_240187100_Pista Marvel Spider-Man Free Fall Candide","G:\Drives compartilhados\OAK-WORKSPACE\01 - JOBS\03 - IA E-COMMERCE\EM_ANDAMENTO\2026-08-AGOSTO\IAC_240187100_Pista Marvel Spider-Man Free Fall Candide"
"240186100","IAC_240186100_Pista Marvel Spider-Man Fire Jumper Candide","G:\Drives compartilhados\OAK-WORKSPACE\01 - JOBS\03 - IA E-COMMERCE\EM_ANDAMENTO\2026-08-AGOSTO\IAC_240186100_Pista Marvel Spider-Man Fire Jumper Candide"
"240192200","IAC_240192200_Lixeira para Cozinha com Pedal Basculante 12L Ou Trium","G:\Drives compartilhados\OAK-WORKSPACE\01 - JOBS\03 - IA E-COMMERCE\EM_ANDAMENTO\2026-08-AGOSTO\IAC_240192200_Lixeira para Cozinha com Pedal Basculante 12L Ou Trium"
"240185700","IAC_240185700_Kit Massinha Slimy Sugary Crush Candide","G:\Drives compartilhados\OAK-WORKSPACE\01 - JOBS\03 - IA E-COMMERCE\EM_ANDAMENTO\2026-08-AGOSTO\IAC_240185700_Kit Massinha Slimy Sugary Crush Candide"
"240187600","IAC_240187600_Pista Marvel Spider-Man Track Racer Candide","G:\Drives compartilhados\OAK-WORKSPACE\01 - JOBS\03 - IA E-COMMERCE\EM_ANDAMENTO\2026-08-AGOSTO\IAC_240187600_Pista Marvel Spider-Man Track Racer Candide"
"240183400","IAC_240183400_Carrinho de Controle Remoto Disney Stitch","G:\Drives compartilhados\OAK-WORKSPACE\01 - JOBS\03 - IA E-COMMERCE\EM_ANDAMENTO\2026-08-AGOSTO\IAC_240183400_Carrinho de Controle Remoto Disney Stitch"
"240183900","IAC_240183900_Kit Massinha Slimy Gelateria Crush Candide","G:\Drives compartilhados\OAK-WORKSPACE\01 - JOBS\03 - IA E-COMMERCE\EM_ANDAMENTO\2026-08-AGOSTO\IAC_240183900_Kit Massinha Slimy Gelateria Crush Candide"
"240053500","IAC_240053500_Sofá 4 Lugares Linho Lyon A2 Linoforte","G:\Drives compartilhados\OAK-WORKSPACE\01 - JOBS\03 - IA E-COMMERCE\EM_ANDAMENTO\2026-08-AGOSTO\IAC_240053500_Sofá 4 Lugares Linho Lyon A2 Linoforte"
"240055000","IAC_240055000_Sofá 4 Lugares Linho Lyon A2 Linoforte","G:\Drives compartilhados\OAK-WORKSPACE\01 - JOBS\03 - IA E-COMMERCE\EM_ANDAMENTO\2026-08-AGOSTO\IAC_240055000_Sofá 4 Lugares Linho Lyon A2 Linoforte"
"240040200","IAC_240040200_Balcão Multiuso Cantinho do Café com 2 portas Aramóveis Branco Denver","G:\Drives compartilhados\OAK-WORKSPACE\01 - JOBS\03 - IA E-COMMERCE\EM_ANDAMENTO\2026-08-AGOSTO\IAC_240040200_Balcão Multiuso Cantinho do Café com 2 portas Aramóveis Branco Denver"
"240003600","IAC_240003600_Guarda-roupa Casal 4 Gavetas 6 Portas Caemmun New Comodus","G:\Drives compartilhados\OAK-WORKSPACE\01 - JOBS\03 - IA E-COMMERCE\EM_ANDAMENTO\2026-08-AGOSTO\IAC_240003600_Guarda-roupa Casal 4 Gavetas 6 Portas Caemmun New Comodus"
"240094600","IAC_240094600_Armário de Cozinha Compacta Poliman Sicilia 7 portas com Nicho para Forno","G:\Drives compartilhados\OAK-WORKSPACE\01 - JOBS\03 - IA E-COMMERCE\EM_ANDAMENTO\2026-08-AGOSTO\IAC_240094600_Armário de Cozinha Compacta Poliman Sicilia 7 portas com Nicho para Forno"
"240063900","IAC_240063900_Painel para TV até 75- DJ Móveis Helo","G:\Drives compartilhados\OAK-WORKSPACE\01 - JOBS\03 - IA E-COMMERCE\EM_ANDAMENTO\2026-08-AGOSTO\IAC_240063900_Painel para TV até 75- DJ Móveis Helo"
"240019200","IAC_240019200_Cuscuzeira Panelux de Alumínio Antiaderente Magnific 2,4L 16cm","G:\Drives compartilhados\OAK-WORKSPACE\01 - JOBS\03 - IA E-COMMERCE\EM_ANDAMENTO\2026-08-AGOSTO\IAC_240019200_Cuscuzeira Panelux de Alumínio Antiaderente Magnific 2,4L 16cm"
"240124000","IAC_240124000_Bicicleta Aro 26- Colli Grau Freio a Disco 21 Marchas","G:\Drives compartilhados\OAK-WORKSPACE\01 - JOBS\03 - IA E-COMMERCE\EM_ANDAMENTO\2026-08-AGOSTO\IAC_240124000_Bicicleta Aro 26- Colli Grau Freio a Disco 21 Marchas"
"240040000","IAC_240040000_Armário Office Multiuso 2 Portas 7 Prateleiras Aramóveis Florença","G:\Drives compartilhados\OAK-WORKSPACE\01 - JOBS\03 - IA E-COMMERCE\EM_ANDAMENTO\2026-08-AGOSTO\IAC_240040000_Armário Office Multiuso 2 Portas 7 Prateleiras Aramóveis Florença"
"240110100","IAC_240110100_LEGO Technic Caminhão Caçamba Basculante 42203","G:\Drives compartilhados\OAK-WORKSPACE\01 - JOBS\03 - IA E-COMMERCE\EM_ANDAMENTO\2026-08-AGOSTO\IAC_240110100_LEGO Technic Caminhão Caçamba Basculante 42203"
"240015000","IAC_240015000_Sofá-cama 3 Lugares Casal Reclinável Facto e Linho Matrix Esther","G:\Drives compartilhados\OAK-WORKSPACE\01 - JOBS\03 - IA E-COMMERCE\EM_ANDAMENTO\2026-08-AGOSTO\IAC_240015000_Sofá-cama 3 Lugares Casal Reclinável Facto e Linho Matrix Esther"
"240109500","IAC_240109500_LEGO Duplo Disney Festa de Aniversário do Ursinho","G:\Drives compartilhados\OAK-WORKSPACE\01 - JOBS\03 - IA E-COMMERCE\EM_ANDAMENTO\2026-08-AGOSTO\IAC_240109500_LEGO Duplo Disney Festa de Aniversário do Ursinho"
"240051000","IAC_240051000_Sofá 2 Lugares Suéde Lisboa Linoforte","G:\Drives compartilhados\OAK-WORKSPACE\01 - JOBS\03 - IA E-COMMERCE\EM_ANDAMENTO\2026-08-AGOSTO\IAC_240051000_Sofá 2 Lugares Suéde Lisboa Linoforte"
"240121400","IAC_240121400_Guarda-roupa Casal 4 Gavetas 4 Portas Demobile Laredo","G:\Drives compartilhados\OAK-WORKSPACE\01 - JOBS\03 - IA E-COMMERCE\EM_ANDAMENTO\2026-08-AGOSTO\IAC_240121400_Guarda-roupa Casal 4 Gavetas 4 Portas Demobile Laredo"
"240163000","IAC_240163000_Guarda-roupa Casal com Espelho 4 Gavetas 6 Portas Made Marcs Torino","G:\Drives compartilhados\OAK-WORKSPACE\01 - JOBS\03 - IA E-COMMERCE\EM_ANDAMENTO\2026-08-AGOSTO\IAC_240163000_Guarda-roupa Casal com Espelho 4 Gavetas 6 Portas Made Marcs Torino"
"240155800","IAC_240155800_Mesa de Jantar 4 Cadeiras Quadrada Henn Dora","G:\Drives compartilhados\OAK-WORKSPACE\01 - JOBS\03 - IA E-COMMERCE\EM_ANDAMENTO\2026-08-AGOSTO\IAC_240155800_Mesa de Jantar 4 Cadeiras Quadrada Henn Dora"
"240145400","IAC_240145400_Sofá 3 Lugares Retrátil Reclinável Suede Parma JW Estofados","G:\Drives compartilhados\OAK-WORKSPACE\01 - JOBS\03 - IA E-COMMERCE\EM_ANDAMENTO\2026-08-AGOSTO\IAC_240145400_Sofá 3 Lugares Retrátil Reclinável Suede Parma JW Estofados"
"240137900","IAC_240137900_Conjunto de Frigideira e Tapioqueira Multiflon Antiaderente de Alumínio 2 Peças Gourmet","G:\Drives compartilhados\OAK-WORKSPACE\01 - JOBS\03 - IA E-COMMERCE\EM_ANDAMENTO\2026-08-AGOSTO\IAC_240137900_Conjunto de Frigideira e Tapioqueira Multiflon Antiaderente de Alumínio 2 Peças Gourmet"
"240173600","IAC_240173600_Bichinho Virtual Jurassic World Bitzee Emite Som","G:\Drives compartilhados\OAK-WORKSPACE\01 - JOBS\03 - IA E-COMMERCE\EM_ANDAMENTO\2026-08-AGOSTO\IAC_240173600_Bichinho Virtual Jurassic World Bitzee Emite Som"
"240127000","IAC_240127000_Panela Wok Antiaderente Panelux de Alumínio Maximum Stone Verde 32cm","G:\Drives compartilhados\OAK-WORKSPACE\01 - JOBS\03 - IA E-COMMERCE\EM_ANDAMENTO\2026-08-AGOSTO\IAC_240127000_Panela Wok Antiaderente Panelux de Alumínio Maximum Stone Verde 32cm"
"240155700","IAC_240155700_Mesa de Jantar 8 Cadeiras Retangular Henn Olívia","G:\Drives compartilhados\OAK-WORKSPACE\01 - JOBS\03 - IA E-COMMERCE\EM_ANDAMENTO\2026-08-AGOSTO\IAC_240155700_Mesa de Jantar 8 Cadeiras Retangular Henn Olívia"
"240132700","IAC_240132700_Guarda-roupa de Bebê 2 Gavetas 3 Portas Moveis Peroba Magia","G:\Drives compartilhados\OAK-WORKSPACE\01 - JOBS\03 - IA E-COMMERCE\EM_ANDAMENTO\2026-08-AGOSTO\IAC_240132700_Guarda-roupa de Bebê 2 Gavetas 3 Portas Moveis Peroba Magia"
"240132800","IAC_240132800_Cômoda de Bebê 4 Gavetas Móveis Peroba Ninho","G:\Drives compartilhados\OAK-WORKSPACE\01 - JOBS\03 - IA E-COMMERCE\EM_ANDAMENTO\2026-08-AGOSTO\IAC_240132800_Cômoda de Bebê 4 Gavetas Móveis Peroba Ninho"
"240179000","IAC_240179000_Helicóptero Patrulha Canina Fire Rescue da Skye","G:\Drives compartilhados\OAK-WORKSPACE\01 - JOBS\03 - IA E-COMMERCE\EM_ANDAMENTO\2026-08-AGOSTO\IAC_240179000_Helicóptero Patrulha Canina Fire Rescue da Skye"
"240181000","IAC_240181000_Avião de Brinquedo Patrulha Canina Air Rescue","G:\Drives compartilhados\OAK-WORKSPACE\01 - JOBS\03 - IA E-COMMERCE\EM_ANDAMENTO\2026-08-AGOSTO\IAC_240181000_Avião de Brinquedo Patrulha Canina Air Rescue"
"238830900","IAC_238830900_Banqueta Alta Preta e Mel Multivisão Urbana","G:\Drives compartilhados\OAK-WORKSPACE\01 - JOBS\03 - IA E-COMMERCE\EM_ANDAMENTO\2026-08-AGOSTO\IAC_238830900_Banqueta Alta Preta e Mel Multivisão Urbana"
"238824100","IAC_238824100_Jogo de Panelas Tramontina de Alumínio Preta 10 Peças Linz","G:\Drives compartilhados\OAK-WORKSPACE\01 - JOBS\03 - IA E-COMMERCE\EM_ANDAMENTO\2026-08-AGOSTO\IAC_238824100_Jogo de Panelas Tramontina de Alumínio Preta 10 Peças Linz"
"238819200","IAC_238819200_Leiteira Tramontina de Alumínio 1,9L 14cm Milazzo","G:\Drives compartilhados\OAK-WORKSPACE\01 - JOBS\03 - IA E-COMMERCE\EM_ANDAMENTO\2026-08-AGOSTO\IAC_238819200_Leiteira Tramontina de Alumínio 1,9L 14cm Milazzo"
"238829300","IAC_238829300_Estante Multiuso 3 Prateleiras Multivisão Urbana","G:\Drives compartilhados\OAK-WORKSPACE\01 - JOBS\03 - IA E-COMMERCE\EM_ANDAMENTO\2026-08-AGOSTO\IAC_238829300_Estante Multiuso 3 Prateleiras Multivisão Urbana"
"238829200","IAC_238829200_Estante Multiuso 3 Prateleiras Multivisão Stronger","G:\Drives compartilhados\OAK-WORKSPACE\01 - JOBS\03 - IA E-COMMERCE\EM_ANDAMENTO\2026-08-AGOSTO\IAC_238829200_Estante Multiuso 3 Prateleiras Multivisão Stronger"
"238838600","IAC_238838600_Sofá 3 Lugares Suede Adágio Linoforte","G:\Drives compartilhados\OAK-WORKSPACE\01 - JOBS\03 - IA E-COMMERCE\EM_ANDAMENTO\2026-08-AGOSTO\IAC_238838600_Sofá 3 Lugares Suede Adágio Linoforte"
"238830500","IAC_238830500_Estante Multiuso 5 Prateleiras Multivisão Stronger","G:\Drives compartilhados\OAK-WORKSPACE\01 - JOBS\03 - IA E-COMMERCE\EM_ANDAMENTO\2026-08-AGOSTO\IAC_238830500_Estante Multiuso 5 Prateleiras Multivisão Stronger"
"238823500","IAC_238823500_Jogo de Panelas Tramontina de Alumínio Rosa 7 Peças Linz","G:\Drives compartilhados\OAK-WORKSPACE\01 - JOBS\03 - IA E-COMMERCE\EM_ANDAMENTO\2026-08-AGOSTO\IAC_238823500_Jogo de Panelas Tramontina de Alumínio Rosa 7 Peças Linz"
"238825800","IAC_238825800_Balcão de Cozinha Telasul 2 Portas Sálvia","G:\Drives compartilhados\OAK-WORKSPACE\01 - JOBS\03 - IA E-COMMERCE\EM_ANDAMENTO\2026-08-AGOSTO\IAC_238825800_Balcão de Cozinha Telasul 2 Portas Sálvia"
"238837600","IAC_238837600_Kit Jardinagem Tramontina 78119805 8 Peças","G:\Drives compartilhados\OAK-WORKSPACE\01 - JOBS\03 - IA E-COMMERCE\EM_ANDAMENTO\2026-08-AGOSTO\IAC_238837600_Kit Jardinagem Tramontina 78119805 8 Peças"
"238821800","IAC_238821800_Espagueteira Tramontina Alumínio 5,7L Amêndoa 22cm Milazzo","G:\Drives compartilhados\OAK-WORKSPACE\01 - JOBS\03 - IA E-COMMERCE\EM_ANDAMENTO\2026-08-AGOSTO\IAC_238821800_Espagueteira Tramontina Alumínio 5,7L Amêndoa 22cm Milazzo"
"238829700","IAC_238829700_Estante Multiuso 3 Prateleiras Multivisão Stronger","G:\Drives compartilhados\OAK-WORKSPACE\01 - JOBS\03 - IA E-COMMERCE\EM_ANDAMENTO\2026-08-AGOSTO\IAC_238829700_Estante Multiuso 3 Prateleiras Multivisão Stronger"
"238829400","IAC_238829400_Estante Multiuso 2 Portas 4 Prateleiras Multivisão Urbana","G:\Drives compartilhados\OAK-WORKSPACE\01 - JOBS\03 - IA E-COMMERCE\EM_ANDAMENTO\2026-08-AGOSTO\IAC_238829400_Estante Multiuso 2 Portas 4 Prateleiras Multivisão Urbana"
"238825900","IAC_238825900_Balcão de Cozinha Telasul 2 Portas 3 Gavetas Sálvia","G:\Drives compartilhados\OAK-WORKSPACE\01 - JOBS\03 - IA E-COMMERCE\EM_ANDAMENTO\2026-08-AGOSTO\IAC_238825900_Balcão de Cozinha Telasul 2 Portas 3 Gavetas Sálvia"
"238832100","IAC_238832100_Kit de Miçangas Lulie Fashion","G:\Drives compartilhados\OAK-WORKSPACE\01 - JOBS\03 - IA E-COMMERCE\EM_ANDAMENTO\2026-08-AGOSTO\IAC_238832100_Kit de Miçangas Lulie Fashion"
"238829900","IAC_238829900_Estante Multiuso 5 Prateleiras Multivisão Stronger","G:\Drives compartilhados\OAK-WORKSPACE\01 - JOBS\03 - IA E-COMMERCE\EM_ANDAMENTO\2026-08-AGOSTO\IAC_238829900_Estante Multiuso 5 Prateleiras Multivisão Stronger"
"238824000","IAC_238824000_Jogo de Panelas Tramontina de Alumínio Preta 5 Peças Linz","G:\Drives compartilhados\OAK-WORKSPACE\01 - JOBS\03 - IA E-COMMERCE\EM_ANDAMENTO\2026-08-AGOSTO\IAC_238824000_Jogo de Panelas Tramontina de Alumínio Preta 5 Peças Linz"
"238825700","IAC_238825700_Armário de Cozinha Compacta Telasul Sálvia Nicho para Micro-ondas 8 Portas","G:\Drives compartilhados\OAK-WORKSPACE\01 - JOBS\03 - IA E-COMMERCE\EM_ANDAMENTO\2026-08-AGOSTO\IAC_238825700_Armário de Cozinha Compacta Telasul Sálvia Nicho para Micro-ondas 8 Portas"
"238838900","IAC_238838900_Sofá 2 Lugares Suede Adágio Linoforte","G:\Drives compartilhados\OAK-WORKSPACE\01 - JOBS\03 - IA E-COMMERCE\EM_ANDAMENTO\2026-08-AGOSTO\IAC_238838900_Sofá 2 Lugares Suede Adágio Linoforte"
"238978900","IAC_238978900_LEGO Buquê de Flores Rosas 10342","G:\Drives compartilhados\OAK-WORKSPACE\01 - JOBS\03 - IA E-COMMERCE\EM_ANDAMENTO\2026-08-AGOSTO\IAC_238978900_LEGO Buquê de Flores Rosas 10342"
"238984500","IAC_238984500_LEGO Dragão Verde Florestal do Lloyd","G:\Drives compartilhados\OAK-WORKSPACE\01 - JOBS\03 - IA E-COMMERCE\EM_ANDAMENTO\2026-08-AGOSTO\IAC_238984500_LEGO Dragão Verde Florestal do Lloyd"
"238838700","IAC_238838700_Sofá 3 Lugares Suede Adágio Linoforte","G:\Drives compartilhados\OAK-WORKSPACE\01 - JOBS\03 - IA E-COMMERCE\EM_ANDAMENTO\2026-08-AGOSTO\IAC_238838700_Sofá 3 Lugares Suede Adágio Linoforte"
"238925100","IAC_238925100_Balcão de Cozinha Nesher 100% MDF 2 Portas 2 Gavetas Simone Mendes","G:\Drives compartilhados\OAK-WORKSPACE\01 - JOBS\03 - IA E-COMMERCE\EM_ANDAMENTO\2026-08-AGOSTO\IAC_238925100_Balcão de Cozinha Nesher 100% MDF 2 Portas 2 Gavetas Simone Mendes"
"238957800","IAC_238957800_LEGO Trem de Aventura Interativo 10427","G:\Drives compartilhados\OAK-WORKSPACE\01 - JOBS\03 - IA E-COMMERCE\EM_ANDAMENTO\2026-08-AGOSTO\IAC_238957800_LEGO Trem de Aventura Interativo 10427"
"238972000","IAC_238972000_Colchão Casal Umaflex de Espuma D33 17x138x188cm Fit Firm","G:\Drives compartilhados\OAK-WORKSPACE\01 - JOBS\03 - IA E-COMMERCE\EM_ANDAMENTO\2026-08-AGOSTO\IAC_238972000_Colchão Casal Umaflex de Espuma D33 17x138x188cm Fit Firm"
"238957600","IAC_238957600_LEGO Famílias de Animais Selvagens","G:\Drives compartilhados\OAK-WORKSPACE\01 - JOBS\03 - IA E-COMMERCE\EM_ANDAMENTO\2026-08-AGOSTO\IAC_238957600_LEGO Famílias de Animais Selvagens"
"238996600","IAC_238996600_Cadeira de Escritório Presidente Giratória Preta DSG-001 Otello","G:\Drives compartilhados\OAK-WORKSPACE\01 - JOBS\03 - IA E-COMMERCE\EM_ANDAMENTO\2026-08-AGOSTO\IAC_238996600_Cadeira de Escritório Presidente Giratória Preta DSG-001 Otello"
"238966500","IAC_238966500_Mesa de Cabeceira 2 Gavetas M261-CN Kappesberg","G:\Drives compartilhados\OAK-WORKSPACE\01 - JOBS\03 - IA E-COMMERCE\EM_ANDAMENTO\2026-08-AGOSTO\IAC_238966500_Mesa de Cabeceira 2 Gavetas M261-CN Kappesberg"
"238952600","IAC_238952600_LEGO Classic Caixa Criativa Feliz 11042 680 Peças","G:\Drives compartilhados\OAK-WORKSPACE\01 - JOBS\03 - IA E-COMMERCE\EM_ANDAMENTO\2026-08-AGOSTO\IAC_238952600_LEGO Classic Caixa Criativa Feliz 11042 680 Peças"
"238927000","IAC_238927000_Colchão Solteiro Castor de Mola 32x88x188cm Silver Star One Face","G:\Drives compartilhados\OAK-WORKSPACE\01 - JOBS\03 - IA E-COMMERCE\EM_ANDAMENTO\2026-08-AGOSTO\IAC_238927000_Colchão Solteiro Castor de Mola 32x88x188cm Silver Star One Face"
"238889500","IAC_238889500_Sofá 4 Lugares Retrátil Reclinável Suede Palatino Linoforte","G:\Drives compartilhados\OAK-WORKSPACE\01 - JOBS\03 - IA E-COMMERCE\EM_ANDAMENTO\2026-08-AGOSTO\IAC_238889500_Sofá 4 Lugares Retrátil Reclinável Suede Palatino Linoforte"
"238980300","IAC_238980300_LEGO Nave Espacial Galáctica Modular 60446","G:\Drives compartilhados\OAK-WORKSPACE\01 - JOBS\03 - IA E-COMMERCE\EM_ANDAMENTO\2026-08-AGOSTO\IAC_238980300_LEGO Nave Espacial Galáctica Modular 60446"
"238828900","IAC_238828900_Arara de Roupas de Madeira Preto Multivisão Urbana","G:\Drives compartilhados\OAK-WORKSPACE\01 - JOBS\03 - IA E-COMMERCE\EM_ANDAMENTO\2026-08-AGOSTO\IAC_238828900_Arara de Roupas de Madeira Preto Multivisão Urbana"
"238838800","IAC_238838800_Sofá 3 Lugares Suede Adágio Linoforte","G:\Drives compartilhados\OAK-WORKSPACE\01 - JOBS\03 - IA E-COMMERCE\EM_ANDAMENTO\2026-08-AGOSTO\IAC_238838800_Sofá 3 Lugares Suede Adágio Linoforte"
"238982200","IAC_238982200_LEGO Diversão na Ilha da Moana 43260","G:\Drives compartilhados\OAK-WORKSPACE\01 - JOBS\03 - IA E-COMMERCE\EM_ANDAMENTO\2026-08-AGOSTO\IAC_238982200_LEGO Diversão na Ilha da Moana 43260"
"238830100","IAC_238830100_Gaveteiro para Quarto Multivisão Decore FLY-BR","G:\Drives compartilhados\OAK-WORKSPACE\01 - JOBS\03 - IA E-COMMERCE\EM_ANDAMENTO\2026-08-AGOSTO\IAC_238830100_Gaveteiro para Quarto Multivisão Decore FLY-BR"
"238946300","IAC_238946300_Mesa Decore Up Multivisão","G:\Drives compartilhados\OAK-WORKSPACE\01 - JOBS\03 - IA E-COMMERCE\EM_ANDAMENTO\2026-08-AGOSTO\IAC_238946300_Mesa Decore Up Multivisão"
"238839000","IAC_238839000_Sofá 2 Lugares Suede Adágio Linoforte","G:\Drives compartilhados\OAK-WORKSPACE\01 - JOBS\03 - IA E-COMMERCE\EM_ANDAMENTO\2026-08-AGOSTO\IAC_238839000_Sofá 2 Lugares Suede Adágio Linoforte"
"238889200","IAC_238889200_Sofá 4 Lugares Retrátil Reclinável Suede Palatino Linoforte","G:\Drives compartilhados\OAK-WORKSPACE\01 - JOBS\03 - IA E-COMMERCE\EM_ANDAMENTO\2026-08-AGOSTO\IAC_238889200_Sofá 4 Lugares Retrátil Reclinável Suede Palatino Linoforte"
"238824400","IAC_238824400_Frigideira Tramontina de Alumínio Tunis Rosa Trufado 24cm","G:\Drives compartilhados\OAK-WORKSPACE\01 - JOBS\03 - IA E-COMMERCE\EM_ANDAMENTO\2026-08-AGOSTO\IAC_238824400_Frigideira Tramontina de Alumínio Tunis Rosa Trufado 24cm"
"238957100","IAC_238957100_LEGO Castelo de Arendelle de Frozen 43265","G:\Drives compartilhados\OAK-WORKSPACE\01 - JOBS\03 - IA E-COMMERCE\EM_ANDAMENTO\2026-08-AGOSTO\IAC_238957100_LEGO Castelo de Arendelle de Frozen 43265"
"238839100","IAC_238839100_Sofá 2 Lugares Suede Adágio Linoforte","G:\Drives compartilhados\OAK-WORKSPACE\01 - JOBS\03 - IA E-COMMERCE\EM_ANDAMENTO\2026-08-AGOSTO\IAC_238839100_Sofá 2 Lugares Suede Adágio Linoforte"
"238889100","IAC_238889100_Sofá 4 Lugares Retrátil Reclinável Suede Palatino Linoforte","G:\Drives compartilhados\OAK-WORKSPACE\01 - JOBS\03 - IA E-COMMERCE\EM_ANDAMENTO\2026-08-AGOSTO\IAC_238889100_Sofá 4 Lugares Retrátil Reclinável Suede Palatino Linoforte"
"238837200","IAC_238837200_Kit Jardinagem Tramontina 78108100 3 Peças","G:\Drives compartilhados\OAK-WORKSPACE\01 - JOBS\03 - IA E-COMMERCE\EM_ANDAMENTO\2026-08-AGOSTO\IAC_238837200_Kit Jardinagem Tramontina 78108100 3 Peças"
"238859400","IAC_238859400_Cabeceira Solteiro Caemmun Lucila Freijo e Off White","G:\Drives compartilhados\OAK-WORKSPACE\01 - JOBS\03 - IA E-COMMERCE\EM_ANDAMENTO\2026-08-AGOSTO\IAC_238859400_Cabeceira Solteiro Caemmun Lucila Freijo e Off White"
"238854700","IAC_238854700_Guarda-roupa Casal 4 Gavetas 6 Portas Caemmun Centurium","G:\Drives compartilhados\OAK-WORKSPACE\01 - JOBS\03 - IA E-COMMERCE\EM_ANDAMENTO\2026-08-AGOSTO\IAC_238854700_Guarda-roupa Casal 4 Gavetas 6 Portas Caemmun Centurium"
"238955800","IAC_238955800_LEGO A Batalha de Lava no Nether 21266","G:\Drives compartilhados\OAK-WORKSPACE\01 - JOBS\03 - IA E-COMMERCE\EM_ANDAMENTO\2026-08-AGOSTO\IAC_238955800_LEGO A Batalha de Lava no Nether 21266"
"240014700","IAC_240014700_Sofá-cama 3 Lugares Casal Reclinável Facto e Linho Matrix Esther","G:\Drives compartilhados\OAK-WORKSPACE\01 - JOBS\03 - IA E-COMMERCE\EM_ANDAMENTO\2026-08-AGOSTO\IAC_240014700_Sofá-cama 3 Lugares Casal Reclinável Facto e Linho Matrix Esther"
"240110700","IAC_240110700_LEGO Speed Champions Carro de Corrida McLaren","G:\Drives compartilhados\OAK-WORKSPACE\01 - JOBS\03 - IA E-COMMERCE\EM_ANDAMENTO\2026-08-AGOSTO\IAC_240110700_LEGO Speed Champions Carro de Corrida McLaren"
"240101700","IAC_240101700_Cômoda 4 Gavetas Santos Andira Fit","G:\Drives compartilhados\OAK-WORKSPACE\01 - JOBS\03 - IA E-COMMERCE\EM_ANDAMENTO\2026-08-AGOSTO\IAC_240101700_Cômoda 4 Gavetas Santos Andira Fit"
"240068700","IAC_240068700_Kit de Ferramentas de Brinquedo HYG50 9 Peças","G:\Drives compartilhados\OAK-WORKSPACE\01 - JOBS\03 - IA E-COMMERCE\EM_ANDAMENTO\2026-08-AGOSTO\IAC_240068700_Kit de Ferramentas de Brinquedo HYG50 9 Peças"
"240101400","IAC_240101400_Guarda-roupa Casal com Espelho 5 Gavetas 3 Portas de Correr Santos Andirá Democrata","G:\Drives compartilhados\OAK-WORKSPACE\01 - JOBS\03 - IA E-COMMERCE\EM_ANDAMENTO\2026-08-AGOSTO\IAC_240101400_Guarda-roupa Casal com Espelho 5 Gavetas 3 Portas de Correr Santos Andirá Democrata"
"240105400","IAC_240105400_Painel para TV até 60- Colibri Jurerê","G:\Drives compartilhados\OAK-WORKSPACE\01 - JOBS\03 - IA E-COMMERCE\EM_ANDAMENTO\2026-08-AGOSTO\IAC_240105400_Painel para TV até 60- Colibri Jurerê"
"240106500","IAC_240106500_Estante Home para TV até 75- 2 Portas Colibri Jordão","G:\Drives compartilhados\OAK-WORKSPACE\01 - JOBS\03 - IA E-COMMERCE\EM_ANDAMENTO\2026-08-AGOSTO\IAC_240106500_Estante Home para TV até 75- 2 Portas Colibri Jordão"
"240064600","IAC_240064600_Painel para TV até 65- DJ Móveis Lume","G:\Drives compartilhados\OAK-WORKSPACE\01 - JOBS\03 - IA E-COMMERCE\EM_ANDAMENTO\2026-08-AGOSTO\IAC_240064600_Painel para TV até 65- DJ Móveis Lume"
"240052600","IAC_240052600_Cuscuzeira Panelux de Alumínio Antiaderente Magnific 800ml 10cm","G:\Drives compartilhados\OAK-WORKSPACE\01 - JOBS\03 - IA E-COMMERCE\EM_ANDAMENTO\2026-08-AGOSTO\IAC_240052600_Cuscuzeira Panelux de Alumínio Antiaderente Magnific 800ml 10cm"
"240039000","IAC_240039000_Armário de Cozinha Compacta Nesher Realeza com Balcão 100% MDF 5 Portas 2 Gavetas","G:\Drives compartilhados\OAK-WORKSPACE\01 - JOBS\03 - IA E-COMMERCE\EM_ANDAMENTO\2026-08-AGOSTO\IAC_240039000_Armário de Cozinha Compacta Nesher Realeza com Balcão 100% MDF 5 Portas 2 Gavetas"
"240064000","IAC_240064000_Rack para TV até 65- 2 Portas DJ Móveis Cher","G:\Drives compartilhados\OAK-WORKSPACE\01 - JOBS\03 - IA E-COMMERCE\EM_ANDAMENTO\2026-08-AGOSTO\IAC_240064000_Rack para TV até 65- 2 Portas DJ Móveis Cher"
"240092700","IAC_240092700_Armário de Cozinha Compacta Nesher Nobreza com Balcão 5 Portas 2 Gavetas 100% MDF","G:\Drives compartilhados\OAK-WORKSPACE\01 - JOBS\03 - IA E-COMMERCE\EM_ANDAMENTO\2026-08-AGOSTO\IAC_240092700_Armário de Cozinha Compacta Nesher Nobreza com Balcão 5 Portas 2 Gavetas 100% MDF"
"240000800","IAC_240000800_Guarda-roupa Casal com Espelho 4 Gavetas 2 Portas de Correr Caemmun Coliseu","G:\Drives compartilhados\OAK-WORKSPACE\01 - JOBS\03 - IA E-COMMERCE\EM_ANDAMENTO\2026-08-AGOSTO\IAC_240000800_Guarda-roupa Casal com Espelho 4 Gavetas 2 Portas de Correr Caemmun Coliseu"
"240109700","IAC_240109700_LEGO Speed Champions Carro de Corrida Oracle","G:\Drives compartilhados\OAK-WORKSPACE\01 - JOBS\03 - IA E-COMMERCE\EM_ANDAMENTO\2026-08-AGOSTO\IAC_240109700_LEGO Speed Champions Carro de Corrida Oracle"
"240019300","IAC_240019300_Jogo de Panelas Panelux Antiaderente de Alumínio Grafite 8 Peças Magnific","G:\Drives compartilhados\OAK-WORKSPACE\01 - JOBS\03 - IA E-COMMERCE\EM_ANDAMENTO\2026-08-AGOSTO\IAC_240019300_Jogo de Panelas Panelux Antiaderente de Alumínio Grafite 8 Peças Magnific"
"240101600","IAC_240101600_Guarda-roupa Solteiro com Espelho 4 Gavetas 2 Portas Santos Andirá Democrata","G:\Drives compartilhados\OAK-WORKSPACE\01 - JOBS\03 - IA E-COMMERCE\EM_ANDAMENTO\2026-08-AGOSTO\IAC_240101600_Guarda-roupa Solteiro com Espelho 4 Gavetas 2 Portas Santos Andirá Democrata"
"238997200","IAC_238997200_Jogo de Cadeiras de Aço Dobrável Otello DOB-BR4 2 Peças","G:\Drives compartilhados\OAK-WORKSPACE\01 - JOBS\03 - IA E-COMMERCE\EM_ANDAMENTO\2026-08-AGOSTO\IAC_238997200_Jogo de Cadeiras de Aço Dobrável Otello DOB-BR4 2 Peças"
"238996000","IAC_238996000_Cadeira de Escritório Executiva Giratória Preta DSG-002 Otello","G:\Drives compartilhados\OAK-WORKSPACE\01 - JOBS\03 - IA E-COMMERCE\EM_ANDAMENTO\2026-08-AGOSTO\IAC_238996000_Cadeira de Escritório Executiva Giratória Preta DSG-002 Otello"
"238889300","IAC_238889300_Sofá 3 Lugares Retrátil Reclinável Suede Palatino Linoforte","G:\Drives compartilhados\OAK-WORKSPACE\01 - JOBS\03 - IA E-COMMERCE\EM_ANDAMENTO\2026-08-AGOSTO\IAC_238889300_Sofá 3 Lugares Retrátil Reclinável Suede Palatino Linoforte"
"238855100","IAC_238855100_Guarda-roupa Casal 6 Gavetas 6 Portas Caemmun Reflex","G:\Drives compartilhados\OAK-WORKSPACE\01 - JOBS\03 - IA E-COMMERCE\EM_ANDAMENTO\2026-08-AGOSTO\IAC_238855100_Guarda-roupa Casal 6 Gavetas 6 Portas Caemmun Reflex"
"238958200","IAC_238958200_LEGO Pacote de Expansão de Ponte e Trilhos de Trem","G:\Drives compartilhados\OAK-WORKSPACE\01 - JOBS\03 - IA E-COMMERCE\EM_ANDAMENTO\2026-08-AGOSTO\IAC_238958200_LEGO Pacote de Expansão de Ponte e Trilhos de Trem"
"238982100","IAC_238982100_LEGO Gato Brincalhão 3 em 1 31163 407 Peças","G:\Drives compartilhados\OAK-WORKSPACE\01 - JOBS\03 - IA E-COMMERCE\EM_ANDAMENTO\2026-08-AGOSTO\IAC_238982100_LEGO Gato Brincalhão 3 em 1 31163 407 Peças"
"238956900","IAC_238956900_LEGO Ambulância e Motorista 10447","G:\Drives compartilhados\OAK-WORKSPACE\01 - JOBS\03 - IA E-COMMERCE\EM_ANDAMENTO\2026-08-AGOSTO\IAC_238956900_LEGO Ambulância e Motorista 10447"
"238953200","IAC_238953200_LEGO A Expedição na Mina do Tatu 21269","G:\Drives compartilhados\OAK-WORKSPACE\01 - JOBS\03 - IA E-COMMERCE\EM_ANDAMENTO\2026-08-AGOSTO\IAC_238953200_LEGO A Expedição na Mina do Tatu 21269"
"238956100","IAC_238956100_LEGO Batalha na Fogueira do Sonic 77001","G:\Drives compartilhados\OAK-WORKSPACE\01 - JOBS\03 - IA E-COMMERCE\EM_ANDAMENTO\2026-08-AGOSTO\IAC_238956100_LEGO Batalha na Fogueira do Sonic 77001"
"238966400","IAC_238966400_Cômoda Multiuso 4 Gavetas Kappesberg M260","G:\Drives compartilhados\OAK-WORKSPACE\01 - JOBS\03 - IA E-COMMERCE\EM_ANDAMENTO\2026-08-AGOSTO\IAC_238966400_Cômoda Multiuso 4 Gavetas Kappesberg M260"
"238960400","IAC_238960400_Canguru para Bebê Infanti Close até 15kg","G:\Drives compartilhados\OAK-WORKSPACE\01 - JOBS\03 - IA E-COMMERCE\EM_ANDAMENTO\2026-08-AGOSTO\IAC_238960400_Canguru para Bebê Infanti Close até 15kg"
"238925700","IAC_238925700_Balcão de Cozinha Nesher 100% MDF 2 Portas 1 Gaveta Simone Mendes","G:\Drives compartilhados\OAK-WORKSPACE\01 - JOBS\03 - IA E-COMMERCE\EM_ANDAMENTO\2026-08-AGOSTO\IAC_238925700_Balcão de Cozinha Nesher 100% MDF 2 Portas 1 Gaveta Simone Mendes"
"238945800","IAC_238945800_Mesa de Cabeceira 3 Gavetas Roma Móveis Lanza","G:\Drives compartilhados\OAK-WORKSPACE\01 - JOBS\03 - IA E-COMMERCE\EM_ANDAMENTO\2026-08-AGOSTO\IAC_238945800_Mesa de Cabeceira 3 Gavetas Roma Móveis Lanza"
"238889400","IAC_238889400_Sofá 3 Lugares Retrátil Reclinável Suede Palatino Linoforte","G:\Drives compartilhados\OAK-WORKSPACE\01 - JOBS\03 - IA E-COMMERCE\EM_ANDAMENTO\2026-08-AGOSTO\IAC_238889400_Sofá 3 Lugares Retrátil Reclinável Suede Palatino Linoforte"
"238437600","IAC_238437600_Rack para TV até 60- 1 Porta Artely Lotus","G:\Drives compartilhados\OAK-WORKSPACE\01 - JOBS\03 - IA E-COMMERCE\EM_ANDAMENTO\2026-08-AGOSTO\IAC_238437600_Rack para TV até 60- 1 Porta Artely Lotus"
"238439700","IAC_238439700_Rack para TV até 42- 1 Porta Artely Sampa","G:\Drives compartilhados\OAK-WORKSPACE\01 - JOBS\03 - IA E-COMMERCE\EM_ANDAMENTO\2026-08-AGOSTO\IAC_238439700_Rack para TV até 42- 1 Porta Artely Sampa"
"238550600","IAC_238550600_Fervedor Tramontina Inox 2L 14cm Allegra","G:\Drives compartilhados\OAK-WORKSPACE\01 - JOBS\03 - IA E-COMMERCE\EM_ANDAMENTO\2026-08-AGOSTO\IAC_238550600_Fervedor Tramontina Inox 2L 14cm Allegra"
"238529600","IAC_238529600_Sofá-cama 3 Lugares Casal Reclinável Veludo Matrix Celine","G:\Drives compartilhados\OAK-WORKSPACE\01 - JOBS\03 - IA E-COMMERCE\EM_ANDAMENTO\2026-08-AGOSTO\IAC_238529600_Sofá-cama 3 Lugares Casal Reclinável Veludo Matrix Celine"
"238468200","IAC_238468200_Sofá 4 Lugares Reclinável Suede Veludo Everest Flexforma Estofados","G:\Drives compartilhados\OAK-WORKSPACE\01 - JOBS\03 - IA E-COMMERCE\EM_ANDAMENTO\2026-08-AGOSTO\IAC_238468200_Sofá 4 Lugares Reclinável Suede Veludo Everest Flexforma Estofados"
"238598500","IAC_238598500_Mesa Quadrada 4 Lugares Tramontina Lille","G:\Drives compartilhados\OAK-WORKSPACE\01 - JOBS\03 - IA E-COMMERCE\EM_ANDAMENTO\2026-08-AGOSTO\IAC_238598500_Mesa Quadrada 4 Lugares Tramontina Lille"
"238470800","IAC_238470800_LEGO Super Mario Aventuras Interativas Mario 71439","G:\Drives compartilhados\OAK-WORKSPACE\01 - JOBS\03 - IA E-COMMERCE\EM_ANDAMENTO\2026-08-AGOSTO\IAC_238470800_LEGO Super Mario Aventuras Interativas Mario 71439"
"238598700","IAC_238598700_Mesa Infantil de Atividades Tramontina Adoleta","G:\Drives compartilhados\OAK-WORKSPACE\01 - JOBS\03 - IA E-COMMERCE\EM_ANDAMENTO\2026-08-AGOSTO\IAC_238598700_Mesa Infantil de Atividades Tramontina Adoleta"
"238470400","IAC_238470400_LEGO Super Mario Conjunto da Selva gelatinosa","G:\Drives compartilhados\OAK-WORKSPACE\01 - JOBS\03 - IA E-COMMERCE\EM_ANDAMENTO\2026-08-AGOSTO\IAC_238470400_LEGO Super Mario Conjunto da Selva gelatinosa"
"238435600","IAC_238435600_Painel para TV até 75- Artely Belluno 1 Prateleira","G:\Drives compartilhados\OAK-WORKSPACE\01 - JOBS\03 - IA E-COMMERCE\EM_ANDAMENTO\2026-08-AGOSTO\IAC_238435600_Painel para TV até 75- Artely Belluno 1 Prateleira"
"238655900","IAC_238655900_Frigideira Antiaderente Rochedo de Alumínio Facilita Vermelho 24cm","G:\Drives compartilhados\OAK-WORKSPACE\01 - JOBS\03 - IA E-COMMERCE\EM_ANDAMENTO\2026-08-AGOSTO\IAC_238655900_Frigideira Antiaderente Rochedo de Alumínio Facilita Vermelho 24cm"
"238776800","IAC_238776800_Teclado de Brinquedo Mini Piano com Microfone","G:\Drives compartilhados\OAK-WORKSPACE\01 - JOBS\03 - IA E-COMMERCE\EM_ANDAMENTO\2026-08-AGOSTO\IAC_238776800_Teclado de Brinquedo Mini Piano com Microfone"
"238626100","IAC_238626100_Brinquedo Interativo Furby Furblets Hasbro","G:\Drives compartilhados\OAK-WORKSPACE\01 - JOBS\03 - IA E-COMMERCE\EM_ANDAMENTO\2026-08-AGOSTO\IAC_238626100_Brinquedo Interativo Furby Furblets Hasbro"
"238598900","IAC_238598900_Mesa Infantil de Atividades Tramontina Adoleta","G:\Drives compartilhados\OAK-WORKSPACE\01 - JOBS\03 - IA E-COMMERCE\EM_ANDAMENTO\2026-08-AGOSTO\IAC_238598900_Mesa Infantil de Atividades Tramontina Adoleta"
"238780100","IAC_238780100_Patins in Line Lulie Sport ML008 Preto e Azul Escuro","G:\Drives compartilhados\OAK-WORKSPACE\01 - JOBS\03 - IA E-COMMERCE\EM_ANDAMENTO\2026-08-AGOSTO\IAC_238780100_Patins in Line Lulie Sport ML008 Preto e Azul Escuro"
"238679300","IAC_238679300_Painel para TV até 58- Caemmun Cross 2 Prateleiras","G:\Drives compartilhados\OAK-WORKSPACE\01 - JOBS\03 - IA E-COMMERCE\EM_ANDAMENTO\2026-08-AGOSTO\IAC_238679300_Painel para TV até 58- Caemmun Cross 2 Prateleiras"
"238656100","IAC_238656100_Jogo de Panelas Rochedo Antiaderente de Alumínio Grafite 5 Peças Robusta","G:\Drives compartilhados\OAK-WORKSPACE\01 - JOBS\03 - IA E-COMMERCE\EM_ANDAMENTO\2026-08-AGOSTO\IAC_238656100_Jogo de Panelas Rochedo Antiaderente de Alumínio Grafite 5 Peças Robusta"
"238632300","IAC_238632300_Tapete de Atividades Mattel Fisher-Price","G:\Drives compartilhados\OAK-WORKSPACE\01 - JOBS\03 - IA E-COMMERCE\EM_ANDAMENTO\2026-08-AGOSTO\IAC_238632300_Tapete de Atividades Mattel Fisher-Price"
"238780900","IAC_238780900_Pista de Corrida Speed Turbo","G:\Drives compartilhados\OAK-WORKSPACE\01 - JOBS\03 - IA E-COMMERCE\EM_ANDAMENTO\2026-08-AGOSTO\IAC_238780900_Pista de Corrida Speed Turbo"
"238822200","IAC_238822200_Faqueiro Tramontina Inox 42 Peças para Sobremesa Zurique","G:\Drives compartilhados\OAK-WORKSPACE\01 - JOBS\03 - IA E-COMMERCE\EM_ANDAMENTO\2026-08-AGOSTO\IAC_238822200_Faqueiro Tramontina Inox 42 Peças para Sobremesa Zurique"
"238752600","IAC_238752600_Furadeira e Parafusadeira de Impacto Black+Decker a Bateria 3 Peças 20V Max","G:\Drives compartilhados\OAK-WORKSPACE\01 - JOBS\03 - IA E-COMMERCE\EM_ANDAMENTO\2026-08-AGOSTO\IAC_238752600_Furadeira e Parafusadeira de Impacto Black+Decker a Bateria 3 Peças 20V Max"
"238619800","IAC_238619800_Massinha Play Doh Sorveteria Colorida Hasbro","G:\Drives compartilhados\OAK-WORKSPACE\01 - JOBS\03 - IA E-COMMERCE\EM_ANDAMENTO\2026-08-AGOSTO\IAC_238619800_Massinha Play Doh Sorveteria Colorida Hasbro"
"238820200","IAC_238820200_Faqueiro Tramontina Inox 42 Peças para Sobremesa Classic","G:\Drives compartilhados\OAK-WORKSPACE\01 - JOBS\03 - IA E-COMMERCE\EM_ANDAMENTO\2026-08-AGOSTO\IAC_238820200_Faqueiro Tramontina Inox 42 Peças para Sobremesa Classic"
"238599100","IAC_238599100_Cadeira de Madeira Mista e Polipropileno Pé Palito Dobrável Potenza Itaúba","G:\Drives compartilhados\OAK-WORKSPACE\01 - JOBS\03 - IA E-COMMERCE\EM_ANDAMENTO\2026-08-AGOSTO\IAC_238599100_Cadeira de Madeira Mista e Polipropileno Pé Palito Dobrável Potenza Itaúba"
"238780800","IAC_238780800_Móbile para Carrinho Lulie Baby ML055","G:\Drives compartilhados\OAK-WORKSPACE\01 - JOBS\03 - IA E-COMMERCE\EM_ANDAMENTO\2026-08-AGOSTO\IAC_238780800_Móbile para Carrinho Lulie Baby ML055"
"238648900","IAC_238648900_Sapateira Organizador Multiuso Dobrável 7 Prateleiras SAP-001 Otello","G:\Drives compartilhados\OAK-WORKSPACE\01 - JOBS\03 - IA E-COMMERCE\EM_ANDAMENTO\2026-08-AGOSTO\IAC_238648900_Sapateira Organizador Multiuso Dobrável 7 Prateleiras SAP-001 Otello"
"238780500","IAC_238780500_Skate Street  ML001 Lulie Sport com Acessórios","G:\Drives compartilhados\OAK-WORKSPACE\01 - JOBS\03 - IA E-COMMERCE\EM_ANDAMENTO\2026-08-AGOSTO\IAC_238780500_Skate Street  ML001 Lulie Sport com Acessórios"
"238656300","IAC_238656300_Panela Wok Antiaderente Rochedo de Alumínio Expert Chocolate 24cm","G:\Drives compartilhados\OAK-WORKSPACE\01 - JOBS\03 - IA E-COMMERCE\EM_ANDAMENTO\2026-08-AGOSTO\IAC_238656300_Panela Wok Antiaderente Rochedo de Alumínio Expert Chocolate 24cm"
"238786600","IAC_238786600_Armário de Cozinha Compacta Aramóveis Carol com Balcão 6 Portas 1 Gaveta","G:\Drives compartilhados\OAK-WORKSPACE\01 - JOBS\03 - IA E-COMMERCE\EM_ANDAMENTO\2026-08-AGOSTO\IAC_238786600_Armário de Cozinha Compacta Aramóveis Carol com Balcão 6 Portas 1 Gaveta"
"238529900","IAC_238529900_Poltrona Reclinável 4 Posições Matrix  Compass","G:\Drives compartilhados\OAK-WORKSPACE\01 - JOBS\03 - IA E-COMMERCE\EM_ANDAMENTO\2026-08-AGOSTO\IAC_238529900_Poltrona Reclinável 4 Posições Matrix  Compass"
"238551400","IAC_238551400_Faqueiro Tramontina Inox 24 Peças para Churrasco Italy 66932124","G:\Drives compartilhados\OAK-WORKSPACE\01 - JOBS\03 - IA E-COMMERCE\EM_ANDAMENTO\2026-08-AGOSTO\IAC_238551400_Faqueiro Tramontina Inox 24 Peças para Churrasco Italy 66932124"
"237848900","IAC_237848900_Faqueiro Tramontina Inox 36 Peças Havaí","G:\Drives compartilhados\OAK-WORKSPACE\01 - JOBS\03 - IA E-COMMERCE\EM_ANDAMENTO\2026-08-AGOSTO\IAC_237848900_Faqueiro Tramontina Inox 36 Peças Havaí"
"237852300","IAC_237852300_Andador Infantil Tiny Love de Empurrar de Madeira Multifuncional","G:\Drives compartilhados\OAK-WORKSPACE\01 - JOBS\03 - IA E-COMMERCE\EM_ANDAMENTO\2026-08-AGOSTO\IAC_237852300_Andador Infantil Tiny Love de Empurrar de Madeira Multifuncional"
"237864800","IAC_237864800_Furadeira e Parafusadeira de Impacto Mondial a Bateria com Maleta 15 peças PI-10MA","G:\Drives compartilhados\OAK-WORKSPACE\01 - JOBS\03 - IA E-COMMERCE\EM_ANDAMENTO\2026-08-AGOSTO\IAC_237864800_Furadeira e Parafusadeira de Impacto Mondial a Bateria com Maleta 15 peças PI-10MA"
"237852900","IAC_237852900_Forma de Bolo de Alumínio Redonda Antiaderente 30cm Rochedo Perfeito","G:\Drives compartilhados\OAK-WORKSPACE\01 - JOBS\03 - IA E-COMMERCE\EM_ANDAMENTO\2026-08-AGOSTO\IAC_237852900_Forma de Bolo de Alumínio Redonda Antiaderente 30cm Rochedo Perfeito"
"237850200","IAC_237850200_Panela Tramontina Inox Fundo Triplo 16cm 1,5L Allegra","G:\Drives compartilhados\OAK-WORKSPACE\01 - JOBS\03 - IA E-COMMERCE\EM_ANDAMENTO\2026-08-AGOSTO\IAC_237850200_Panela Tramontina Inox Fundo Triplo 16cm 1,5L Allegra"
"237864900","IAC_237864900_Furadeira e Parafusadeira de Impacto Mondial a Bateria 21V com Maleta Power Tools PF-09M","G:\Drives compartilhados\OAK-WORKSPACE\01 - JOBS\03 - IA E-COMMERCE\EM_ANDAMENTO\2026-08-AGOSTO\IAC_237864900_Furadeira e Parafusadeira de Impacto Mondial a Bateria 21V com Maleta Power Tools PF-09M"
"237811500","IAC_237811500_Massinha Play-Doh Kit de Letras Hasbro","G:\Drives compartilhados\OAK-WORKSPACE\01 - JOBS\03 - IA E-COMMERCE\EM_ANDAMENTO\2026-08-AGOSTO\IAC_237811500_Massinha Play-Doh Kit de Letras Hasbro"
"237985200","IAC_237985200_Jogo de Taças Fiore para Champagne de Vidro 195ml 4 peças Nadir","G:\Drives compartilhados\OAK-WORKSPACE\01 - JOBS\03 - IA E-COMMERCE\EM_ANDAMENTO\2026-08-AGOSTO\IAC_237985200_Jogo de Taças Fiore para Champagne de Vidro 195ml 4 peças Nadir"
"238039400","IAC_238039400_LEGO Classic Veículos Criativos 11036 900 Peças","G:\Drives compartilhados\OAK-WORKSPACE\01 - JOBS\03 - IA E-COMMERCE\EM_ANDAMENTO\2026-08-AGOSTO\IAC_238039400_LEGO Classic Veículos Criativos 11036 900 Peças"
"238041600","IAC_238041600_LEGO Classic  Animais de Estimação Criativos","G:\Drives compartilhados\OAK-WORKSPACE\01 - JOBS\03 - IA E-COMMERCE\EM_ANDAMENTO\2026-08-AGOSTO\IAC_238041600_LEGO Classic  Animais de Estimação Criativos"
"237991800","IAC_237991800_Fruteira de Mesa de Vidro Haus Concept Redondo Pavillion Transparente","G:\Drives compartilhados\OAK-WORKSPACE\01 - JOBS\03 - IA E-COMMERCE\EM_ANDAMENTO\2026-08-AGOSTO\IAC_237991800_Fruteira de Mesa de Vidro Haus Concept Redondo Pavillion Transparente"
"237990900","IAC_237990900_Jogo de Taças Gin 820ml 4 Peças Haus Concept Sense","G:\Drives compartilhados\OAK-WORKSPACE\01 - JOBS\03 - IA E-COMMERCE\EM_ANDAMENTO\2026-08-AGOSTO\IAC_237990900_Jogo de Taças Gin 820ml 4 Peças Haus Concept Sense"
"237992400","IAC_237992400_Fruteira de Mesa de Vidro Haus Concept Retangular Pavillion Transparente","G:\Drives compartilhados\OAK-WORKSPACE\01 - JOBS\03 - IA E-COMMERCE\EM_ANDAMENTO\2026-08-AGOSTO\IAC_237992400_Fruteira de Mesa de Vidro Haus Concept Retangular Pavillion Transparente"
"238051100","IAC_238051100_LEGO City Karts e Pilotos de Corrida 60400","G:\Drives compartilhados\OAK-WORKSPACE\01 - JOBS\03 - IA E-COMMERCE\EM_ANDAMENTO\2026-08-AGOSTO\IAC_238051100_LEGO City Karts e Pilotos de Corrida 60400"
"237992100","IAC_237992100_Sousplat de Vidro Transparente 32cm Haus Concept Pavillion 2 Peças","G:\Drives compartilhados\OAK-WORKSPACE\01 - JOBS\03 - IA E-COMMERCE\EM_ANDAMENTO\2026-08-AGOSTO\IAC_237992100_Sousplat de Vidro Transparente 32cm Haus Concept Pavillion 2 Peças"
"238042600","IAC_238042600_LEGO Duplo Town Caminhão do Alfabeto","G:\Drives compartilhados\OAK-WORKSPACE\01 - JOBS\03 - IA E-COMMERCE\EM_ANDAMENTO\2026-08-AGOSTO\IAC_238042600_LEGO Duplo Town Caminhão do Alfabeto"
"238092700","IAC_238092700_Cama de Casal Conquista Móveis Pérola Branco","G:\Drives compartilhados\OAK-WORKSPACE\01 - JOBS\03 - IA E-COMMERCE\EM_ANDAMENTO\2026-08-AGOSTO\IAC_238092700_Cama de Casal Conquista Móveis Pérola Branco"
"238050900","IAC_238050900_LEGO Ninjago Robô Elemental do Fogo do Kai","G:\Drives compartilhados\OAK-WORKSPACE\01 - JOBS\03 - IA E-COMMERCE\EM_ANDAMENTO\2026-08-AGOSTO\IAC_238050900_LEGO Ninjago Robô Elemental do Fogo do Kai"
"238100300","IAC_238100300_Rack para TV até 50- 1 Porta EDN Móveis Aruba","G:\Drives compartilhados\OAK-WORKSPACE\01 - JOBS\03 - IA E-COMMERCE\EM_ANDAMENTO\2026-08-AGOSTO\IAC_238100300_Rack para TV até 50- 1 Porta EDN Móveis Aruba"
"238253600","IAC_238253600_Caneca Chá e Café de Cerâmica Bege 235ml Hauskraft Surya CANC190-BG","G:\Drives compartilhados\OAK-WORKSPACE\01 - JOBS\03 - IA E-COMMERCE\EM_ANDAMENTO\2026-08-AGOSTO\IAC_238253600_Caneca Chá e Café de Cerâmica Bege 235ml Hauskraft Surya CANC190-BG"
"238175200","IAC_238175200_Guarda-roupa Casal 6 Portas 4 Gavetas Caemmun Reflex","G:\Drives compartilhados\OAK-WORKSPACE\01 - JOBS\03 - IA E-COMMERCE\EM_ANDAMENTO\2026-08-AGOSTO\IAC_238175200_Guarda-roupa Casal 6 Portas 4 Gavetas Caemmun Reflex"
"238191600","IAC_238191600_Poltrona Reclinável Matrix Yaris","G:\Drives compartilhados\OAK-WORKSPACE\01 - JOBS\03 - IA E-COMMERCE\EM_ANDAMENTO\2026-08-AGOSTO\IAC_238191600_Poltrona Reclinável Matrix Yaris"
"238198600","IAC_238198600_Aparador de Pelos Britânia MultiGroom BAP21P 7 em 1 com Acessórios","G:\Drives compartilhados\OAK-WORKSPACE\01 - JOBS\03 - IA E-COMMERCE\EM_ANDAMENTO\2026-08-AGOSTO\IAC_238198600_Aparador de Pelos Britânia MultiGroom BAP21P 7 em 1 com Acessórios"
"238159200","IAC_238159200_Panela Wok Antiaderente Brinox de Alumínio Suprema Vanilla 24cm","G:\Drives compartilhados\OAK-WORKSPACE\01 - JOBS\03 - IA E-COMMERCE\EM_ANDAMENTO\2026-08-AGOSTO\IAC_238159200_Panela Wok Antiaderente Brinox de Alumínio Suprema Vanilla 24cm"
"238168800","IAC_238168800_Guarda-roupa Casal com Espelho 6 Portas 6 Gavetas Caemmun Apollo","G:\Drives compartilhados\OAK-WORKSPACE\01 - JOBS\03 - IA E-COMMERCE\EM_ANDAMENTO\2026-08-AGOSTO\IAC_238168800_Guarda-roupa Casal com Espelho 6 Portas 6 Gavetas Caemmun Apollo"
"238051300","IAC_238051300_LEGO City Ilha da Prisão da Polícia 60419","G:\Drives compartilhados\OAK-WORKSPACE\01 - JOBS\03 - IA E-COMMERCE\EM_ANDAMENTO\2026-08-AGOSTO\IAC_238051300_LEGO City Ilha da Prisão da Polícia 60419"
"238115900","IAC_238115900_Notebook Gamer Lenovo LOQ Intel Core i5 8GB RAM","G:\Drives compartilhados\OAK-WORKSPACE\01 - JOBS\03 - IA E-COMMERCE\EM_ANDAMENTO\2026-08-AGOSTO\IAC_238115900_Notebook Gamer Lenovo LOQ Intel Core i5 8GB RAM"
"238160200","IAC_238160200_Pelúcia Furby Emite Som Emite Luz Hasbro","G:\Drives compartilhados\OAK-WORKSPACE\01 - JOBS\03 - IA E-COMMERCE\EM_ANDAMENTO\2026-08-AGOSTO\IAC_238160200_Pelúcia Furby Emite Som Emite Luz Hasbro"
"238190900","IAC_238190900_Sofá-cama 2 Lugares Casal Veludo Matrix Amora","G:\Drives compartilhados\OAK-WORKSPACE\01 - JOBS\03 - IA E-COMMERCE\EM_ANDAMENTO\2026-08-AGOSTO\IAC_238190900_Sofá-cama 2 Lugares Casal Veludo Matrix Amora"
"238223400","IAC_238223400_LEGO City Estação Espacial Modular 60433","G:\Drives compartilhados\OAK-WORKSPACE\01 - JOBS\03 - IA E-COMMERCE\EM_ANDAMENTO\2026-08-AGOSTO\IAC_238223400_LEGO City Estação Espacial Modular 60433"
"238217800","IAC_238217800_LEGO Gabbys Dollhouse Sala de Festas da Gabby","G:\Drives compartilhados\OAK-WORKSPACE\01 - JOBS\03 - IA E-COMMERCE\EM_ANDAMENTO\2026-08-AGOSTO\IAC_238217800_LEGO Gabbys Dollhouse Sala de Festas da Gabby"
"238218500","IAC_238218500_LEGO Duplo Jardim e Casa da Árvore da Peppa","G:\Drives compartilhados\OAK-WORKSPACE\01 - JOBS\03 - IA E-COMMERCE\EM_ANDAMENTO\2026-08-AGOSTO\IAC_238218500_LEGO Duplo Jardim e Casa da Árvore da Peppa"
"238263800","IAC_238263800_Espátula Silicone Hauskraft Fendi","G:\Drives compartilhados\OAK-WORKSPACE\01 - JOBS\03 - IA E-COMMERCE\EM_ANDAMENTO\2026-08-AGOSTO\IAC_238263800_Espátula Silicone Hauskraft Fendi"
"238251600","IAC_238251600_Caneca de Chá e Café Bege 330ml Hauskraft Fibra de Bambu FBBU009-BG","G:\Drives compartilhados\OAK-WORKSPACE\01 - JOBS\03 - IA E-COMMERCE\EM_ANDAMENTO\2026-08-AGOSTO\IAC_238251600_Caneca de Chá e Café Bege 330ml Hauskraft Fibra de Bambu FBBU009-BG"
"238251800","IAC_238251800_Jogo de Xícaras de Café 90ml Hauskraft Oásis 4 Peças","G:\Drives compartilhados\OAK-WORKSPACE\01 - JOBS\03 - IA E-COMMERCE\EM_ANDAMENTO\2026-08-AGOSTO\IAC_238251800_Jogo de Xícaras de Café 90ml Hauskraft Oásis 4 Peças"
"238260700","IAC_238260700_Açucareiro de Cerâmica e Bambu com Colher Hauskraft Oásis","G:\Drives compartilhados\OAK-WORKSPACE\01 - JOBS\03 - IA E-COMMERCE\EM_ANDAMENTO\2026-08-AGOSTO\IAC_238260700_Açucareiro de Cerâmica e Bambu com Colher Hauskraft Oásis"
"238299400","IAC_238299400_Tábua de Corte de Madeira Retangular Tramontina Kitchen 40x27cm","G:\Drives compartilhados\OAK-WORKSPACE\01 - JOBS\03 - IA E-COMMERCE\EM_ANDAMENTO\2026-08-AGOSTO\IAC_238299400_Tábua de Corte de Madeira Retangular Tramontina Kitchen 40x27cm"
"238216700","IAC_238216700_LEGO Technic Mercedes-AMG F1 W14 E Performance","G:\Drives compartilhados\OAK-WORKSPACE\01 - JOBS\03 - IA E-COMMERCE\EM_ANDAMENTO\2026-08-AGOSTO\IAC_238216700_LEGO Technic Mercedes-AMG F1 W14 E Performance"
"238110100","IAC_238110100_Massinha Play-Doh Cabelos Coloridos com Estilo","G:\Drives compartilhados\OAK-WORKSPACE\01 - JOBS\03 - IA E-COMMERCE\EM_ANDAMENTO\2026-08-AGOSTO\IAC_238110100_Massinha Play-Doh Cabelos Coloridos com Estilo"
"238108200","IAC_238108200_Massinha Play-Doh Smoothies Coloridos Hasbro","G:\Drives compartilhados\OAK-WORKSPACE\01 - JOBS\03 - IA E-COMMERCE\EM_ANDAMENTO\2026-08-AGOSTO\IAC_238108200_Massinha Play-Doh Smoothies Coloridos Hasbro"
"238191900","IAC_238191900_Sofá-cama 2 Lugares Casal Veludo Matrix Lady Dai","G:\Drives compartilhados\OAK-WORKSPACE\01 - JOBS\03 - IA E-COMMERCE\EM_ANDAMENTO\2026-08-AGOSTO\IAC_238191900_Sofá-cama 2 Lugares Casal Veludo Matrix Lady Dai"
"238220300","IAC_238220300_LEGO Architecture Notre-Dame de Paris","G:\Drives compartilhados\OAK-WORKSPACE\01 - JOBS\03 - IA E-COMMERCE\EM_ANDAMENTO\2026-08-AGOSTO\IAC_238220300_LEGO Architecture Notre-Dame de Paris"
"238268700","IAC_238268700_Prato Raso Verde Redondo 15cm Hauskraft FBBU012-VD","G:\Drives compartilhados\OAK-WORKSPACE\01 - JOBS\03 - IA E-COMMERCE\EM_ANDAMENTO\2026-08-AGOSTO\IAC_238268700_Prato Raso Verde Redondo 15cm Hauskraft FBBU012-VD"
"238292300","IAC_238292300_Bicicleta Aro 24- TK3 Track Flip Fire com Banco de Mobilete Aço Carbono","G:\Drives compartilhados\OAK-WORKSPACE\01 - JOBS\03 - IA E-COMMERCE\EM_ANDAMENTO\2026-08-AGOSTO\IAC_238292300_Bicicleta Aro 24- TK3 Track Flip Fire com Banco de Mobilete Aço Carbono"
"238291900","IAC_238291900_Bicicleta Infantil Aro 16- TK3 Track Flip Fire Preta e Amarela com Banco de Mobilete e Rodinhas Freio V-Brake","G:\Drives compartilhados\OAK-WORKSPACE\01 - JOBS\03 - IA E-COMMERCE\EM_ANDAMENTO\2026-08-AGOSTO\IAC_238291900_Bicicleta Infantil Aro 16- TK3 Track Flip Fire Preta e Amarela com Banco de Mobilete e Rodinhas Freio V-Brake"
"238356300","IAC_238356300_Jogo de Panelas Tramontina Inox Prata 4 Peças Grano","G:\Drives compartilhados\OAK-WORKSPACE\01 - JOBS\03 - IA E-COMMERCE\EM_ANDAMENTO\2026-08-AGOSTO\IAC_238356300_Jogo de Panelas Tramontina Inox Prata 4 Peças Grano"
"238308600","IAC_238308600_Frigideira Antiaderente Multiflon Wok de Alumínio Ekó Verde 28cm","G:\Drives compartilhados\OAK-WORKSPACE\01 - JOBS\03 - IA E-COMMERCE\EM_ANDAMENTO\2026-08-AGOSTO\IAC_238308600_Frigideira Antiaderente Multiflon Wok de Alumínio Ekó Verde 28cm"
"238339000","IAC_238339000_Quadriciclo Infantil Elétrico Preto e Amarelo","G:\Drives compartilhados\OAK-WORKSPACE\01 - JOBS\03 - IA E-COMMERCE\EM_ANDAMENTO\2026-08-AGOSTO\IAC_238339000_Quadriciclo Infantil Elétrico Preto e Amarelo"
"238277800","IAC_238277800_Prato Fundo Marrom 15cm Hauskraft FBBU005-MR","G:\Drives compartilhados\OAK-WORKSPACE\01 - JOBS\03 - IA E-COMMERCE\EM_ANDAMENTO\2026-08-AGOSTO\IAC_238277800_Prato Fundo Marrom 15cm Hauskraft FBBU005-MR"
"238266100","IAC_238266100_Saleiro de Cerâmica e Bambu de Mesa Hauskraft Oasis com Colher","G:\Drives compartilhados\OAK-WORKSPACE\01 - JOBS\03 - IA E-COMMERCE\EM_ANDAMENTO\2026-08-AGOSTO\IAC_238266100_Saleiro de Cerâmica e Bambu de Mesa Hauskraft Oasis com Colher"
"238396900","IAC_238396900_Blocos de Montar Max Dino Adventure Egg Capsule","G:\Drives compartilhados\OAK-WORKSPACE\01 - JOBS\03 - IA E-COMMERCE\EM_ANDAMENTO\2026-08-AGOSTO\IAC_238396900_Blocos de Montar Max Dino Adventure Egg Capsule"
"238399100","IAC_238399100_Blocos de Montar Max Dino Adventure Dino Hunt","G:\Drives compartilhados\OAK-WORKSPACE\01 - JOBS\03 - IA E-COMMERCE\EM_ANDAMENTO\2026-08-AGOSTO\IAC_238399100_Blocos de Montar Max Dino Adventure Dino Hunt"
"238412400","IAC_238412400_Poltrona Reclinável 3 Posições Matrix Pulse","G:\Drives compartilhados\OAK-WORKSPACE\01 - JOBS\03 - IA E-COMMERCE\EM_ANDAMENTO\2026-08-AGOSTO\IAC_238412400_Poltrona Reclinável 3 Posições Matrix Pulse"
"238459900","IAC_238459900_Caminhão de Brinquedo Patrulha Canina Furgão","G:\Drives compartilhados\OAK-WORKSPACE\01 - JOBS\03 - IA E-COMMERCE\EM_ANDAMENTO\2026-08-AGOSTO\IAC_238459900_Caminhão de Brinquedo Patrulha Canina Furgão"
"238435400","IAC_238435400_Mesa de Centro de MDP Saara Artely","G:\Drives compartilhados\OAK-WORKSPACE\01 - JOBS\03 - IA E-COMMERCE\EM_ANDAMENTO\2026-08-AGOSTO\IAC_238435400_Mesa de Centro de MDP Saara Artely"
"238407900","IAC_238407900_Banqueta Alta Giratória com Encosto Estofado Preto BQT-PU1 2 Peças Otello","G:\Drives compartilhados\OAK-WORKSPACE\01 - JOBS\03 - IA E-COMMERCE\EM_ANDAMENTO\2026-08-AGOSTO\IAC_238407900_Banqueta Alta Giratória com Encosto Estofado Preto BQT-PU1 2 Peças Otello"
"238335600","IAC_238335600_LEGO Despicable Me Meu Malvado Favorito 4- Mansão","G:\Drives compartilhados\OAK-WORKSPACE\01 - JOBS\03 - IA E-COMMERCE\EM_ANDAMENTO\2026-08-AGOSTO\IAC_238335600_LEGO Despicable Me Meu Malvado Favorito 4- Mansão"
"238357400","IAC_238357400_Jogo de Potes de Inox Tramontina com Tampa Quadrado Freezinox 3 Peças","G:\Drives compartilhados\OAK-WORKSPACE\01 - JOBS\03 - IA E-COMMERCE\EM_ANDAMENTO\2026-08-AGOSTO\IAC_238357400_Jogo de Potes de Inox Tramontina com Tampa Quadrado Freezinox 3 Peças"
"238292000","IAC_238292000_Bicicleta Infantil Aro 20 TK3 Flip Fire Preto com Banco de Mobilete Freio V-Brake","G:\Drives compartilhados\OAK-WORKSPACE\01 - JOBS\03 - IA E-COMMERCE\EM_ANDAMENTO\2026-08-AGOSTO\IAC_238292000_Bicicleta Infantil Aro 20 TK3 Flip Fire Preto com Banco de Mobilete Freio V-Brake"
"237553000","IAC_237553000_Assadeira de Vidro Oval 34cm Marinex Opaline","G:\Drives compartilhados\OAK-WORKSPACE\01 - JOBS\03 - IA E-COMMERCE\EM_ANDAMENTO\2026-08-AGOSTO\IAC_237553000_Assadeira de Vidro Oval 34cm Marinex Opaline"
"237692600","IAC_237692600_Triciclo Infantil com Empurrar e Pedal","G:\Drives compartilhados\OAK-WORKSPACE\01 - JOBS\03 - IA E-COMMERCE\EM_ANDAMENTO\2026-08-AGOSTO\IAC_237692600_Triciclo Infantil com Empurrar e Pedal"
"237620300","IAC_237620300_Porta-filtro de Café 88 Graus","G:\Drives compartilhados\OAK-WORKSPACE\01 - JOBS\03 - IA E-COMMERCE\EM_ANDAMENTO\2026-08-AGOSTO\IAC_237620300_Porta-filtro de Café 88 Graus"
"237371500","IAC_237371500_Guarda-roupa Solteiro com Espelho 4 Portas 3 Gavetas Caemmun Belize Ripado","G:\Drives compartilhados\OAK-WORKSPACE\01 - JOBS\03 - IA E-COMMERCE\EM_ANDAMENTO\2026-08-AGOSTO\IAC_237371500_Guarda-roupa Solteiro com Espelho 4 Portas 3 Gavetas Caemmun Belize Ripado"
"237656100","IAC_237656100_Notebook Asus Vivobook Pro 15 Core i9 16GB 512GB","G:\Drives compartilhados\OAK-WORKSPACE\01 - JOBS\03 - IA E-COMMERCE\EM_ANDAMENTO\2026-08-AGOSTO\IAC_237656100_Notebook Asus Vivobook Pro 15 Core i9 16GB 512GB"
"237707900","IAC_237707900_LEGO Gabbys Dollhouse Casa Magica da Gabby","G:\Drives compartilhados\OAK-WORKSPACE\01 - JOBS\03 - IA E-COMMERCE\EM_ANDAMENTO\2026-08-AGOSTO\IAC_237707900_LEGO Gabbys Dollhouse Casa Magica da Gabby"
"237707800","IAC_237707800_LEGO Sonic the Hedgehog Oficina do Tails e Avião","G:\Drives compartilhados\OAK-WORKSPACE\01 - JOBS\03 - IA E-COMMERCE\EM_ANDAMENTO\2026-08-AGOSTO\IAC_237707800_LEGO Sonic the Hedgehog Oficina do Tails e Avião"
"237716900","IAC_237716900_Tábua para Churrasco de Madeira Retangular 13236052 Tramontina 40x23cm","G:\Drives compartilhados\OAK-WORKSPACE\01 - JOBS\03 - IA E-COMMERCE\EM_ANDAMENTO\2026-08-AGOSTO\IAC_237716900_Tábua para Churrasco de Madeira Retangular 13236052 Tramontina 40x23cm"
"237734900","IAC_237734900_Cabeceira Casal Ripada Pintura UV Móveis Europa","G:\Drives compartilhados\OAK-WORKSPACE\01 - JOBS\03 - IA E-COMMERCE\EM_ANDAMENTO\2026-08-AGOSTO\IAC_237734900_Cabeceira Casal Ripada Pintura UV Móveis Europa"
"237836500","IAC_237836500_Kit Churrasco Tramontina Black 5 Peças","G:\Drives compartilhados\OAK-WORKSPACE\01 - JOBS\03 - IA E-COMMERCE\EM_ANDAMENTO\2026-08-AGOSTO\IAC_237836500_Kit Churrasco Tramontina Black 5 Peças"
"237842300","IAC_237842300_Caçarola Tramontina Inox Fundo Triplo 24cm 5,70L Allegra","G:\Drives compartilhados\OAK-WORKSPACE\01 - JOBS\03 - IA E-COMMERCE\EM_ANDAMENTO\2026-08-AGOSTO\IAC_237842300_Caçarola Tramontina Inox Fundo Triplo 24cm 5,70L Allegra"
"237735600","IAC_237735600_Guarda-roupa Casal 3 Portas de Correr 6 Gavetas Móveis Europa Ripado York","G:\Drives compartilhados\OAK-WORKSPACE\01 - JOBS\03 - IA E-COMMERCE\EM_ANDAMENTO\2026-08-AGOSTO\IAC_237735600_Guarda-roupa Casal 3 Portas de Correr 6 Gavetas Móveis Europa Ripado York"
"237841700","IAC_237841700_Caldeirão Inox Tramontina Fundo triplo 7,5L 24cm Allegra 62655241","G:\Drives compartilhados\OAK-WORKSPACE\01 - JOBS\03 - IA E-COMMERCE\EM_ANDAMENTO\2026-08-AGOSTO\IAC_237841700_Caldeirão Inox Tramontina Fundo triplo 7,5L 24cm Allegra 62655241"
"237826700","IAC_237826700_Guarda-roupa Casal com Espelho 3 Portas de Correr","G:\Drives compartilhados\OAK-WORKSPACE\01 - JOBS\03 - IA E-COMMERCE\EM_ANDAMENTO\2026-08-AGOSTO\IAC_237826700_Guarda-roupa Casal com Espelho 3 Portas de Correr"
"237619800","IAC_237619800_Aparelho de Fondue de Cerâmica Brinox Corações","G:\Drives compartilhados\OAK-WORKSPACE\01 - JOBS\03 - IA E-COMMERCE\EM_ANDAMENTO\2026-08-AGOSTO\IAC_237619800_Aparelho de Fondue de Cerâmica Brinox Corações"
"237589400","IAC_237589400_Máquina de Macarrão Manual Marcato 3 Tipos de","G:\Drives compartilhados\OAK-WORKSPACE\01 - JOBS\03 - IA E-COMMERCE\EM_ANDAMENTO\2026-08-AGOSTO\IAC_237589400_Máquina de Macarrão Manual Marcato 3 Tipos de"
"237392700","IAC_237392700_Painel para TV até 58” EDN Móveis Merlo","G:\Drives compartilhados\OAK-WORKSPACE\01 - JOBS\03 - IA E-COMMERCE\EM_ANDAMENTO\2026-08-AGOSTO\IAC_237392700_Painel para TV até 58” EDN Móveis Merlo"
"237620000","IAC_237620000_Jogo de Panelas Brinox de Alumínio Verde 6 Peças","G:\Drives compartilhados\OAK-WORKSPACE\01 - JOBS\03 - IA E-COMMERCE\EM_ANDAMENTO\2026-08-AGOSTO\IAC_237620000_Jogo de Panelas Brinox de Alumínio Verde 6 Peças"
"237324400","IAC_237324400_Centro de Mesa de Vidro Oval Nell Rose Gold","G:\Drives compartilhados\OAK-WORKSPACE\01 - JOBS\03 - IA E-COMMERCE\EM_ANDAMENTO\2026-08-AGOSTO\IAC_237324400_Centro de Mesa de Vidro Oval Nell Rose Gold"
"237324600","IAC_237324600_Centro de Mesa de Vidro Redondo Nell Limão","G:\Drives compartilhados\OAK-WORKSPACE\01 - JOBS\03 - IA E-COMMERCE\EM_ANDAMENTO\2026-08-AGOSTO\IAC_237324600_Centro de Mesa de Vidro Redondo Nell Limão"
"237360000","IAC_237360000_Rack para TV até 40” XT Racer Max Air Preto e Vermelho","G:\Drives compartilhados\OAK-WORKSPACE\01 - JOBS\03 - IA E-COMMERCE\EM_ANDAMENTO\2026-08-AGOSTO\IAC_237360000_Rack para TV até 40” XT Racer Max Air Preto e Vermelho"
"237360300","IAC_237360300_Rack para TV até 60” XT Racer Max Air Preto e Branco","G:\Drives compartilhados\OAK-WORKSPACE\01 - JOBS\03 - IA E-COMMERCE\EM_ANDAMENTO\2026-08-AGOSTO\IAC_237360300_Rack para TV até 60” XT Racer Max Air Preto e Branco"
"237324500","IAC_237324500_Centro de Mesa de Vidro Redondo Nell Limão","G:\Drives compartilhados\OAK-WORKSPACE\01 - JOBS\03 - IA E-COMMERCE\EM_ANDAMENTO\2026-08-AGOSTO\IAC_237324500_Centro de Mesa de Vidro Redondo Nell Limão"
"237360900","IAC_237360900_Mesa Gamer Politorno XT Racer Space One","G:\Drives compartilhados\OAK-WORKSPACE\01 - JOBS\03 - IA E-COMMERCE\EM_ANDAMENTO\2026-08-AGOSTO\IAC_237360900_Mesa Gamer Politorno XT Racer Space One"
"237361500","IAC_237361500_Mesa Gamer XT Racer Home Preto e Prata 3 Gavetas 1 Nicho","G:\Drives compartilhados\OAK-WORKSPACE\01 - JOBS\03 - IA E-COMMERCE\EM_ANDAMENTO\2026-08-AGOSTO\IAC_237361500_Mesa Gamer XT Racer Home Preto e Prata 3 Gavetas 1 Nicho"
"237360600","IAC_237360600_Mesa Gamer XT Racer Line Preto e Branco","G:\Drives compartilhados\OAK-WORKSPACE\01 - JOBS\03 - IA E-COMMERCE\EM_ANDAMENTO\2026-08-AGOSTO\IAC_237360600_Mesa Gamer XT Racer Line Preto e Branco"
"237392800","IAC_237392800_Painel para TV até 58” EDN Móveis Merlo","G:\Drives compartilhados\OAK-WORKSPACE\01 - JOBS\03 - IA E-COMMERCE\EM_ANDAMENTO\2026-08-AGOSTO\IAC_237392800_Painel para TV até 58” EDN Móveis Merlo"
"237246600","IAC_237246600_Assento de Elevação Galzerano Potenza 15 a 36kg","G:\Drives compartilhados\OAK-WORKSPACE\01 - JOBS\03 - IA E-COMMERCE\EM_ANDAMENTO\2026-08-AGOSTO\IAC_237246600_Assento de Elevação Galzerano Potenza 15 a 36kg"
"237255000","IAC_237255000_Sofá-cama 3 Lugares Casal Reclinável Veludo Matrix Laila","G:\Drives compartilhados\OAK-WORKSPACE\01 - JOBS\03 - IA E-COMMERCE\EM_ANDAMENTO\2026-08-AGOSTO\IAC_237255000_Sofá-cama 3 Lugares Casal Reclinável Veludo Matrix Laila"
"237244100","IAC_237244100_Faqueiro Tramontina Inox 101 Peças Berlin Brilho 66934214 com Estojo","G:\Drives compartilhados\OAK-WORKSPACE\01 - JOBS\03 - IA E-COMMERCE\EM_ANDAMENTO\2026-08-AGOSTO\IAC_237244100_Faqueiro Tramontina Inox 101 Peças Berlin Brilho 66934214 com Estojo"
"237242200","IAC_237242200_Faqueiro Tramontina Inox 101 Peças Italy 66932217 com Estojo","G:\Drives compartilhados\OAK-WORKSPACE\01 - JOBS\03 - IA E-COMMERCE\EM_ANDAMENTO\2026-08-AGOSTO\IAC_237242200_Faqueiro Tramontina Inox 101 Peças Italy 66932217 com Estojo"
"237253900","IAC_237253900_Sofá-cama 3 Lugares Casal Reclinável Veludo Matrix Laila","G:\Drives compartilhados\OAK-WORKSPACE\01 - JOBS\03 - IA E-COMMERCE\EM_ANDAMENTO\2026-08-AGOSTO\IAC_237253900_Sofá-cama 3 Lugares Casal Reclinável Veludo Matrix Laila"
"237264500","IAC_237264500_Guarda-roupa Casal 3 Portas 3 Gavetas Santos Andirá Aurora 3.3","G:\Drives compartilhados\OAK-WORKSPACE\01 - JOBS\03 - IA E-COMMERCE\EM_ANDAMENTO\2026-08-AGOSTO\IAC_237264500_Guarda-roupa Casal 3 Portas 3 Gavetas Santos Andirá Aurora 3.3"
"237309800","IAC_237309800_Jogo de Taças  de Sobremesa de Vidro 175ml","G:\Drives compartilhados\OAK-WORKSPACE\01 - JOBS\03 - IA E-COMMERCE\EM_ANDAMENTO\2026-08-AGOSTO\IAC_237309800_Jogo de Taças  de Sobremesa de Vidro 175ml"
"237295800","IAC_237295800_Aparelho de Jantar Chá e Café 20 Peças Tramontina Redondo de Porcelana Branco e Azul Abstratta 96589048","G:\Drives compartilhados\OAK-WORKSPACE\01 - JOBS\03 - IA E-COMMERCE\EM_ANDAMENTO\2026-08-AGOSTO\IAC_237295800_Aparelho de Jantar Chá e Café 20 Peças Tramontina Redondo de Porcelana Branco e Azul Abstratta 96589048"
"237224900","IAC_237224900_Jogo de Panelas Tramontina de Inox e Preto Prata 5 peças Solar","G:\Drives compartilhados\OAK-WORKSPACE\01 - JOBS\03 - IA E-COMMERCE\EM_ANDAMENTO\2026-08-AGOSTO\IAC_237224900_Jogo de Panelas Tramontina de Inox e Preto Prata 5 peças Solar"
"237228100","IAC_237228100_Frigideira Tramontina Inox Fundo Triplo Allegra 62666241 24cm","G:\Drives compartilhados\OAK-WORKSPACE\01 - JOBS\03 - IA E-COMMERCE\EM_ANDAMENTO\2026-08-AGOSTO\IAC_237228100_Frigideira Tramontina Inox Fundo Triplo Allegra 62666241 24cm"
"237233400","IAC_237233400_Balança de Cozinha Analógica Tramontina 5kg Inox Adatto 61101040","G:\Drives compartilhados\OAK-WORKSPACE\01 - JOBS\03 - IA E-COMMERCE\EM_ANDAMENTO\2026-08-AGOSTO\IAC_237233400_Balança de Cozinha Analógica Tramontina 5kg Inox Adatto 61101040"
"237226700","IAC_237226700_Faqueiro Tramontina Inox 42 Peças Vicenza 66924203 com Estojo","G:\Drives compartilhados\OAK-WORKSPACE\01 - JOBS\03 - IA E-COMMERCE\EM_ANDAMENTO\2026-08-AGOSTO\IAC_237226700_Faqueiro Tramontina Inox 42 Peças Vicenza 66924203 com Estojo"
"237225500","IAC_237225500_Faqueiro Tramontina Inox 101 Peças Satri 66982214 com Estojo","G:\Drives compartilhados\OAK-WORKSPACE\01 - JOBS\03 - IA E-COMMERCE\EM_ANDAMENTO\2026-08-AGOSTO\IAC_237225500_Faqueiro Tramontina Inox 101 Peças Satri 66982214 com Estojo"
"237226800","IAC_237226800_Frigideira Tramontina Inox Fundo Triplo Allegra 62666201 20cm","G:\Drives compartilhados\OAK-WORKSPACE\01 - JOBS\03 - IA E-COMMERCE\EM_ANDAMENTO\2026-08-AGOSTO\IAC_237226800_Frigideira Tramontina Inox Fundo Triplo Allegra 62666201 20cm"
"237226300","IAC_237226300_Jogo de Panelas Tramontina Inox Fundo Triplo 4 Peças Allegra","G:\Drives compartilhados\OAK-WORKSPACE\01 - JOBS\03 - IA E-COMMERCE\EM_ANDAMENTO\2026-08-AGOSTO\IAC_237226300_Jogo de Panelas Tramontina Inox Fundo Triplo 4 Peças Allegra"
"237225700","IAC_237225700_Faqueiro Tramontina Inox 101 Peças Zurique 66986030","G:\Drives compartilhados\OAK-WORKSPACE\01 - JOBS\03 - IA E-COMMERCE\EM_ANDAMENTO\2026-08-AGOSTO\IAC_237225700_Faqueiro Tramontina Inox 101 Peças Zurique 66986030"
"237225000","IAC_237225000_Frigideira Antiaderente Tramontina Inox Fundo Triplo Brava Baquelite 62195247 24cm","G:\Drives compartilhados\OAK-WORKSPACE\01 - JOBS\03 - IA E-COMMERCE\EM_ANDAMENTO\2026-08-AGOSTO\IAC_237225000_Frigideira Antiaderente Tramontina Inox Fundo Triplo Brava Baquelite 62195247 24cm"
"236188500","IAC_236188500_Balança Digital Britânia de Vidro até 180kg Body Fit BBL05TQ","G:\Drives compartilhados\OAK-WORKSPACE\01 - JOBS\03 - IA E-COMMERCE\EM_ANDAMENTO\2026-08-AGOSTO\IAC_236188500_Balança Digital Britânia de Vidro até 180kg Body Fit BBL05TQ"
"237154000","IAC_237154000_LEGO Technic Bugatti Bolide 905 Peças","G:\Drives compartilhados\OAK-WORKSPACE\01 - JOBS\03 - IA E-COMMERCE\EM_ANDAMENTO\2026-08-AGOSTO\IAC_237154000_LEGO Technic Bugatti Bolide 905 Peças"
"235685800","IAC_235685800_Massinha Play-Doh Super Caminhão de Sorvete","G:\Drives compartilhados\OAK-WORKSPACE\01 - JOBS\03 - IA E-COMMERCE\EM_ANDAMENTO\2026-08-AGOSTO\IAC_235685800_Massinha Play-Doh Super Caminhão de Sorvete"
"236865000","IAC_236865000_Jogo de Xícaras de Café de Porcelana 100ml","G:\Drives compartilhados\OAK-WORKSPACE\01 - JOBS\03 - IA E-COMMERCE\EM_ANDAMENTO\2026-08-AGOSTO\IAC_236865000_Jogo de Xícaras de Café de Porcelana 100ml"
"236943500","IAC_236943500_Mangueira Wap 12m GMEEM01","G:\Drives compartilhados\OAK-WORKSPACE\01 - JOBS\03 - IA E-COMMERCE\EM_ANDAMENTO\2026-08-AGOSTO\IAC_236943500_Mangueira Wap 12m GMEEM01"
"237223300","IAC_237223300_Faqueiro Tramontina Inox 76 Peças Renascença 66929300 com Estojo","G:\Drives compartilhados\OAK-WORKSPACE\01 - JOBS\03 - IA E-COMMERCE\EM_ANDAMENTO\2026-08-AGOSTO\IAC_237223300_Faqueiro Tramontina Inox 76 Peças Renascença 66929300 com Estojo"
"237262200","IAC_237262200_Guarda-roupa Casal 3 Portas 3 Gavetas Santos Andirá Aurora 3.3","G:\Drives compartilhados\OAK-WORKSPACE\01 - JOBS\03 - IA E-COMMERCE\EM_ANDAMENTO\2026-08-AGOSTO\IAC_237262200_Guarda-roupa Casal 3 Portas 3 Gavetas Santos Andirá Aurora 3.3"
"237226500","IAC_237226500_Jogo de Panelas Tramontina Inox Fundo Triplo 5 Peças Allegra","G:\Drives compartilhados\OAK-WORKSPACE\01 - JOBS\03 - IA E-COMMERCE\EM_ANDAMENTO\2026-08-AGOSTO\IAC_237226500_Jogo de Panelas Tramontina Inox Fundo Triplo 5 Peças Allegra"
"235589900","IAC_235589900_Gangorra Dupla Mickey Xalingo","G:\Drives compartilhados\OAK-WORKSPACE\01 - JOBS\03 - IA E-COMMERCE\EM_ANDAMENTO\2026-08-AGOSTO\IAC_235589900_Gangorra Dupla Mickey Xalingo"
"235177400","IAC_235177400_Carrinho de Passeio Infantil Cross Legacy","G:\Drives compartilhados\OAK-WORKSPACE\01 - JOBS\03 - IA E-COMMERCE\EM_ANDAMENTO\2026-08-AGOSTO\IAC_235177400_Carrinho de Passeio Infantil Cross Legacy"
"236871400","IAC_236871400_Jogo de Pratos Redondo de Porcelana Branco","G:\Drives compartilhados\OAK-WORKSPACE\01 - JOBS\03 - IA E-COMMERCE\EM_ANDAMENTO\2026-08-AGOSTO\IAC_236871400_Jogo de Pratos Redondo de Porcelana Branco"
"235186300","IAC_235186300_Brinquedo de Encaixar Balde Primeiros Blocos","G:\Drives compartilhados\OAK-WORKSPACE\01 - JOBS\03 - IA E-COMMERCE\EM_ANDAMENTO\2026-08-AGOSTO\IAC_235186300_Brinquedo de Encaixar Balde Primeiros Blocos"
"235604700","IAC_235604700_Poltrona do Papai Reclinável Moderna 3 Posições Matrix Azera","G:\Drives compartilhados\OAK-WORKSPACE\01 - JOBS\03 - IA E-COMMERCE\EM_ANDAMENTO\2026-08-AGOSTO\IAC_235604700_Poltrona do Papai Reclinável Moderna 3 Posições Matrix Azera"
"235162000","IAC_235162000_Pokémon Poké Bola Ataque Surpresa Charmander e","G:\Drives compartilhados\OAK-WORKSPACE\01 - JOBS\03 - IA E-COMMERCE\EM_ANDAMENTO\2026-08-AGOSTO\IAC_235162000_Pokémon Poké Bola Ataque Surpresa Charmander e"
"235441700","IAC_235441700_Caminhão de Brinquedo Iveco Hi-Way Tanque","G:\Drives compartilhados\OAK-WORKSPACE\01 - JOBS\03 - IA E-COMMERCE\EM_ANDAMENTO\2026-08-AGOSTO\IAC_235441700_Caminhão de Brinquedo Iveco Hi-Way Tanque"
"234446000","IAC_234446000_Garrafa Térmica Inox de Café Hauskraft  800ml","G:\Drives compartilhados\OAK-WORKSPACE\01 - JOBS\03 - IA E-COMMERCE\EM_ANDAMENTO\2026-08-AGOSTO\IAC_234446000_Garrafa Térmica Inox de Café Hauskraft  800ml"
"234978000","IAC_234978000_Frigideira Antiaderente Tramontina de Alumínio","G:\Drives compartilhados\OAK-WORKSPACE\01 - JOBS\03 - IA E-COMMERCE\EM_ANDAMENTO\2026-08-AGOSTO\IAC_234978000_Frigideira Antiaderente Tramontina de Alumínio"
"234987500","IAC_234987500_Panela de Pressão Tramontina Inox 6L Brava","G:\Drives compartilhados\OAK-WORKSPACE\01 - JOBS\03 - IA E-COMMERCE\EM_ANDAMENTO\2026-08-AGOSTO\IAC_234987500_Panela de Pressão Tramontina Inox 6L Brava"
"234840900","IAC_234840900_Cômoda 4 Gavetas Kappesberg Kansas","G:\Drives compartilhados\OAK-WORKSPACE\01 - JOBS\03 - IA E-COMMERCE\EM_ANDAMENTO\2026-08-AGOSTO\IAC_234840900_Cômoda 4 Gavetas Kappesberg Kansas"
"235604600","IAC_235604600_Poltrona do Papai Reclinável Moderna 3 Posições Matrix Azera","G:\Drives compartilhados\OAK-WORKSPACE\01 - JOBS\03 - IA E-COMMERCE\EM_ANDAMENTO\2026-08-AGOSTO\IAC_235604600_Poltrona do Papai Reclinável Moderna 3 Posições Matrix Azera"
"235234800","IAC_235234800_Assento de Elevação Safety 1st Booster TrackFix com Base Isofix até 36kg Preto","G:\Drives compartilhados\OAK-WORKSPACE\01 - JOBS\03 - IA E-COMMERCE\EM_ANDAMENTO\2026-08-AGOSTO\IAC_235234800_Assento de Elevação Safety 1st Booster TrackFix com Base Isofix até 36kg Preto"
"236167400","IAC_236167400_Cristaleira 3 Portas Off White DJ Móveis Tulipa","G:\Drives compartilhados\OAK-WORKSPACE\01 - JOBS\03 - IA E-COMMERCE\EM_ANDAMENTO\2026-08-AGOSTO\IAC_236167400_Cristaleira 3 Portas Off White DJ Móveis Tulipa"
"235676000","IAC_235676000_Guarda-roupa Casal com Espelho 2 Portas de Correr Made Marcs Moscou","G:\Drives compartilhados\OAK-WORKSPACE\01 - JOBS\03 - IA E-COMMERCE\EM_ANDAMENTO\2026-08-AGOSTO\IAC_235676000_Guarda-roupa Casal com Espelho 2 Portas de Correr Made Marcs Moscou"
"235949500","IAC_235949500_Bicicleta Infantil Aro 16 Track & Bikes Dino","G:\Drives compartilhados\OAK-WORKSPACE\01 - JOBS\03 - IA E-COMMERCE\EM_ANDAMENTO\2026-08-AGOSTO\IAC_235949500_Bicicleta Infantil Aro 16 Track & Bikes Dino"
"235651700","IAC_235651700_Poltrona do Papai Reclinável Elétrica Moderna","G:\Drives compartilhados\OAK-WORKSPACE\01 - JOBS\03 - IA E-COMMERCE\EM_ANDAMENTO\2026-08-AGOSTO\IAC_235651700_Poltrona do Papai Reclinável Elétrica Moderna"
"236871500","IAC_236871500_Jogo de Pratos Redondo de Porcelana Branco Raso","G:\Drives compartilhados\OAK-WORKSPACE\01 - JOBS\03 - IA E-COMMERCE\EM_ANDAMENTO\2026-08-AGOSTO\IAC_236871500_Jogo de Pratos Redondo de Porcelana Branco Raso"
"236517000","IAC_236517000_Smart TV 65” 4K QLED TCL 65C835 120Hz","G:\Drives compartilhados\OAK-WORKSPACE\01 - JOBS\03 - IA E-COMMERCE\EM_ANDAMENTO\2026-08-AGOSTO\IAC_236517000_Smart TV 65” 4K QLED TCL 65C835 120Hz"
"236869900","IAC_236869900_Jogo de Pratos Redondo de Porcelana Branco Fundo","G:\Drives compartilhados\OAK-WORKSPACE\01 - JOBS\03 - IA E-COMMERCE\EM_ANDAMENTO\2026-08-AGOSTO\IAC_236869900_Jogo de Pratos Redondo de Porcelana Branco Fundo"
"236137000","IAC_236137000_Caixa de Som Amvox ACA 1300 New X","G:\Drives compartilhados\OAK-WORKSPACE\01 - JOBS\03 - IA E-COMMERCE\EM_ANDAMENTO\2026-08-AGOSTO\IAC_236137000_Caixa de Som Amvox ACA 1300 New X"
"236998400","IAC_236998400_Bebê Reborn Menino Miya Cotiplás 45,5cm","G:\Drives compartilhados\OAK-WORKSPACE\01 - JOBS\03 - IA E-COMMERCE\EM_ANDAMENTO\2026-08-AGOSTO\IAC_236998400_Bebê Reborn Menino Miya Cotiplás 45,5cm"
"235705400","IAC_235705400_Bicicleta Aro 29 Rava Pressure de Alumínio","G:\Drives compartilhados\OAK-WORKSPACE\01 - JOBS\03 - IA E-COMMERCE\EM_ANDAMENTO\2026-08-AGOSTO\IAC_235705400_Bicicleta Aro 29 Rava Pressure de Alumínio"
"236868700","IAC_236868700_Jogo de Pratos Redondo de Porcelana Branco Fundo","G:\Drives compartilhados\OAK-WORKSPACE\01 - JOBS\03 - IA E-COMMERCE\EM_ANDAMENTO\2026-08-AGOSTO\IAC_236868700_Jogo de Pratos Redondo de Porcelana Branco Fundo"
"236515700","IAC_236515700_Torneira para Cozinha Gourmet de Mesa com Mola","G:\Drives compartilhados\OAK-WORKSPACE\01 - JOBS\03 - IA E-COMMERCE\EM_ANDAMENTO\2026-08-AGOSTO\IAC_236515700_Torneira para Cozinha Gourmet de Mesa com Mola"
"237084000","IAC_237084000_Jogo de Panelas Neoflam Revestimento Cerâmico de Alumínio 5 Peças Fika","G:\Drives compartilhados\OAK-WORKSPACE\01 - JOBS\03 - IA E-COMMERCE\EM_ANDAMENTO\2026-08-AGOSTO\IAC_237084000_Jogo de Panelas Neoflam Revestimento Cerâmico de Alumínio 5 Peças Fika"
"236487000","IAC_236487000_Chaleira Hauskraft com Apito Rose Gold e Preto 2L","G:\Drives compartilhados\OAK-WORKSPACE\01 - JOBS\03 - IA E-COMMERCE\EM_ANDAMENTO\2026-08-AGOSTO\IAC_236487000_Chaleira Hauskraft com Apito Rose Gold e Preto 2L"
"236872500","IAC_236872500_Jogo de Pratos Redondo de Porcelana Branco","G:\Drives compartilhados\OAK-WORKSPACE\01 - JOBS\03 - IA E-COMMERCE\EM_ANDAMENTO\2026-08-AGOSTO\IAC_236872500_Jogo de Pratos Redondo de Porcelana Branco"
"236871300","IAC_236871300_Jogo de Pratos Redondo de Porcelana Branco Raso","G:\Drives compartilhados\OAK-WORKSPACE\01 - JOBS\03 - IA E-COMMERCE\EM_ANDAMENTO\2026-08-AGOSTO\IAC_236871300_Jogo de Pratos Redondo de Porcelana Branco Raso"
"236312700","IAC_236312700_Jogo de Taças de Vidro 330ml 6 Peças Haus","G:\Drives compartilhados\OAK-WORKSPACE\01 - JOBS\03 - IA E-COMMERCE\EM_ANDAMENTO\2026-08-AGOSTO\IAC_236312700_Jogo de Taças de Vidro 330ml 6 Peças Haus"
"236871600","IAC_236871600_Jogo de Pratos Redondo de Porcelana Branco","G:\Drives compartilhados\OAK-WORKSPACE\01 - JOBS\03 - IA E-COMMERCE\EM_ANDAMENTO\2026-08-AGOSTO\IAC_236871600_Jogo de Pratos Redondo de Porcelana Branco"
"237146600","IAC_237146600_LEGO Icons Buquê de Flores Silvestres 939 Peças","G:\Drives compartilhados\OAK-WORKSPACE\01 - JOBS\03 - IA E-COMMERCE\EM_ANDAMENTO\2026-08-AGOSTO\IAC_237146600_LEGO Icons Buquê de Flores Silvestres 939 Peças"
"237160900","IAC_237160900_LEGO Ninjago Carro de Corrida Ninja Evo do Kai","G:\Drives compartilhados\OAK-WORKSPACE\01 - JOBS\03 - IA E-COMMERCE\EM_ANDAMENTO\2026-08-AGOSTO\IAC_237160900_LEGO Ninjago Carro de Corrida Ninja Evo do Kai"
"236868800","IAC_236868800_Jogo de Pratos Redondo de Porcelana Branco Fundo","G:\Drives compartilhados\OAK-WORKSPACE\01 - JOBS\03 - IA E-COMMERCE\EM_ANDAMENTO\2026-08-AGOSTO\IAC_236868800_Jogo de Pratos Redondo de Porcelana Branco Fundo"
"236872800","IAC_236872800_Jogo de Xícaras de Chá de Porcelana 240ml","G:\Drives compartilhados\OAK-WORKSPACE\01 - JOBS\03 - IA E-COMMERCE\EM_ANDAMENTO\2026-08-AGOSTO\IAC_236872800_Jogo de Xícaras de Chá de Porcelana 240ml"
"236866700","IAC_236866700_Jogo de Pratos Redondo de Porcelana Branco","G:\Drives compartilhados\OAK-WORKSPACE\01 - JOBS\03 - IA E-COMMERCE\EM_ANDAMENTO\2026-08-AGOSTO\IAC_236866700_Jogo de Pratos Redondo de Porcelana Branco"
"236354400","IAC_236354400_Estação de Musculação Athletic Academia Athletic Advanced 34kg Residencial","G:\Drives compartilhados\OAK-WORKSPACE\01 - JOBS\03 - IA E-COMMERCE\EM_ANDAMENTO\2026-08-AGOSTO\IAC_236354400_Estação de Musculação Athletic Academia Athletic Advanced 34kg Residencial"
"235407800","IAC_235407800_Dinossauro Dinopark Hunters Predators Bee Toys","G:\Drives compartilhados\OAK-WORKSPACE\01 - JOBS\03 - IA E-COMMERCE\EM_ANDAMENTO\2026-08-AGOSTO\IAC_235407800_Dinossauro Dinopark Hunters Predators Bee Toys"
"235626300","IAC_235626300_Brinquedo Educativo Tópi Bombeirinho","G:\Drives compartilhados\OAK-WORKSPACE\01 - JOBS\03 - IA E-COMMERCE\EM_ANDAMENTO\2026-08-AGOSTO\IAC_235626300_Brinquedo Educativo Tópi Bombeirinho"
"235394200","IAC_235394200_Moto Elétrica Infantil Rally 2 Marchas 6V XT3","G:\Drives compartilhados\OAK-WORKSPACE\01 - JOBS\03 - IA E-COMMERCE\EM_ANDAMENTO\2026-08-AGOSTO\IAC_235394200_Moto Elétrica Infantil Rally 2 Marchas 6V XT3"
"234333300","IAC_234333300_Jogo de Panelas Brinox Revestimento Cerâmico","G:\Drives compartilhados\OAK-WORKSPACE\01 - JOBS\03 - IA E-COMMERCE\EM_ANDAMENTO\2026-08-AGOSTO\IAC_234333300_Jogo de Panelas Brinox Revestimento Cerâmico"
"234332900","IAC_234332900_Faqueiro Inox 24 Peças Toscana","G:\Drives compartilhados\OAK-WORKSPACE\01 - JOBS\03 - IA E-COMMERCE\EM_ANDAMENTO\2026-08-AGOSTO\IAC_234332900_Faqueiro Inox 24 Peças Toscana"
"235500700","IAC_235500700_Caixa de Ferramentas Tramontina","G:\Drives compartilhados\OAK-WORKSPACE\01 - JOBS\03 - IA E-COMMERCE\EM_ANDAMENTO\2026-08-AGOSTO\IAC_235500700_Caixa de Ferramentas Tramontina"
"234362700","IAC_234362700_Poltrona Decorativa Matrix Havana","G:\Drives compartilhados\OAK-WORKSPACE\01 - JOBS\03 - IA E-COMMERCE\EM_ANDAMENTO\2026-08-AGOSTO\IAC_234362700_Poltrona Decorativa Matrix Havana"
"234980300","IAC_234980300_Frigideira Tramontina de Ferro Profissional Preta","G:\Drives compartilhados\OAK-WORKSPACE\01 - JOBS\03 - IA E-COMMERCE\EM_ANDAMENTO\2026-08-AGOSTO\IAC_234980300_Frigideira Tramontina de Ferro Profissional Preta"
"234750200","IAC_234750200_Smartphone Samsung Galaxy A33 128GB Preto 5G","G:\Drives compartilhados\OAK-WORKSPACE\01 - JOBS\03 - IA E-COMMERCE\EM_ANDAMENTO\2026-08-AGOSTO\IAC_234750200_Smartphone Samsung Galaxy A33 128GB Preto 5G"
"234637000","IAC_234637000_Poltrona do Papai Reclinável Moderno 3 Posições Matrix AUDI MX37","G:\Drives compartilhados\OAK-WORKSPACE\01 - JOBS\03 - IA E-COMMERCE\EM_ANDAMENTO\2026-08-AGOSTO\IAC_234637000_Poltrona do Papai Reclinável Moderno 3 Posições Matrix AUDI MX37"
"234515100","IAC_234515100_Massinha Play-Doh Mini Sorveteria Divertida","G:\Drives compartilhados\OAK-WORKSPACE\01 - JOBS\03 - IA E-COMMERCE\EM_ANDAMENTO\2026-08-AGOSTO\IAC_234515100_Massinha Play-Doh Mini Sorveteria Divertida"
"235025100","IAC_235025100_Jogo de Panelas Tramontina Revestimento Cerâmico","G:\Drives compartilhados\OAK-WORKSPACE\01 - JOBS\03 - IA E-COMMERCE\EM_ANDAMENTO\2026-08-AGOSTO\IAC_235025100_Jogo de Panelas Tramontina Revestimento Cerâmico"
"235154900","IAC_235154900_Massinha Comidas Maquininha de Macarrão","G:\Drives compartilhados\OAK-WORKSPACE\01 - JOBS\03 - IA E-COMMERCE\EM_ANDAMENTO\2026-08-AGOSTO\IAC_235154900_Massinha Comidas Maquininha de Macarrão"
"234346200","IAC_234346200_Jogo de Panelas Hauskraft Revestimento Cerâmico","G:\Drives compartilhados\OAK-WORKSPACE\01 - JOBS\03 - IA E-COMMERCE\EM_ANDAMENTO\2026-08-AGOSTO\IAC_234346200_Jogo de Panelas Hauskraft Revestimento Cerâmico"
"234985800","IAC_234985800_Panela Wok Antiaderente Tramontina Paris de Alumínio Vermelho 32cm","G:\Drives compartilhados\OAK-WORKSPACE\01 - JOBS\03 - IA E-COMMERCE\EM_ANDAMENTO\2026-08-AGOSTO\IAC_234985800_Panela Wok Antiaderente Tramontina Paris de Alumínio Vermelho 32cm"
"235026300","IAC_235026300_Kit Churrasco Tramontina Polywood","G:\Drives compartilhados\OAK-WORKSPACE\01 - JOBS\03 - IA E-COMMERCE\EM_ANDAMENTO\2026-08-AGOSTO\IAC_235026300_Kit Churrasco Tramontina Polywood"
"234493100","IAC_234493100_Smart TV 55” 4K UHD D-LED Philips 55PUG7906-78","G:\Drives compartilhados\OAK-WORKSPACE\01 - JOBS\03 - IA E-COMMERCE\EM_ANDAMENTO\2026-08-AGOSTO\IAC_234493100_Smart TV 55” 4K UHD D-LED Philips 55PUG7906-78"
"234872400","IAC_234872400_Cabeceira Solteiro-Casal-Queen com Mesinha","G:\Drives compartilhados\OAK-WORKSPACE\01 - JOBS\03 - IA E-COMMERCE\EM_ANDAMENTO\2026-08-AGOSTO\IAC_234872400_Cabeceira Solteiro-Casal-Queen com Mesinha"
"234974100","IAC_234974100_Caçarola Tramontina de Ferro Antiaderente","G:\Drives compartilhados\OAK-WORKSPACE\01 - JOBS\03 - IA E-COMMERCE\EM_ANDAMENTO\2026-08-AGOSTO\IAC_234974100_Caçarola Tramontina de Ferro Antiaderente"
"234447200","IAC_234447200_Gaveta Porta-Cápsulas Nespresso de Bambu Haüskraft SCAP-005 36 Cápsulas","G:\Drives compartilhados\OAK-WORKSPACE\01 - JOBS\03 - IA E-COMMERCE\EM_ANDAMENTO\2026-08-AGOSTO\IAC_234447200_Gaveta Porta-Cápsulas Nespresso de Bambu Haüskraft SCAP-005 36 Cápsulas"
"235026700","IAC_235026700_Conjunto de Utensílios Tramontina Utilitá","G:\Drives compartilhados\OAK-WORKSPACE\01 - JOBS\03 - IA E-COMMERCE\EM_ANDAMENTO\2026-08-AGOSTO\IAC_235026700_Conjunto de Utensílios Tramontina Utilitá"
"235027100","IAC_235027100_Conjunto de Frigideiras Antiaderente Tramontina de Alumínio Caribe Vermelho 3 Peças","G:\Drives compartilhados\OAK-WORKSPACE\01 - JOBS\03 - IA E-COMMERCE\EM_ANDAMENTO\2026-08-AGOSTO\IAC_235027100_Conjunto de Frigideiras Antiaderente Tramontina de Alumínio Caribe Vermelho 3 Peças"
"233239400","IAC_233239400_Faqueiro Brinox Inox 92 Peças Milano","G:\Drives compartilhados\OAK-WORKSPACE\01 - JOBS\03 - IA E-COMMERCE\EM_ANDAMENTO\2026-08-AGOSTO\IAC_233239400_Faqueiro Brinox Inox 92 Peças Milano"
"233369300","IAC_233369300_Espátula Multiuso de Silicone Hauskraft","G:\Drives compartilhados\OAK-WORKSPACE\01 - JOBS\03 - IA E-COMMERCE\EM_ANDAMENTO\2026-08-AGOSTO\IAC_233369300_Espátula Multiuso de Silicone Hauskraft"
"233395600","IAC_233395600_Cadeira de Escritório Presidente Giratória Vinho","G:\Drives compartilhados\OAK-WORKSPACE\01 - JOBS\03 - IA E-COMMERCE\EM_ANDAMENTO\2026-08-AGOSTO\IAC_233395600_Cadeira de Escritório Presidente Giratória Vinho"
"233360700","IAC_233360700_Maçarico Culinário Profissional Portátil Hauskraft","G:\Drives compartilhados\OAK-WORKSPACE\01 - JOBS\03 - IA E-COMMERCE\EM_ANDAMENTO\2026-08-AGOSTO\IAC_233360700_Maçarico Culinário Profissional Portátil Hauskraft"
"233708600","IAC_233708600_Faqueiro Hércules Inox 30 Peças Eclipse","G:\Drives compartilhados\OAK-WORKSPACE\01 - JOBS\03 - IA E-COMMERCE\EM_ANDAMENTO\2026-08-AGOSTO\IAC_233708600_Faqueiro Hércules Inox 30 Peças Eclipse"
"233540100","IAC_233540100_Chapa Grill Hercules Soft Touch","G:\Drives compartilhados\OAK-WORKSPACE\01 - JOBS\03 - IA E-COMMERCE\EM_ANDAMENTO\2026-08-AGOSTO\IAC_233540100_Chapa Grill Hercules Soft Touch"
"233683000","IAC_233683000_Mountain Bike Aro 29 Rava Pressure Alumínio","G:\Drives compartilhados\OAK-WORKSPACE\01 - JOBS\03 - IA E-COMMERCE\EM_ANDAMENTO\2026-08-AGOSTO\IAC_233683000_Mountain Bike Aro 29 Rava Pressure Alumínio"
"232877900","IAC_232877900_Mesa de Cabeceira 2 Gavetas Kansas Kappesberg","G:\Drives compartilhados\OAK-WORKSPACE\01 - JOBS\03 - IA E-COMMERCE\EM_ANDAMENTO\2026-08-AGOSTO\IAC_232877900_Mesa de Cabeceira 2 Gavetas Kansas Kappesberg"
"234265100","IAC_234265100_Maquininha MagaluPay Mini Sem Aluguel","G:\Drives compartilhados\OAK-WORKSPACE\01 - JOBS\03 - IA E-COMMERCE\EM_ANDAMENTO\2026-08-AGOSTO\IAC_234265100_Maquininha MagaluPay Mini Sem Aluguel"
"233708100","IAC_233708100_Faqueiro Hércules Inox 30 Peças Monterrey","G:\Drives compartilhados\OAK-WORKSPACE\01 - JOBS\03 - IA E-COMMERCE\EM_ANDAMENTO\2026-08-AGOSTO\IAC_233708100_Faqueiro Hércules Inox 30 Peças Monterrey"
"232109000","IAC_232109000_Bistequeira Tramontina Antiaderente de Alumínio","G:\Drives compartilhados\OAK-WORKSPACE\01 - JOBS\03 - IA E-COMMERCE\EM_ANDAMENTO\2026-08-AGOSTO\IAC_232109000_Bistequeira Tramontina Antiaderente de Alumínio"
"230570500","IAC_230570500_Kit 4 Potes Vidro Porta Mantimentos Herméticos Electrolux","G:\Drives compartilhados\OAK-WORKSPACE\01 - JOBS\03 - IA E-COMMERCE\EM_ANDAMENTO\2026-08-AGOSTO\IAC_230570500_Kit 4 Potes Vidro Porta Mantimentos Herméticos Electrolux"
"231409200","IAC_231409200_Kit Gamer Teclado Mouse Headset Mouse Pad","G:\Drives compartilhados\OAK-WORKSPACE\01 - JOBS\03 - IA E-COMMERCE\EM_ANDAMENTO\2026-08-AGOSTO\IAC_231409200_Kit Gamer Teclado Mouse Headset Mouse Pad"
"230608300","IAC_230608300_Tablet Samsung Galaxy A7 Lite 8,7” Wi-Fi 64GB","G:\Drives compartilhados\OAK-WORKSPACE\01 - JOBS\03 - IA E-COMMERCE\EM_ANDAMENTO\2026-08-AGOSTO\IAC_230608300_Tablet Samsung Galaxy A7 Lite 8,7” Wi-Fi 64GB"
"230612000","IAC_230612000_Cômoda 4 Gavetas 1 Porta Demobile Montevideu","G:\Drives compartilhados\OAK-WORKSPACE\01 - JOBS\03 - IA E-COMMERCE\EM_ANDAMENTO\2026-08-AGOSTO\IAC_230612000_Cômoda 4 Gavetas 1 Porta Demobile Montevideu"
"230613500","IAC_230613500_Guarda-roupa Solteiro com Espelho 4 Portas","G:\Drives compartilhados\OAK-WORKSPACE\01 - JOBS\03 - IA E-COMMERCE\EM_ANDAMENTO\2026-08-AGOSTO\IAC_230613500_Guarda-roupa Solteiro com Espelho 4 Portas"
"230665300","IAC_230665300_Jogo de Copos de Vidro para Cerveja 4 Peças","G:\Drives compartilhados\OAK-WORKSPACE\01 - JOBS\03 - IA E-COMMERCE\EM_ANDAMENTO\2026-08-AGOSTO\IAC_230665300_Jogo de Copos de Vidro para Cerveja 4 Peças"
"233393300","IAC_233393300_Cadeira Gamer Techni Sport Reclinável Giratória","G:\Drives compartilhados\OAK-WORKSPACE\01 - JOBS\03 - IA E-COMMERCE\EM_ANDAMENTO\2026-08-AGOSTO\IAC_233393300_Cadeira Gamer Techni Sport Reclinável Giratória"
"233372500","IAC_233372500_Porta-Papel Toalha de Mesa Inox","G:\Drives compartilhados\OAK-WORKSPACE\01 - JOBS\03 - IA E-COMMERCE\EM_ANDAMENTO\2026-08-AGOSTO\IAC_233372500_Porta-Papel Toalha de Mesa Inox"
"233354500","IAC_233354500_Descascador de Frutas e Legumes Hauskraft","G:\Drives compartilhados\OAK-WORKSPACE\01 - JOBS\03 - IA E-COMMERCE\EM_ANDAMENTO\2026-08-AGOSTO\IAC_233354500_Descascador de Frutas e Legumes Hauskraft"
"233246600","IAC_233246600_Jogo de Panelas Neoflam Revestimento Cerâmico","G:\Drives compartilhados\OAK-WORKSPACE\01 - JOBS\03 - IA E-COMMERCE\EM_ANDAMENTO\2026-08-AGOSTO\IAC_233246600_Jogo de Panelas Neoflam Revestimento Cerâmico"
"232108900","IAC_232108900_Bistequeira Tramontina Antiaderente de Alumínio","G:\Drives compartilhados\OAK-WORKSPACE\01 - JOBS\03 - IA E-COMMERCE\EM_ANDAMENTO\2026-08-AGOSTO\IAC_232108900_Bistequeira Tramontina Antiaderente de Alumínio"
"232877800","IAC_232877800_Mesa de Cabeceira 2 Gavetas Kansas Kappesberg","G:\Drives compartilhados\OAK-WORKSPACE\01 - JOBS\03 - IA E-COMMERCE\EM_ANDAMENTO\2026-08-AGOSTO\IAC_232877800_Mesa de Cabeceira 2 Gavetas Kansas Kappesberg"
"232042200","IAC_232042200_Comedouro Inteligente para Cães e Gatos 4L","G:\Drives compartilhados\OAK-WORKSPACE\01 - JOBS\03 - IA E-COMMERCE\EM_ANDAMENTO\2026-08-AGOSTO\IAC_232042200_Comedouro Inteligente para Cães e Gatos 4L"
"231159900","IAC_231159900_Patinete 3 Rodas Tri Hot Wheels Fun","G:\Drives compartilhados\OAK-WORKSPACE\01 - JOBS\03 - IA E-COMMERCE\EM_ANDAMENTO\2026-08-AGOSTO\IAC_231159900_Patinete 3 Rodas Tri Hot Wheels Fun"
"232452200","IAC_232452200_Bicicleta Aro 29 Dropp Z3-X Alumínio Freio a Disco","G:\Drives compartilhados\OAK-WORKSPACE\01 - JOBS\03 - IA E-COMMERCE\EM_ANDAMENTO\2026-08-AGOSTO\IAC_232452200_Bicicleta Aro 29 Dropp Z3-X Alumínio Freio a Disco"
"231104300","IAC_231104300_Aparador de Pelos Mondial Super Groom 10 BG-08","G:\Drives compartilhados\OAK-WORKSPACE\01 - JOBS\03 - IA E-COMMERCE\EM_ANDAMENTO\2026-08-AGOSTO\IAC_231104300_Aparador de Pelos Mondial Super Groom 10 BG-08"
"231759000","IAC_231759000_Headset Gamer Warrior Rama PH299 para PC","G:\Drives compartilhados\OAK-WORKSPACE\01 - JOBS\03 - IA E-COMMERCE\EM_ANDAMENTO\2026-08-AGOSTO\IAC_231759000_Headset Gamer Warrior Rama PH299 para PC"
"231111400","IAC_231111400_Colchão Casal Castor de Mola 30x138x188cm Revolution Tecnopedic One Face","G:\Drives compartilhados\OAK-WORKSPACE\01 - JOBS\03 - IA E-COMMERCE\EM_ANDAMENTO\2026-08-AGOSTO\IAC_231111400_Colchão Casal Castor de Mola 30x138x188cm Revolution Tecnopedic One Face"
"232040800","IAC_232040800_Smartphone Samsung Galaxy A12 64GB Preto 4G","G:\Drives compartilhados\OAK-WORKSPACE\01 - JOBS\03 - IA E-COMMERCE\EM_ANDAMENTO\2026-08-AGOSTO\IAC_232040800_Smartphone Samsung Galaxy A12 64GB Preto 4G"
"232475800","IAC_232475800_Kit Patins Infantil In Line Zippy Toys Rosa","G:\Drives compartilhados\OAK-WORKSPACE\01 - JOBS\03 - IA E-COMMERCE\EM_ANDAMENTO\2026-08-AGOSTO\IAC_232475800_Kit Patins Infantil In Line Zippy Toys Rosa"
"231361700","IAC_231361700_Pop It Fidget Toys Shiny Toys 2 Peças","G:\Drives compartilhados\OAK-WORKSPACE\01 - JOBS\03 - IA E-COMMERCE\EM_ANDAMENTO\2026-08-AGOSTO\IAC_231361700_Pop It Fidget Toys Shiny Toys 2 Peças"
"228879400","IAC_228879400_Panela de Pudim Multiflon Antiaderente","G:\Drives compartilhados\OAK-WORKSPACE\01 - JOBS\03 - IA E-COMMERCE\EM_ANDAMENTO\2026-08-AGOSTO\IAC_228879400_Panela de Pudim Multiflon Antiaderente"
"227009800","IAC_227009800_Copo Treinamento com Alça 240ml Buba","G:\Drives compartilhados\OAK-WORKSPACE\01 - JOBS\03 - IA E-COMMERCE\EM_ANDAMENTO\2026-08-AGOSTO\IAC_227009800_Copo Treinamento com Alça 240ml Buba"
"230282600","IAC_230282600_Assento de Elevação Cosco Teen","G:\Drives compartilhados\OAK-WORKSPACE\01 - JOBS\03 - IA E-COMMERCE\EM_ANDAMENTO\2026-08-AGOSTO\IAC_230282600_Assento de Elevação Cosco Teen"
"228147300","IAC_228147300_Monitor para PC AOC Série B1 24B1XHM 23,8” 75Hz 6ms Full HD HDMI VG","G:\Drives compartilhados\OAK-WORKSPACE\01 - JOBS\03 - IA E-COMMERCE\EM_ANDAMENTO\2026-08-AGOSTO\IAC_228147300_Monitor para PC AOC Série B1 24B1XHM 23,8” 75Hz 6ms Full HD HDMI VG"
"228555700","IAC_228555700_Massageador para os Olhos Eyemagic PTE03 Philco","G:\Drives compartilhados\OAK-WORKSPACE\01 - JOBS\03 - IA E-COMMERCE\EM_ANDAMENTO\2026-08-AGOSTO\IAC_228555700_Massageador para os Olhos Eyemagic PTE03 Philco"
"230855200","IAC_230855200_Assento de Elevação Fisher Price Booster Hot Wheels Fashion 22 a 36kg Preto, Azul e Vermelho","G:\Drives compartilhados\OAK-WORKSPACE\01 - JOBS\03 - IA E-COMMERCE\EM_ANDAMENTO\2026-08-AGOSTO\IAC_230855200_Assento de Elevação Fisher Price Booster Hot Wheels Fashion 22 a 36kg Preto, Azul e Vermelho"
"230656400","IAC_230656400_Escorredor de Louça de Brinquedo Barbie Chef","G:\Drives compartilhados\OAK-WORKSPACE\01 - JOBS\03 - IA E-COMMERCE\EM_ANDAMENTO\2026-08-AGOSTO\IAC_230656400_Escorredor de Louça de Brinquedo Barbie Chef"
"230614900","IAC_230614900_Guarda-roupa Solteiro 6 Portas 2 Gavetas Demóbile Flash II","G:\Drives compartilhados\OAK-WORKSPACE\01 - JOBS\03 - IA E-COMMERCE\EM_ANDAMENTO\2026-08-AGOSTO\IAC_230614900_Guarda-roupa Solteiro 6 Portas 2 Gavetas Demóbile Flash II"
"230868900","IAC_230868900_Pula-Pula Inflável Jilong Kids Play","G:\Drives compartilhados\OAK-WORKSPACE\01 - JOBS\03 - IA E-COMMERCE\EM_ANDAMENTO\2026-08-AGOSTO\IAC_230868900_Pula-Pula Inflável Jilong Kids Play"
"230570400","IAC_230570400_Jogo de Potes Hermético Electrolux com Tampa Retangular Bambu 2 Peças","G:\Drives compartilhados\OAK-WORKSPACE\01 - JOBS\03 - IA E-COMMERCE\EM_ANDAMENTO\2026-08-AGOSTO\IAC_230570400_Jogo de Potes Hermético Electrolux com Tampa Retangular Bambu 2 Peças"
"228760200","IAC_228760200_Headset Gamer Philco PHS11V PC 5.1 P2","G:\Drives compartilhados\OAK-WORKSPACE\01 - JOBS\03 - IA E-COMMERCE\EM_ANDAMENTO\2026-08-AGOSTO\IAC_228760200_Headset Gamer Philco PHS11V PC 5.1 P2"
"230256300","IAC_230256300_Escorregador Infantil Pequeno 2 Degraus","G:\Drives compartilhados\OAK-WORKSPACE\01 - JOBS\03 - IA E-COMMERCE\EM_ANDAMENTO\2026-08-AGOSTO\IAC_230256300_Escorregador Infantil Pequeno 2 Degraus"
"230475300","IAC_230475300_Jogo de Formas de Silicone Brinox Glacê 3 Peças","G:\Drives compartilhados\OAK-WORKSPACE\01 - JOBS\03 - IA E-COMMERCE\EM_ANDAMENTO\2026-08-AGOSTO\IAC_230475300_Jogo de Formas de Silicone Brinox Glacê 3 Peças"
"228553700","IAC_228553700_Escova Secadora Britânia Soft BES23P - 2 Velocidades","G:\Drives compartilhados\OAK-WORKSPACE\01 - JOBS\03 - IA E-COMMERCE\EM_ANDAMENTO\2026-08-AGOSTO\IAC_228553700_Escova Secadora Britânia Soft BES23P - 2 Velocidades"
"228879100","IAC_228879100_Frigideira Wok Antiaderente Multiflon","G:\Drives compartilhados\OAK-WORKSPACE\01 - JOBS\03 - IA E-COMMERCE\EM_ANDAMENTO\2026-08-AGOSTO\IAC_228879100_Frigideira Wok Antiaderente Multiflon"
"230026600","IAC_230026600_Frigideira 4 Ovos Antiaderente Multiflon de Alumínio com Tampa Gourmet Vermelha 26cm","G:\Drives compartilhados\OAK-WORKSPACE\01 - JOBS\03 - IA E-COMMERCE\EM_ANDAMENTO\2026-08-AGOSTO\IAC_230026600_Frigideira 4 Ovos Antiaderente Multiflon de Alumínio com Tampa Gourmet Vermelha 26cm"
"228217200","IAC_228217200_Piscina Infantil Inflável Redonda Jilong 1140L","G:\Drives compartilhados\OAK-WORKSPACE\01 - JOBS\03 - IA E-COMMERCE\EM_ANDAMENTO\2026-08-AGOSTO\IAC_228217200_Piscina Infantil Inflável Redonda Jilong 1140L"
"230256900","IAC_230256900_Escorregador Infantil Médio 3 Degraus","G:\Drives compartilhados\OAK-WORKSPACE\01 - JOBS\03 - IA E-COMMERCE\EM_ANDAMENTO\2026-08-AGOSTO\IAC_230256900_Escorregador Infantil Médio 3 Degraus"
"230428100","IAC_230428100_Laptop Infantil Barbie Bilingue Musical","G:\Drives compartilhados\OAK-WORKSPACE\01 - JOBS\03 - IA E-COMMERCE\EM_ANDAMENTO\2026-08-AGOSTO\IAC_230428100_Laptop Infantil Barbie Bilingue Musical"
"230026500","IAC_230026500_Frigideira 4 Ovos Antiaderente Multiflon","G:\Drives compartilhados\OAK-WORKSPACE\01 - JOBS\03 - IA E-COMMERCE\EM_ANDAMENTO\2026-08-AGOSTO\IAC_230026500_Frigideira 4 Ovos Antiaderente Multiflon"
"228769500","IAC_228769500_Gabinete Gamer k-mex Asgard Rítmico CG-05Z5","G:\Drives compartilhados\OAK-WORKSPACE\01 - JOBS\03 - IA E-COMMERCE\EM_ANDAMENTO\2026-08-AGOSTO\IAC_228769500_Gabinete Gamer k-mex Asgard Rítmico CG-05Z5"
"228183700","IAC_228183700_Escova Secadora Britânia Soft BES20RG 1100W","G:\Drives compartilhados\OAK-WORKSPACE\01 - JOBS\03 - IA E-COMMERCE\EM_ANDAMENTO\2026-08-AGOSTO\IAC_228183700_Escova Secadora Britânia Soft BES20RG 1100W"
"230257800","IAC_230257800_Carro Elétrico Infantil Rosa Volkswagen Beetle","G:\Drives compartilhados\OAK-WORKSPACE\01 - JOBS\03 - IA E-COMMERCE\EM_ANDAMENTO\2026-08-AGOSTO\IAC_230257800_Carro Elétrico Infantil Rosa Volkswagen Beetle"
"228864900","IAC_228864900_Garrafa Térmica Termolar 1L Magic Pump","G:\Drives compartilhados\OAK-WORKSPACE\01 - JOBS\03 - IA E-COMMERCE\EM_ANDAMENTO\2026-08-AGOSTO\IAC_228864900_Garrafa Térmica Termolar 1L Magic Pump"
"230474700","IAC_230474700_Lixeira Inox para Banheiro com Pedal 5L Brinox","G:\Drives compartilhados\OAK-WORKSPACE\01 - JOBS\03 - IA E-COMMERCE\EM_ANDAMENTO\2026-08-AGOSTO\IAC_230474700_Lixeira Inox para Banheiro com Pedal 5L Brinox"
"228728100","IAC_228728100_Carrinho de Passeio Infantil Baby Cross","G:\Drives compartilhados\OAK-WORKSPACE\01 - JOBS\03 - IA E-COMMERCE\EM_ANDAMENTO\2026-08-AGOSTO\IAC_228728100_Carrinho de Passeio Infantil Baby Cross"
"228760300","IAC_228760300_Headset Gamer Philco PHS750 PC 7.1","G:\Drives compartilhados\OAK-WORKSPACE\01 - JOBS\03 - IA E-COMMERCE\EM_ANDAMENTO\2026-08-AGOSTO\IAC_228760300_Headset Gamer Philco PHS750 PC 7.1"
"226922700","IAC_226922700_Torneira para Cozinha Gourmet de Mesa com Mola - Luxo Nell AM-01","G:\Drives compartilhados\OAK-WORKSPACE\01 - JOBS\03 - IA E-COMMERCE\EM_ANDAMENTO\2026-08-AGOSTO\IAC_226922700_Torneira para Cozinha Gourmet de Mesa com Mola - Luxo Nell AM-01"
"226868800","IAC_226868800_Babá Eletrônica Motorola BLISS54 Tela de 4,3” Comunicação Bidirecional","G:\Drives compartilhados\OAK-WORKSPACE\01 - JOBS\03 - IA E-COMMERCE\EM_ANDAMENTO\2026-08-AGOSTO\IAC_226868800_Babá Eletrônica Motorola BLISS54 Tela de 4,3” Comunicação Bidirecional"
"226405900","IAC_226405900_Caixa de Som Philco Extreme PBS55BT Bluetooth","G:\Drives compartilhados\OAK-WORKSPACE\01 - JOBS\03 - IA E-COMMERCE\EM_ANDAMENTO\2026-08-AGOSTO\IAC_226405900_Caixa de Som Philco Extreme PBS55BT Bluetooth"
"226541600","IAC_226541600_Conjunto de Assadeiras de Vidro Marinex 15760201426901 6 Peças","G:\Drives compartilhados\OAK-WORKSPACE\01 - JOBS\03 - IA E-COMMERCE\EM_ANDAMENTO\2026-08-AGOSTO\IAC_226541600_Conjunto de Assadeiras de Vidro Marinex 15760201426901 6 Peças"
"226776700","IAC_226776700_Brinquedo para Bebê Centopeia Baby Péia","G:\Drives compartilhados\OAK-WORKSPACE\01 - JOBS\03 - IA E-COMMERCE\EM_ANDAMENTO\2026-08-AGOSTO\IAC_226776700_Brinquedo para Bebê Centopeia Baby Péia"
"226922900","IAC_226922900_Torneira para Cozinha de Mesa - Gourmet Nell AM-M26","G:\Drives compartilhados\OAK-WORKSPACE\01 - JOBS\03 - IA E-COMMERCE\EM_ANDAMENTO\2026-08-AGOSTO\IAC_226922900_Torneira para Cozinha de Mesa - Gourmet Nell AM-M26"
"226288200","IAC_226288200_Caçarola Tramontina Inox Fundo Triplo com Tampa 8,9L 30cm Solar Silicone","G:\Drives compartilhados\OAK-WORKSPACE\01 - JOBS\03 - IA E-COMMERCE\EM_ANDAMENTO\2026-08-AGOSTO\IAC_226288200_Caçarola Tramontina Inox Fundo Triplo com Tampa 8,9L 30cm Solar Silicone"
"226295200","IAC_226295200_Fervedor Tramontina Inox Fundo Triplo 2L 14cm","G:\Drives compartilhados\OAK-WORKSPACE\01 - JOBS\03 - IA E-COMMERCE\EM_ANDAMENTO\2026-08-AGOSTO\IAC_226295200_Fervedor Tramontina Inox Fundo Triplo 2L 14cm"
"226915000","IAC_226915000_Cadeira Gamer XT Racer Reclinável Giratória","G:\Drives compartilhados\OAK-WORKSPACE\01 - JOBS\03 - IA E-COMMERCE\EM_ANDAMENTO\2026-08-AGOSTO\IAC_226915000_Cadeira Gamer XT Racer Reclinável Giratória"
"226360300","IAC_226360300_Babá Eletrônica Motorola MBP36S Tela 3,5” Monitoramento da Temperatura Ambiente Rotaçã","G:\Drives compartilhados\OAK-WORKSPACE\01 - JOBS\03 - IA E-COMMERCE\EM_ANDAMENTO\2026-08-AGOSTO\IAC_226360300_Babá Eletrônica Motorola MBP36S Tela 3,5” Monitoramento da Temperatura Ambiente Rotaçã"
"226888400","IAC_226888400_Aparelho de Jantar 16 Peças Cerâmica Scalla","G:\Drives compartilhados\OAK-WORKSPACE\01 - JOBS\03 - IA E-COMMERCE\EM_ANDAMENTO\2026-08-AGOSTO\IAC_226888400_Aparelho de Jantar 16 Peças Cerâmica Scalla"
"226294700","IAC_226294700_Fervedor Tramontina de Alumínio Antiaderente 1,2L 12cm Turim","G:\Drives compartilhados\OAK-WORKSPACE\01 - JOBS\03 - IA E-COMMERCE\EM_ANDAMENTO\2026-08-AGOSTO\IAC_226294700_Fervedor Tramontina de Alumínio Antiaderente 1,2L 12cm Turim"
"226721900","IAC_226721900_Caixa de Som Mondial CM-15 Bluetooth Amplificada","G:\Drives compartilhados\OAK-WORKSPACE\01 - JOBS\03 - IA E-COMMERCE\EM_ANDAMENTO\2026-08-AGOSTO\IAC_226721900_Caixa de Som Mondial CM-15 Bluetooth Amplificada"
"226282300","IAC_226282300_Faqueiro Tramontina Inox Ipanema 24 Peças","G:\Drives compartilhados\OAK-WORKSPACE\01 - JOBS\03 - IA E-COMMERCE\EM_ANDAMENTO\2026-08-AGOSTO\IAC_226282300_Faqueiro Tramontina Inox Ipanema 24 Peças"
"226298600","IAC_226298600_Frigideira Antiaderente Tramontina de Alumínio com Tampa Mônaco Induction Preta 24cm","G:\Drives compartilhados\OAK-WORKSPACE\01 - JOBS\03 - IA E-COMMERCE\EM_ANDAMENTO\2026-08-AGOSTO\IAC_226298600_Frigideira Antiaderente Tramontina de Alumínio com Tampa Mônaco Induction Preta 24cm"
"226541500","IAC_226541500_Conjunto de Assadeiras de Vidro Marinex Prática","G:\Drives compartilhados\OAK-WORKSPACE\01 - JOBS\03 - IA E-COMMERCE\EM_ANDAMENTO\2026-08-AGOSTO\IAC_226541500_Conjunto de Assadeiras de Vidro Marinex Prática"
"227390900","IAC_227390900_Telefone sem Fio Motorola AXH01 Identificador de Chamada Secretária Eletrônica Wi-Fi","G:\Drives compartilhados\OAK-WORKSPACE\01 - JOBS\03 - IA E-COMMERCE\EM_ANDAMENTO\2026-08-AGOSTO\IAC_227390900_Telefone sem Fio Motorola AXH01 Identificador de Chamada Secretária Eletrônica Wi-Fi"
"225096500","IAC_225096500_Berço Portátil Co-leito Galzerano Bari 0 a 9kg","G:\Drives compartilhados\OAK-WORKSPACE\01 - JOBS\03 - IA E-COMMERCE\EM_ANDAMENTO\2026-08-AGOSTO\IAC_225096500_Berço Portátil Co-leito Galzerano Bari 0 a 9kg"
"225254100","IAC_225254100_Lego Star Wars- O Despertar da Força para PS4","G:\Drives compartilhados\OAK-WORKSPACE\01 - JOBS\03 - IA E-COMMERCE\EM_ANDAMENTO\2026-08-AGOSTO\IAC_225254100_Lego Star Wars- O Despertar da Força para PS4"
"225146500","IAC_225146500_Headset Gamer ELG Flakes Power Storm 7.1 Virtual","G:\Drives compartilhados\OAK-WORKSPACE\01 - JOBS\03 - IA E-COMMERCE\EM_ANDAMENTO\2026-08-AGOSTO\IAC_225146500_Headset Gamer ELG Flakes Power Storm 7.1 Virtual"
"226158100","IAC_226158100_Esteira Ergométrica Elétrica Kikos MAX-K1X Dobrável 3 Níveis de Inclinação Velocidade Máxima 13km-h","G:\Drives compartilhados\OAK-WORKSPACE\01 - JOBS\03 - IA E-COMMERCE\EM_ANDAMENTO\2026-08-AGOSTO\IAC_226158100_Esteira Ergométrica Elétrica Kikos MAX-K1X Dobrável 3 Níveis de Inclinação Velocidade Máxima 13km-h"
"224952400","IAC_224952400_Furadeira e Parafusadeira a Bateria Tramontina","G:\Drives compartilhados\OAK-WORKSPACE\01 - JOBS\03 - IA E-COMMERCE\EM_ANDAMENTO\2026-08-AGOSTO\IAC_224952400_Furadeira e Parafusadeira a Bateria Tramontina"
"226143900","IAC_226143900_Faqueiro Tramontina Inox Havana 36 Peças","G:\Drives compartilhados\OAK-WORKSPACE\01 - JOBS\03 - IA E-COMMERCE\EM_ANDAMENTO\2026-08-AGOSTO\IAC_226143900_Faqueiro Tramontina Inox Havana 36 Peças"
"225679300","IAC_225679300_Jogo de Panelas Tramontina Antiaderente","G:\Drives compartilhados\OAK-WORKSPACE\01 - JOBS\03 - IA E-COMMERCE\EM_ANDAMENTO\2026-08-AGOSTO\IAC_225679300_Jogo de Panelas Tramontina Antiaderente"
"225990400","IAC_225990400_Headset Gamer XZONE GHS-01","G:\Drives compartilhados\OAK-WORKSPACE\01 - JOBS\03 - IA E-COMMERCE\EM_ANDAMENTO\2026-08-AGOSTO\IAC_225990400_Headset Gamer XZONE GHS-01"
"225679500","IAC_225679500_Jogo de Panelas Tramontina Antiaderente","G:\Drives compartilhados\OAK-WORKSPACE\01 - JOBS\03 - IA E-COMMERCE\EM_ANDAMENTO\2026-08-AGOSTO\IAC_225679500_Jogo de Panelas Tramontina Antiaderente"
"225990500","IAC_225990500_Headset Gamer XZONE GHS-02","G:\Drives compartilhados\OAK-WORKSPACE\01 - JOBS\03 - IA E-COMMERCE\EM_ANDAMENTO\2026-08-AGOSTO\IAC_225990500_Headset Gamer XZONE GHS-02"
"226855400","IAC_226855400_Jogo de Taças para Vinho Cristal 450ml","G:\Drives compartilhados\OAK-WORKSPACE\01 - JOBS\03 - IA E-COMMERCE\EM_ANDAMENTO\2026-08-AGOSTO\IAC_226855400_Jogo de Taças para Vinho Cristal 450ml"
"226855700","IAC_226855700_Jogo de Taças para Vinho Cristal 650ml 6 Peças","G:\Drives compartilhados\OAK-WORKSPACE\01 - JOBS\03 - IA E-COMMERCE\EM_ANDAMENTO\2026-08-AGOSTO\IAC_226855700_Jogo de Taças para Vinho Cristal 650ml 6 Peças"
"227435500","IAC_227435500_Mini Carro Elétrico Audi R8 com Controle Remoto","G:\Drives compartilhados\OAK-WORKSPACE\01 - JOBS\03 - IA E-COMMERCE\EM_ANDAMENTO\2026-08-AGOSTO\IAC_227435500_Mini Carro Elétrico Audi R8 com Controle Remoto"
"227639900","IAC_227639900_Carrinho de Bebê Stillo Elite","G:\Drives compartilhados\OAK-WORKSPACE\01 - JOBS\03 - IA E-COMMERCE\EM_ANDAMENTO\2026-08-AGOSTO\IAC_227639900_Carrinho de Bebê Stillo Elite"
"228127800","IAC_228127800_Jogo de Soquetes Estriados 1-2” 17 Peças Tramontina Maste","G:\Drives compartilhados\OAK-WORKSPACE\01 - JOBS\03 - IA E-COMMERCE\EM_ANDAMENTO\2026-08-AGOSTO\IAC_228127800_Jogo de Soquetes Estriados 1-2” 17 Peças Tramontina Maste"
"227762000","IAC_227762000_Fone de Ouvido Gamer Warrior com Microfone","G:\Drives compartilhados\OAK-WORKSPACE\01 - JOBS\03 - IA E-COMMERCE\EM_ANDAMENTO\2026-08-AGOSTO\IAC_227762000_Fone de Ouvido Gamer Warrior com Microfone"
"226939200","IAC_226939200_Petisqueira Porcelana com Pote Retangular","G:\Drives compartilhados\OAK-WORKSPACE\01 - JOBS\03 - IA E-COMMERCE\EM_ANDAMENTO\2026-08-AGOSTO\IAC_226939200_Petisqueira Porcelana com Pote Retangular"
"228132000","IAC_228132000_Caixa de Som Gradiente Extreme Colors Full Led","G:\Drives compartilhados\OAK-WORKSPACE\01 - JOBS\03 - IA E-COMMERCE\EM_ANDAMENTO\2026-08-AGOSTO\IAC_228132000_Caixa de Som Gradiente Extreme Colors Full Led"
"226553900","IAC_226553900_Monitor Gamer LG 27GL650F-B.AWZ 27” LED IPS","G:\Drives compartilhados\OAK-WORKSPACE\01 - JOBS\03 - IA E-COMMERCE\EM_ANDAMENTO\2026-08-AGOSTO\IAC_226553900_Monitor Gamer LG 27GL650F-B.AWZ 27” LED IPS"
"220722300","IAC_220722300_Remo Kikos 218CA 12 Níveis de Regulagem","G:\Drives compartilhados\OAK-WORKSPACE\01 - JOBS\03 - IA E-COMMERCE\EM_ANDAMENTO\2026-08-AGOSTO\IAC_220722300_Remo Kikos 218CA 12 Níveis de Regulagem"
"220643000","IAC_220643000_Jogo de Panelas Tramontina Solar 65510-560 Inox","G:\Drives compartilhados\OAK-WORKSPACE\01 - JOBS\03 - IA E-COMMERCE\EM_ANDAMENTO\2026-08-AGOSTO\IAC_220643000_Jogo de Panelas Tramontina Solar 65510-560 Inox"
"224832200","IAC_224832200_Jogo de Copos de Vidro 450ml 6 Peças Nadir Americano Long Drink","G:\Drives compartilhados\OAK-WORKSPACE\01 - JOBS\03 - IA E-COMMERCE\EM_ANDAMENTO\2026-08-AGOSTO\IAC_224832200_Jogo de Copos de Vidro 450ml 6 Peças Nadir Americano Long Drink"
"224594100","IAC_224594100_Cozinha Infantil Portátil","G:\Drives compartilhados\OAK-WORKSPACE\01 - JOBS\03 - IA E-COMMERCE\EM_ANDAMENTO\2026-08-AGOSTO\IAC_224594100_Cozinha Infantil Portátil"
"224815000","IAC_224815000_Guarda-roupa Casal com Espelho 6 Portas  - 5 Gavetas Móveis Lanza Antares","G:\Drives compartilhados\OAK-WORKSPACE\01 - JOBS\03 - IA E-COMMERCE\EM_ANDAMENTO\2026-08-AGOSTO\IAC_224815000_Guarda-roupa Casal com Espelho 6 Portas  - 5 Gavetas Móveis Lanza Antares"
"224623600","IAC_224623600_Ralador de Queijo Inox Hercules","G:\Drives compartilhados\OAK-WORKSPACE\01 - JOBS\03 - IA E-COMMERCE\EM_ANDAMENTO\2026-08-AGOSTO\IAC_224623600_Ralador de Queijo Inox Hercules"
"224594400","IAC_224594400_Andador Infantil 4x1 de Empurrar Maral","G:\Drives compartilhados\OAK-WORKSPACE\01 - JOBS\03 - IA E-COMMERCE\EM_ANDAMENTO\2026-08-AGOSTO\IAC_224594400_Andador Infantil 4x1 de Empurrar Maral"
"224808600","IAC_224808600_Bicicleta Aro 29 South Legend MTB 21 Marchas Shimano Freio a Disco Alumínio","G:\Drives compartilhados\OAK-WORKSPACE\01 - JOBS\03 - IA E-COMMERCE\EM_ANDAMENTO\2026-08-AGOSTO\IAC_224808600_Bicicleta Aro 29 South Legend MTB 21 Marchas Shimano Freio a Disco Alumínio"
"226145500","IAC_226145500_Jogo de Panelas Tramontina Inox","G:\Drives compartilhados\OAK-WORKSPACE\01 - JOBS\03 - IA E-COMMERCE\EM_ANDAMENTO\2026-08-AGOSTO\IAC_226145500_Jogo de Panelas Tramontina Inox"
"225682200","IAC_225682200_Panquequeira Tramontina Antiaderente de Alumínio 22cm Turim 20264622","G:\Drives compartilhados\OAK-WORKSPACE\01 - JOBS\03 - IA E-COMMERCE\EM_ANDAMENTO\2026-08-AGOSTO\IAC_225682200_Panquequeira Tramontina Antiaderente de Alumínio 22cm Turim 20264622"
"225100100","IAC_225100100_Organizador de Gavetas Arthi Rattan","G:\Drives compartilhados\OAK-WORKSPACE\01 - JOBS\03 - IA E-COMMERCE\EM_ANDAMENTO\2026-08-AGOSTO\IAC_225100100_Organizador de Gavetas Arthi Rattan"
"218238200","IAC_218238200_Colchão King Size Castor Mola","G:\Drives compartilhados\OAK-WORKSPACE\01 - JOBS\03 - IA E-COMMERCE\EM_ANDAMENTO\2026-08-AGOSTO\IAC_218238200_Colchão King Size Castor Mola"
"218455700","IAC_218455700_Jogo de Panelas Tramontina Inox Fundo Triplo","G:\Drives compartilhados\OAK-WORKSPACE\01 - JOBS\03 - IA E-COMMERCE\EM_ANDAMENTO\2026-08-AGOSTO\IAC_218455700_Jogo de Panelas Tramontina Inox Fundo Triplo"
"218238700","IAC_218238700_Colchão Queen Size Castor Mola 32cm de Alt. Silver Star","G:\Drives compartilhados\OAK-WORKSPACE\01 - JOBS\03 - IA E-COMMERCE\EM_ANDAMENTO\2026-08-AGOSTO\IAC_218238700_Colchão Queen Size Castor Mola 32cm de Alt. Silver Star"
"219131800","IAC_219131800_Colchão Solteiro Castor Mola Ensacadas-Pocket","G:\Drives compartilhados\OAK-WORKSPACE\01 - JOBS\03 - IA E-COMMERCE\EM_ANDAMENTO\2026-08-AGOSTO\IAC_219131800_Colchão Solteiro Castor Mola Ensacadas-Pocket"
"219132100","IAC_219132100_Colchão Solteiro Castor Mola Ensacadas-Pocket","G:\Drives compartilhados\OAK-WORKSPACE\01 - JOBS\03 - IA E-COMMERCE\EM_ANDAMENTO\2026-08-AGOSTO\IAC_219132100_Colchão Solteiro Castor Mola Ensacadas-Pocket"
"218840100","IAC_218840100_Lavadora de Alta Pressão Tramontina Master","G:\Drives compartilhados\OAK-WORKSPACE\01 - JOBS\03 - IA E-COMMERCE\EM_ANDAMENTO\2026-08-AGOSTO\IAC_218840100_Lavadora de Alta Pressão Tramontina Master"
"219128800","IAC_219128800_Base Cama Box Solteiro Castor 27x88x188cm Poli","G:\Drives compartilhados\OAK-WORKSPACE\01 - JOBS\03 - IA E-COMMERCE\EM_ANDAMENTO\2026-08-AGOSTO\IAC_219128800_Base Cama Box Solteiro Castor 27x88x188cm Poli"
"218646000","IAC_218646000_Lixeira com Tampa 5L Arthi","G:\Drives compartilhados\OAK-WORKSPACE\01 - JOBS\03 - IA E-COMMERCE\EM_ANDAMENTO\2026-08-AGOSTO\IAC_218646000_Lixeira com Tampa 5L Arthi"
"219129100","IAC_219129100_Box para Colchão Solteiro Castor","G:\Drives compartilhados\OAK-WORKSPACE\01 - JOBS\03 - IA E-COMMERCE\EM_ANDAMENTO\2026-08-AGOSTO\IAC_219129100_Box para Colchão Solteiro Castor"
"218238800","IAC_218238800_Colchão Queen Castor Mola","G:\Drives compartilhados\OAK-WORKSPACE\01 - JOBS\03 - IA E-COMMERCE\EM_ANDAMENTO\2026-08-AGOSTO\IAC_218238800_Colchão Queen Castor Mola"
"218454800","IAC_218454800_Conjunto de Panelas Tramontina Professional","G:\Drives compartilhados\OAK-WORKSPACE\01 - JOBS\03 - IA E-COMMERCE\EM_ANDAMENTO\2026-08-AGOSTO\IAC_218454800_Conjunto de Panelas Tramontina Professional"
"219132300","IAC_219132300_Colchão Queen Size Castor Mola Pocket 25cm de Alt. Sleep Class One Face","G:\Drives compartilhados\OAK-WORKSPACE\01 - JOBS\03 - IA E-COMMERCE\EM_ANDAMENTO\2026-08-AGOSTO\IAC_219132300_Colchão Queen Size Castor Mola Pocket 25cm de Alt. Sleep Class One Face"
"220634900","IAC_220634900_Leiteira Antiaderente 1,7L Multiflon","G:\Drives compartilhados\OAK-WORKSPACE\01 - JOBS\03 - IA E-COMMERCE\EM_ANDAMENTO\2026-08-AGOSTO\IAC_220634900_Leiteira Antiaderente 1,7L Multiflon"
"221436800","IAC_221436800_Drone Infantil Polibrinq","G:\Drives compartilhados\OAK-WORKSPACE\01 - JOBS\03 - IA E-COMMERCE\EM_ANDAMENTO\2026-08-AGOSTO\IAC_221436800_Drone Infantil Polibrinq"
"224559100","IAC_224559100_Cafeteira Italiana Bialetti Rainbow","G:\Drives compartilhados\OAK-WORKSPACE\01 - JOBS\03 - IA E-COMMERCE\EM_ANDAMENTO\2026-08-AGOSTO\IAC_224559100_Cafeteira Italiana Bialetti Rainbow"
"223042600","IAC_223042600_Esteira Elétrica Ergométrica Dream DR 2110","G:\Drives compartilhados\OAK-WORKSPACE\01 - JOBS\03 - IA E-COMMERCE\EM_ANDAMENTO\2026-08-AGOSTO\IAC_223042600_Esteira Elétrica Ergométrica Dream DR 2110"
"223376100","IAC_223376100_Faqueiro Tramontina Inox Zurique 66986214","G:\Drives compartilhados\OAK-WORKSPACE\01 - JOBS\03 - IA E-COMMERCE\EM_ANDAMENTO\2026-08-AGOSTO\IAC_223376100_Faqueiro Tramontina Inox Zurique 66986214"
"220947900","IAC_220947900_Xilofone Infantil Fisher Price CMY09","G:\Drives compartilhados\OAK-WORKSPACE\01 - JOBS\03 - IA E-COMMERCE\EM_ANDAMENTO\2026-08-AGOSTO\IAC_220947900_Xilofone Infantil Fisher Price CMY09"
"221690900","IAC_221690900_Caixa de Som Bluetooth Lenoxx CA 445 Portátil","G:\Drives compartilhados\OAK-WORKSPACE\01 - JOBS\03 - IA E-COMMERCE\EM_ANDAMENTO\2026-08-AGOSTO\IAC_221690900_Caixa de Som Bluetooth Lenoxx CA 445 Portátil"
"219129200","IAC_219129200_Base Cama Box Solteiro Castor 27cm de Altura Poli","G:\Drives compartilhados\OAK-WORKSPACE\01 - JOBS\03 - IA E-COMMERCE\EM_ANDAMENTO\2026-08-AGOSTO\IAC_219129200_Base Cama Box Solteiro Castor 27cm de Altura Poli"
"224429600","IAC_224429600_Frigideira Antiaderente Multiflon de Alumínio","G:\Drives compartilhados\OAK-WORKSPACE\01 - JOBS\03 - IA E-COMMERCE\EM_ANDAMENTO\2026-08-AGOSTO\IAC_224429600_Frigideira Antiaderente Multiflon de Alumínio"
"221830100","IAC_221830100_Jogo de Panelas Brinox de Alumínio Vanilla 8 Peças Ceramic Life Smart Plus 4791105","G:\Drives compartilhados\OAK-WORKSPACE\01 - JOBS\03 - IA E-COMMERCE\EM_ANDAMENTO\2026-08-AGOSTO\IAC_221830100_Jogo de Panelas Brinox de Alumínio Vanilla 8 Peças Ceramic Life Smart Plus 4791105"
"224033700","IAC_224033700_Faqueiro Tramontina Inox Mônaco 66917144","G:\Drives compartilhados\OAK-WORKSPACE\01 - JOBS\03 - IA E-COMMERCE\EM_ANDAMENTO\2026-08-AGOSTO\IAC_224033700_Faqueiro Tramontina Inox Mônaco 66917144"
"224431500","IAC_224431500_Caçarola Multiflon Antiaderente Preta 9,3L","G:\Drives compartilhados\OAK-WORKSPACE\01 - JOBS\03 - IA E-COMMERCE\EM_ANDAMENTO\2026-08-AGOSTO\IAC_224431500_Caçarola Multiflon Antiaderente Preta 9,3L"
"221287600","IAC_221287600_Aparelho de Jantar 20 Peças Schmidt Redondo","G:\Drives compartilhados\OAK-WORKSPACE\01 - JOBS\03 - IA E-COMMERCE\EM_ANDAMENTO\2026-08-AGOSTO\IAC_221287600_Aparelho de Jantar 20 Peças Schmidt Redondo"
"221968400","IAC_221968400_Jogo de Potes de Inox Tramontina com Tampa Redondo Freezinox 2 Peças","G:\Drives compartilhados\OAK-WORKSPACE\01 - JOBS\03 - IA E-COMMERCE\EM_ANDAMENTO\2026-08-AGOSTO\IAC_221968400_Jogo de Potes de Inox Tramontina com Tampa Redondo Freezinox 2 Peças"
"224431800","IAC_224431800_Panela Antiaderente Multiflon de Alumínio","G:\Drives compartilhados\OAK-WORKSPACE\01 - JOBS\03 - IA E-COMMERCE\EM_ANDAMENTO\2026-08-AGOSTO\IAC_224431800_Panela Antiaderente Multiflon de Alumínio"
"221032800","IAC_221032800_Maleta para Ferramentas Tramontina 43804017","G:\Drives compartilhados\OAK-WORKSPACE\01 - JOBS\03 - IA E-COMMERCE\EM_ANDAMENTO\2026-08-AGOSTO\IAC_221032800_Maleta para Ferramentas Tramontina 43804017"
"219131400","IAC_219131400_Colchão Solteiro Castor Mola","G:\Drives compartilhados\OAK-WORKSPACE\01 - JOBS\03 - IA E-COMMERCE\EM_ANDAMENTO\2026-08-AGOSTO\IAC_219131400_Colchão Solteiro Castor Mola"
"224037400","IAC_224037400_Jogo de Panelas Tramontina Inox Fundo Triplo 4 Peças Brava","G:\Drives compartilhados\OAK-WORKSPACE\01 - JOBS\03 - IA E-COMMERCE\EM_ANDAMENTO\2026-08-AGOSTO\IAC_224037400_Jogo de Panelas Tramontina Inox Fundo Triplo 4 Peças Brava"
"220628700","IAC_220628700_Panela de Pressão Multiflon Antiaderente Preta","G:\Drives compartilhados\OAK-WORKSPACE\01 - JOBS\03 - IA E-COMMERCE\EM_ANDAMENTO\2026-08-AGOSTO\IAC_220628700_Panela de Pressão Multiflon Antiaderente Preta"
"220643700","IAC_220643700_Jogo de Panelas Tramontina Solar Indução Ceramic Aço Inox Fundo Triplo Antiaderente Cerâmico 4 Peças","G:\Drives compartilhados\OAK-WORKSPACE\01 - JOBS\03 - IA E-COMMERCE\EM_ANDAMENTO\2026-08-AGOSTO\IAC_220643700_Jogo de Panelas Tramontina Solar Indução Ceramic Aço Inox Fundo Triplo Antiaderente Cerâmico 4 Peças"
"223007500","IAC_223007500_Headphone Bluetooth AKG N700 Prata","G:\Drives compartilhados\OAK-WORKSPACE\01 - JOBS\03 - IA E-COMMERCE\EM_ANDAMENTO\2026-08-AGOSTO\IAC_223007500_Headphone Bluetooth AKG N700 Prata"
"223076000","IAC_223076000_Jogo de Panelas Tramontina Antiaderente","G:\Drives compartilhados\OAK-WORKSPACE\01 - JOBS\03 - IA E-COMMERCE\EM_ANDAMENTO\2026-08-AGOSTO\IAC_223076000_Jogo de Panelas Tramontina Antiaderente"
"221198500","IAC_221198500_Conjunto de Talheres Tramontina 12 Peças Polywood","G:\Drives compartilhados\OAK-WORKSPACE\01 - JOBS\03 - IA E-COMMERCE\EM_ANDAMENTO\2026-08-AGOSTO\IAC_221198500_Conjunto de Talheres Tramontina 12 Peças Polywood"
"224403200","IAC_224403200_Poltrona Decorativa Matrix Lívia","G:\Drives compartilhados\OAK-WORKSPACE\01 - JOBS\03 - IA E-COMMERCE\EM_ANDAMENTO\2026-08-AGOSTO\IAC_224403200_Poltrona Decorativa Matrix Lívia"
"221554200","IAC_221554200_Patins in Line Infantil Fênix Rosa","G:\Drives compartilhados\OAK-WORKSPACE\01 - JOBS\03 - IA E-COMMERCE\EM_ANDAMENTO\2026-08-AGOSTO\IAC_221554200_Patins in Line Infantil Fênix Rosa"
"222067700","IAC_222067700_Cadeira Gamer XT Racer Reclinável","G:\Drives compartilhados\OAK-WORKSPACE\01 - JOBS\03 - IA E-COMMERCE\EM_ANDAMENTO\2026-08-AGOSTO\IAC_222067700_Cadeira Gamer XT Racer Reclinável"
"221293400","IAC_221293400_Assadeira de Vidro Sempre Retangular","G:\Drives compartilhados\OAK-WORKSPACE\01 - JOBS\03 - IA E-COMMERCE\EM_ANDAMENTO\2026-08-AGOSTO\IAC_221293400_Assadeira de Vidro Sempre Retangular"
"222251700","IAC_222251700_Smartphone Samsung Galaxy S10+ 128GB Azul 4G","G:\Drives compartilhados\OAK-WORKSPACE\01 - JOBS\03 - IA E-COMMERCE\EM_ANDAMENTO\2026-08-AGOSTO\IAC_222251700_Smartphone Samsung Galaxy S10+ 128GB Azul 4G"
"222365900","IAC_222365900_Jogo de Copos de Vidro para Cerveja 5 Peças","G:\Drives compartilhados\OAK-WORKSPACE\01 - JOBS\03 - IA E-COMMERCE\EM_ANDAMENTO\2026-08-AGOSTO\IAC_222365900_Jogo de Copos de Vidro para Cerveja 5 Peças"
"218914900","IAC_218914900_Churrasqueira Elétrica Britânia Gourmet Preta CGB2  220V - Britania","G:\Drives compartilhados\OAK-WORKSPACE\01 - JOBS\03 - IA E-COMMERCE\EM_ANDAMENTO\2026-08-AGOSTO\IAC_218914900_Churrasqueira Elétrica Britânia Gourmet Preta CGB2  220V - Britania"
"218238900","IAC_218238900_Colchão Queen Castor Mola Pocket","G:\Drives compartilhados\OAK-WORKSPACE\01 - JOBS\03 - IA E-COMMERCE\EM_ANDAMENTO\2026-08-AGOSTO\IAC_218238900_Colchão Queen Castor Mola Pocket"
"218851200","IAC_218851200_Mop Bettanin Noviça","G:\Drives compartilhados\OAK-WORKSPACE\01 - JOBS\03 - IA E-COMMERCE\EM_ANDAMENTO\2026-08-AGOSTO\IAC_218851200_Mop Bettanin Noviça"
"217546600","IAC_217546600_Conjunto de Servir Brinox Inox 6 Peças","G:\Drives compartilhados\OAK-WORKSPACE\01 - JOBS\03 - IA E-COMMERCE\EM_ANDAMENTO\2026-08-AGOSTO\IAC_217546600_Conjunto de Servir Brinox Inox 6 Peças"
"217242800","IAC_217242800_Kit de Churrasco 8 Peças Tramontina","G:\Drives compartilhados\OAK-WORKSPACE\01 - JOBS\03 - IA E-COMMERCE\EM_ANDAMENTO\2026-08-AGOSTO\IAC_217242800_Kit de Churrasco 8 Peças Tramontina"
"216865300","IAC_216865300_Teclado sem Fio com Touchpad Logitech ABNT2","G:\Drives compartilhados\OAK-WORKSPACE\01 - JOBS\03 - IA E-COMMERCE\EM_ANDAMENTO\2026-08-AGOSTO\IAC_216865300_Teclado sem Fio com Touchpad Logitech ABNT2"
"217410200","IAC_217410200_Jogo de Utensílios Tramontina Inox 5 Peças","G:\Drives compartilhados\OAK-WORKSPACE\01 - JOBS\03 - IA E-COMMERCE\EM_ANDAMENTO\2026-08-AGOSTO\IAC_217410200_Jogo de Utensílios Tramontina Inox 5 Peças"
"216744800","IAC_216744800_Ventilador de Mesa Ventisol Premium Turbo 6","G:\Drives compartilhados\OAK-WORKSPACE\01 - JOBS\03 - IA E-COMMERCE\EM_ANDAMENTO\2026-08-AGOSTO\IAC_216744800_Ventilador de Mesa Ventisol Premium Turbo 6"
"217696200","IAC_217696200_Cuscuzeira Tramontina Antiaderente Turim 20268614","G:\Drives compartilhados\OAK-WORKSPACE\01 - JOBS\03 - IA E-COMMERCE\EM_ANDAMENTO\2026-08-AGOSTO\IAC_217696200_Cuscuzeira Tramontina Antiaderente Turim 20268614"
"217690600","IAC_217690600_Conjunto de Panelas Tramontina Cordoba 20799-790","G:\Drives compartilhados\OAK-WORKSPACE\01 - JOBS\03 - IA E-COMMERCE\EM_ANDAMENTO\2026-08-AGOSTO\IAC_217690600_Conjunto de Panelas Tramontina Cordoba 20799-790"
"216515800","IAC_216515800_Desumidificador de Ar Desidrat","G:\Drives compartilhados\OAK-WORKSPACE\01 - JOBS\03 - IA E-COMMERCE\EM_ANDAMENTO\2026-08-AGOSTO\IAC_216515800_Desumidificador de Ar Desidrat"
"218238600","IAC_218238600_Colchão Queen Castor Mola Pocket 27cm de Altura Revolution","G:\Drives compartilhados\OAK-WORKSPACE\01 - JOBS\03 - IA E-COMMERCE\EM_ANDAMENTO\2026-08-AGOSTO\IAC_218238600_Colchão Queen Castor Mola Pocket 27cm de Altura Revolution"
"217698000","IAC_217698000_Conjunto de Panelas Tramontina Bergamo 20399-783","G:\Drives compartilhados\OAK-WORKSPACE\01 - JOBS\03 - IA E-COMMERCE\EM_ANDAMENTO\2026-08-AGOSTO\IAC_217698000_Conjunto de Panelas Tramontina Bergamo 20399-783"
"218237300","IAC_218237300_Base Cama Box Queen Size Castor Bipartido 27x79x198cm Silver Star","G:\Drives compartilhados\OAK-WORKSPACE\01 - JOBS\03 - IA E-COMMERCE\EM_ANDAMENTO\2026-08-AGOSTO\IAC_218237300_Base Cama Box Queen Size Castor Bipartido 27x79x198cm Silver Star"
"218236800","IAC_218236800_Base Cama Box Casal Castor","G:\Drives compartilhados\OAK-WORKSPACE\01 - JOBS\03 - IA E-COMMERCE\EM_ANDAMENTO\2026-08-AGOSTO\IAC_218236800_Base Cama Box Casal Castor"
"218238100","IAC_218238100_Colchão King Castor Mola Pocket","G:\Drives compartilhados\OAK-WORKSPACE\01 - JOBS\03 - IA E-COMMERCE\EM_ANDAMENTO\2026-08-AGOSTO\IAC_218238100_Colchão King Castor Mola Pocket"
"218237900","IAC_218237900_Colchão Casal Castor Mola Pocket 32cm de Altura Silver Star","G:\Drives compartilhados\OAK-WORKSPACE\01 - JOBS\03 - IA E-COMMERCE\EM_ANDAMENTO\2026-08-AGOSTO\IAC_218237900_Colchão Casal Castor Mola Pocket 32cm de Altura Silver Star"
"218237700","IAC_218237700_Colchão Casal Castor Mola","G:\Drives compartilhados\OAK-WORKSPACE\01 - JOBS\03 - IA E-COMMERCE\EM_ANDAMENTO\2026-08-AGOSTO\IAC_218237700_Colchão Casal Castor Mola"
"218237000","IAC_218237000_Base Cama Box King Size Castor Bipartido","G:\Drives compartilhados\OAK-WORKSPACE\01 - JOBS\03 - IA E-COMMERCE\EM_ANDAMENTO\2026-08-AGOSTO\IAC_218237000_Base Cama Box King Size Castor Bipartido"
"214088100","IAC_214088100_Parafusadeira Elétrica Tramontina 42380045 1-4”","G:\Drives compartilhados\OAK-WORKSPACE\01 - JOBS\03 - IA E-COMMERCE\EM_ANDAMENTO\2026-08-AGOSTO\IAC_214088100_Parafusadeira Elétrica Tramontina 42380045 1-4”"
"215655900","IAC_215655900_Cafeteira Italiana Alumínio Bialetti - Nuova Moka 3 Xícaras","G:\Drives compartilhados\OAK-WORKSPACE\01 - JOBS\03 - IA E-COMMERCE\EM_ANDAMENTO\2026-08-AGOSTO\IAC_215655900_Cafeteira Italiana Alumínio Bialetti - Nuova Moka 3 Xícaras"
"216614700","IAC_216614700_Kit de Ferramentas 11 Peças 43409104","G:\Drives compartilhados\OAK-WORKSPACE\01 - JOBS\03 - IA E-COMMERCE\EM_ANDAMENTO\2026-08-AGOSTO\IAC_216614700_Kit de Ferramentas 11 Peças 43409104"
"216615000","IAC_216615000_Kit de Ferramentas 3 Peças 43409107","G:\Drives compartilhados\OAK-WORKSPACE\01 - JOBS\03 - IA E-COMMERCE\EM_ANDAMENTO\2026-08-AGOSTO\IAC_216615000_Kit de Ferramentas 3 Peças 43409107"
"202472000","IAC_202472000_Panela Tramontina Professional em Aço Inox Fundo Triplo com Tampa Plana Detalhe Satinado 20 cm 2,9 L","G:\Drives compartilhados\OAK-WORKSPACE\01 - JOBS\03 - IA E-COMMERCE\EM_ANDAMENTO\2026-08-AGOSTO\IAC_202472000_Panela Tramontina Professional em Aço Inox Fundo Triplo com Tampa Plana Detalhe Satinado 20 cm 2,9 L"
"211774000","IAC_211774000_Frigideira Multiflon Dupla Antiaderente 20cm","G:\Drives compartilhados\OAK-WORKSPACE\01 - JOBS\03 - IA E-COMMERCE\EM_ANDAMENTO\2026-08-AGOSTO\IAC_211774000_Frigideira Multiflon Dupla Antiaderente 20cm"
"211808300","IAC_211808300_Conjunto de Panelas Hercules PA300-5PVM","G:\Drives compartilhados\OAK-WORKSPACE\01 - JOBS\03 - IA E-COMMERCE\EM_ANDAMENTO\2026-08-AGOSTO\IAC_211808300_Conjunto de Panelas Hercules PA300-5PVM"
"210489500","IAC_210489500_Cafeteira Inox Bialetti","G:\Drives compartilhados\OAK-WORKSPACE\01 - JOBS\03 - IA E-COMMERCE\EM_ANDAMENTO\2026-08-AGOSTO\IAC_210489500_Cafeteira Inox Bialetti"
"210524800","IAC_210524800_Garrafa Térmica 1L Hauskraft","G:\Drives compartilhados\OAK-WORKSPACE\01 - JOBS\03 - IA E-COMMERCE\EM_ANDAMENTO\2026-08-AGOSTO\IAC_210524800_Garrafa Térmica 1L Hauskraft"
"210490600","IAC_210490600_Biscoiteira em Inox","G:\Drives compartilhados\OAK-WORKSPACE\01 - JOBS\03 - IA E-COMMERCE\EM_ANDAMENTO\2026-08-AGOSTO\IAC_210490600_Biscoiteira em Inox"
"212067300","IAC_212067300_Panela de Pressão Tramontina Solar","G:\Drives compartilhados\OAK-WORKSPACE\01 - JOBS\03 - IA E-COMMERCE\EM_ANDAMENTO\2026-08-AGOSTO\IAC_212067300_Panela de Pressão Tramontina Solar"
"215656000","IAC_215656000_Cafeteira Italiana Alumínio Bialetti","G:\Drives compartilhados\OAK-WORKSPACE\01 - JOBS\03 - IA E-COMMERCE\EM_ANDAMENTO\2026-08-AGOSTO\IAC_215656000_Cafeteira Italiana Alumínio Bialetti"
"212770500","IAC_212770500_Jogo de Panelas Turim 5 Peças","G:\Drives compartilhados\OAK-WORKSPACE\01 - JOBS\03 - IA E-COMMERCE\EM_ANDAMENTO\2026-08-AGOSTO\IAC_212770500_Jogo de Panelas Turim 5 Peças"
"214088800","IAC_214088800_Furadeira de Impacto Tramontina 500W 42362020","G:\Drives compartilhados\OAK-WORKSPACE\01 - JOBS\03 - IA E-COMMERCE\EM_ANDAMENTO\2026-08-AGOSTO\IAC_214088800_Furadeira de Impacto Tramontina 500W 42362020"
"214386500","IAC_214386500_Colchão Queen Castor Espuma D-45 25cm de Alt. Sleep Max","G:\Drives compartilhados\OAK-WORKSPACE\01 - JOBS\03 - IA E-COMMERCE\EM_ANDAMENTO\2026-08-AGOSTO\IAC_214386500_Colchão Queen Castor Espuma D-45 25cm de Alt. Sleep Max"
"213441400","IAC_213441400_Pistola Pulverizadora para Pintura Elétrica Wap","G:\Drives compartilhados\OAK-WORKSPACE\01 - JOBS\03 - IA E-COMMERCE\EM_ANDAMENTO\2026-08-AGOSTO\IAC_213441400_Pistola Pulverizadora para Pintura Elétrica Wap"
"213303900","IAC_213303900_Faqueiro Brinox Lyon 5101-102 Inox 24 Peças","G:\Drives compartilhados\OAK-WORKSPACE\01 - JOBS\03 - IA E-COMMERCE\EM_ANDAMENTO\2026-08-AGOSTO\IAC_213303900_Faqueiro Brinox Lyon 5101-102 Inox 24 Peças"
"214529600","IAC_214529600_Espagueteira Tramontina Inox 5,48L 22cm","G:\Drives compartilhados\OAK-WORKSPACE\01 - JOBS\03 - IA E-COMMERCE\EM_ANDAMENTO\2026-08-AGOSTO\IAC_214529600_Espagueteira Tramontina Inox 5,48L 22cm"
"215962400","IAC_215962400_Fervedor Inox com Fundo Triplo 2L Tramontina Allegra 62932140","G:\Drives compartilhados\OAK-WORKSPACE\01 - JOBS\03 - IA E-COMMERCE\EM_ANDAMENTO\2026-08-AGOSTO\IAC_215962400_Fervedor Inox com Fundo Triplo 2L Tramontina Allegra 62932140"
"211979700","IAC_211979700_Frigideira Antiaderente Tramontina 24cm Head Chef 20885024","G:\Drives compartilhados\OAK-WORKSPACE\01 - JOBS\03 - IA E-COMMERCE\EM_ANDAMENTO\2026-08-AGOSTO\IAC_211979700_Frigideira Antiaderente Tramontina 24cm Head Chef 20885024"
"211955600","IAC_211955600_Mesa Dobrável de Parede Multivisão Decore MDS10050BR","G:\Drives compartilhados\OAK-WORKSPACE\01 - JOBS\03 - IA E-COMMERCE\EM_ANDAMENTO\2026-08-AGOSTO\IAC_211955600_Mesa Dobrável de Parede Multivisão Decore MDS10050BR"
"155621500","IAC_155621500_Smartphone Samsung Galaxy A02 32GB Azul 4G Quad-Core 2GB RAM 6,5” Câm. Dupla","G:\Drives compartilhados\OAK-WORKSPACE\01 - JOBS\03 - IA E-COMMERCE\EM_ANDAMENTO\2026-08-AGOSTO\IAC_155621500_Smartphone Samsung Galaxy A02 32GB Azul 4G Quad-Core 2GB RAM 6,5” Câm. Dupla"
"181298000","IAC_181298000_Cara a Cara Princesas","G:\Drives compartilhados\OAK-WORKSPACE\01 - JOBS\03 - IA E-COMMERCE\EM_ANDAMENTO\2026-08-AGOSTO\IAC_181298000_Cara a Cara Princesas"
"181168900","IAC_181168900_Caminhão de Brinquedo Cegonha Invictus","G:\Drives compartilhados\OAK-WORKSPACE\01 - JOBS\03 - IA E-COMMERCE\EM_ANDAMENTO\2026-08-AGOSTO\IAC_181168900_Caminhão de Brinquedo Cegonha Invictus"
"182400500","IAC_182400500_Castelo Princesa Judy","G:\Drives compartilhados\OAK-WORKSPACE\01 - JOBS\03 - IA E-COMMERCE\EM_ANDAMENTO\2026-08-AGOSTO\IAC_182400500_Castelo Princesa Judy"
"155586500","IAC_155586500_Smartphone Motorola Edge+ 256GB Thunder Grey 5G","G:\Drives compartilhados\OAK-WORKSPACE\01 - JOBS\03 - IA E-COMMERCE\EM_ANDAMENTO\2026-08-AGOSTO\IAC_155586500_Smartphone Motorola Edge+ 256GB Thunder Grey 5G"
"155587800","IAC_155587800_Smartphone LG K22 32GB Titan 4G Quad-Core 2GB RAM Tela 6,2- Câm. Dupla + Selfie 5MP Dual Chip","G:\Drives compartilhados\OAK-WORKSPACE\01 - JOBS\03 - IA E-COMMERCE\EM_ANDAMENTO\2026-08-AGOSTO\IAC_155587800_Smartphone LG K22 32GB Titan 4G Quad-Core 2GB RAM Tela 6,2- Câm. Dupla + Selfie 5MP Dual Chip"
"155585700","IAC_155585700_Smartphone Samsung Galaxy A01 Core 32GB Vermelho - 4G Quad-Core 2GB RAM 5,3” Câm. 8MP + Selfie 5M","G:\Drives compartilhados\OAK-WORKSPACE\01 - JOBS\03 - IA E-COMMERCE\EM_ANDAMENTO\2026-08-AGOSTO\IAC_155585700_Smartphone Samsung Galaxy A01 Core 32GB Vermelho - 4G Quad-Core 2GB RAM 5,3” Câm. 8MP + Selfie 5M"
"193427400","IAC_193427400_Smart TV 65” 4K QLED Samsung QN65Q7FNAGXZD","G:\Drives compartilhados\OAK-WORKSPACE\01 - JOBS\03 - IA E-COMMERCE\EM_ANDAMENTO\2026-08-AGOSTO\IAC_193427400_Smart TV 65” 4K QLED Samsung QN65Q7FNAGXZD"
"155589700","IAC_155589700_Smartphone Samsung Galaxy Note 20 Ultra 256GB","G:\Drives compartilhados\OAK-WORKSPACE\01 - JOBS\03 - IA E-COMMERCE\EM_ANDAMENTO\2026-08-AGOSTO\IAC_155589700_Smartphone Samsung Galaxy Note 20 Ultra 256GB"
"193439400","IAC_193439400_Smart TV Full HD D-LED 42” Britania BTV42G70N5CF","G:\Drives compartilhados\OAK-WORKSPACE\01 - JOBS\03 - IA E-COMMERCE\EM_ANDAMENTO\2026-08-AGOSTO\IAC_193439400_Smart TV Full HD D-LED 42” Britania BTV42G70N5CF"
"181155700","IAC_181155700_Trator Construction Machines Plainer","G:\Drives compartilhados\OAK-WORKSPACE\01 - JOBS\03 - IA E-COMMERCE\EM_ANDAMENTO\2026-08-AGOSTO\IAC_181155700_Trator Construction Machines Plainer"
"181155000","IAC_181155000_Caminhão Serviço de Limpeza Urbana","G:\Drives compartilhados\OAK-WORKSPACE\01 - JOBS\03 - IA E-COMMERCE\EM_ANDAMENTO\2026-08-AGOSTO\IAC_181155000_Caminhão Serviço de Limpeza Urbana"
"144307700","IAC_144307700_Panela de Pressão Multiflon Antiaderente","G:\Drives compartilhados\OAK-WORKSPACE\01 - JOBS\03 - IA E-COMMERCE\EM_ANDAMENTO\2026-08-AGOSTO\IAC_144307700_Panela de Pressão Multiflon Antiaderente"
"144315500","IAC_144315500_Panela de Pressão Eirilar 10L Polida 386","G:\Drives compartilhados\OAK-WORKSPACE\01 - JOBS\03 - IA E-COMMERCE\EM_ANDAMENTO\2026-08-AGOSTO\IAC_144315500_Panela de Pressão Eirilar 10L Polida 386"
"201439700","IAC_201439700_Conjunto de Assadeiras 3 Peças Tramontina Cosmos 64310400","G:\Drives compartilhados\OAK-WORKSPACE\01 - JOBS\03 - IA E-COMMERCE\EM_ANDAMENTO\2026-08-AGOSTO\IAC_201439700_Conjunto de Assadeiras 3 Peças Tramontina Cosmos 64310400"
"180711500","IAC_180711500_Piano de Brinquedo Cachorrinho","G:\Drives compartilhados\OAK-WORKSPACE\01 - JOBS\03 - IA E-COMMERCE\EM_ANDAMENTO\2026-08-AGOSTO\IAC_180711500_Piano de Brinquedo Cachorrinho"
"155621700","IAC_155621700_Smartphone Samsung Galaxy A02 32GB Vermelho 4G Quad-Core 2GB RAM 6,5” Câm. Dupla + Selfie 5M","G:\Drives compartilhados\OAK-WORKSPACE\01 - JOBS\03 - IA E-COMMERCE\EM_ANDAMENTO\2026-08-AGOSTO\IAC_155621700_Smartphone Samsung Galaxy A02 32GB Vermelho 4G Quad-Core 2GB RAM 6,5” Câm. Dupla + Selfie 5M"
"155626300","IAC_155626300_Smartphone Motorola Moto G30 128GB Dark Prism 4G - 4GB RAM Tela 6,5” Câm. Quádrupla + Selfie 13M","G:\Drives compartilhados\OAK-WORKSPACE\01 - JOBS\03 - IA E-COMMERCE\EM_ANDAMENTO\2026-08-AGOSTO\IAC_155626300_Smartphone Motorola Moto G30 128GB Dark Prism 4G - 4GB RAM Tela 6,5” Câm. Quádrupla + Selfie 13M"
"155626400","IAC_155626400_Smartphone Motorola Moto G30 128GB White Lilac 4G - 4GB RAM Tela 6,5” Câm. Quádrupla + Selfie 13M","G:\Drives compartilhados\OAK-WORKSPACE\01 - JOBS\03 - IA E-COMMERCE\EM_ANDAMENTO\2026-08-AGOSTO\IAC_155626400_Smartphone Motorola Moto G30 128GB White Lilac 4G - 4GB RAM Tela 6,5” Câm. Quádrupla + Selfie 13M"
"155591600","IAC_155591600_SMART SAMS S20 FE SP - SM-G780FLVJZ","G:\Drives compartilhados\OAK-WORKSPACE\01 - JOBS\03 - IA E-COMMERCE\EM_ANDAMENTO\2026-08-AGOSTO\IAC_155591600_SMART SAMS S20 FE SP - SM-G780FLVJZ"
"182507700","IAC_182507700_Bomba de Ar Manual com Pedal Jilong","G:\Drives compartilhados\OAK-WORKSPACE\01 - JOBS\03 - IA E-COMMERCE\EM_ANDAMENTO\2026-08-AGOSTO\IAC_182507700_Bomba de Ar Manual com Pedal Jilong"
"211808400","IAC_211808400_Conjunto de Panelas Hercules PA300-5PPR","G:\Drives compartilhados\OAK-WORKSPACE\01 - JOBS\03 - IA E-COMMERCE\EM_ANDAMENTO\2026-08-AGOSTO\IAC_211808400_Conjunto de Panelas Hercules PA300-5PPR"
"211773100","IAC_211773100_Cuscuzeira Multiflon Antiaderente 20cm","G:\Drives compartilhados\OAK-WORKSPACE\01 - JOBS\03 - IA E-COMMERCE\EM_ANDAMENTO\2026-08-AGOSTO\IAC_211773100_Cuscuzeira Multiflon Antiaderente 20cm"
"208747400","IAC_208747400_Lavadora de Alta Pressão Lavor Jaguar Turbo - 1900 Libras Reservatório de Espuma Mangueira 5m","G:\Drives compartilhados\OAK-WORKSPACE\01 - JOBS\03 - IA E-COMMERCE\EM_ANDAMENTO\2026-08-AGOSTO\IAC_208747400_Lavadora de Alta Pressão Lavor Jaguar Turbo - 1900 Libras Reservatório de Espuma Mangueira 5m"
"202620200","IAC_202620200_Cadeira com Braço Tramontina Ilha Bela Polipropileno Branco","G:\Drives compartilhados\OAK-WORKSPACE\01 - JOBS\03 - IA E-COMMERCE\EM_ANDAMENTO\2026-08-AGOSTO\IAC_202620200_Cadeira com Braço Tramontina Ilha Bela Polipropileno Branco"
"211775700","IAC_211775700_Conjunto de Panelas 5 Peças","G:\Drives compartilhados\OAK-WORKSPACE\01 - JOBS\03 - IA E-COMMERCE\EM_ANDAMENTO\2026-08-AGOSTO\IAC_211775700_Conjunto de Panelas 5 Peças"
"202444300","IAC_202444300_Panela de Pressão Inox 5 Litros","G:\Drives compartilhados\OAK-WORKSPACE\01 - JOBS\03 - IA E-COMMERCE\EM_ANDAMENTO\2026-08-AGOSTO\IAC_202444300_Panela de Pressão Inox 5 Litros"
"202471900","IAC_202471900_Espagueteira Tramontina Inox 7,7L 24cm com Tampa Solar 62517241","G:\Drives compartilhados\OAK-WORKSPACE\01 - JOBS\03 - IA E-COMMERCE\EM_ANDAMENTO\2026-08-AGOSTO\IAC_202471900_Espagueteira Tramontina Inox 7,7L 24cm com Tampa Solar 62517241"
"204592700","IAC_204592700_Kit Churrasco 12 Peças","G:\Drives compartilhados\OAK-WORKSPACE\01 - JOBS\03 - IA E-COMMERCE\EM_ANDAMENTO\2026-08-AGOSTO\IAC_204592700_Kit Churrasco 12 Peças"
"143436100","IAC_143436100_Jogo de Xícaras para Chá Porcelana 12 Peças","G:\Drives compartilhados\OAK-WORKSPACE\01 - JOBS\03 - IA E-COMMERCE\EM_ANDAMENTO\2026-08-AGOSTO\IAC_143436100_Jogo de Xícaras para Chá Porcelana 12 Peças"
"142217800","IAC_142217800_Conjunto de Copos 6 Peças  - Nadir Amassadinho 107517043","G:\Drives compartilhados\OAK-WORKSPACE\01 - JOBS\03 - IA E-COMMERCE\EM_ANDAMENTO\2026-08-AGOSTO\IAC_142217800_Conjunto de Copos 6 Peças  - Nadir Amassadinho 107517043"
"144124000","IAC_144124000_Jogo de Panelas Tramontina Inox 5 Peças","G:\Drives compartilhados\OAK-WORKSPACE\01 - JOBS\03 - IA E-COMMERCE\EM_ANDAMENTO\2026-08-AGOSTO\IAC_144124000_Jogo de Panelas Tramontina Inox 5 Peças"
"142223500","IAC_142223500_Jogo de Taças para Vinho Vidro 6 Peças 250ml Nadir Lírio","G:\Drives compartilhados\OAK-WORKSPACE\01 - JOBS\03 - IA E-COMMERCE\EM_ANDAMENTO\2026-08-AGOSTO\IAC_142223500_Jogo de Taças para Vinho Vidro 6 Peças 250ml Nadir Lírio"
"143284200","IAC_143284200_Aparelho de Jantar 20 Peças Schmidt Redondo","G:\Drives compartilhados\OAK-WORKSPACE\01 - JOBS\03 - IA E-COMMERCE\EM_ANDAMENTO\2026-08-AGOSTO\IAC_143284200_Aparelho de Jantar 20 Peças Schmidt Redondo"
"144247900","IAC_144247900_Conjunto de Assadeiras Nadir Sempre Retangular Vidro 2 Peças","G:\Drives compartilhados\OAK-WORKSPACE\01 - JOBS\03 - IA E-COMMERCE\EM_ANDAMENTO\2026-08-AGOSTO\IAC_144247900_Conjunto de Assadeiras Nadir Sempre Retangular Vidro 2 Peças"
"144133500","IAC_144133500_Jogo de Panelas Tramontina Fundo Triplo","G:\Drives compartilhados\OAK-WORKSPACE\01 - JOBS\03 - IA E-COMMERCE\EM_ANDAMENTO\2026-08-AGOSTO\IAC_144133500_Jogo de Panelas Tramontina Fundo Triplo"
"144250300","IAC_144250300_Conjunto de Assadeiras Marinex Retangular de Vidro","G:\Drives compartilhados\OAK-WORKSPACE\01 - JOBS\03 - IA E-COMMERCE\EM_ANDAMENTO\2026-08-AGOSTO\IAC_144250300_Conjunto de Assadeiras Marinex Retangular de Vidro"
"155574900","IAC_155574900_Smartphone Motorola Moto G8 Power 64GB Preto - Titanium 4G 4GB RAM Tela 6,4” Câm. Quádrupla","G:\Drives compartilhados\OAK-WORKSPACE\01 - JOBS\03 - IA E-COMMERCE\EM_ANDAMENTO\2026-08-AGOSTO\IAC_155574900_Smartphone Motorola Moto G8 Power 64GB Preto - Titanium 4G 4GB RAM Tela 6,4” Câm. Quádrupla"
"145843200","IAC_145843200_Escorredor de Pratos Inox","G:\Drives compartilhados\OAK-WORKSPACE\01 - JOBS\03 - IA E-COMMERCE\EM_ANDAMENTO\2026-08-AGOSTO\IAC_145843200_Escorredor de Pratos Inox"
"145620700","IAC_145620700_Garrafa Térmica 250ml Termolar","G:\Drives compartilhados\OAK-WORKSPACE\01 - JOBS\03 - IA E-COMMERCE\EM_ANDAMENTO\2026-08-AGOSTO\IAC_145620700_Garrafa Térmica 250ml Termolar"
"146110100","IAC_146110100_Kit Lixeira Inox com Pedal e Tampa 3L e 12L 2 Peças Brinox Standard","G:\Drives compartilhados\OAK-WORKSPACE\01 - JOBS\03 - IA E-COMMERCE\EM_ANDAMENTO\2026-08-AGOSTO\IAC_146110100_Kit Lixeira Inox com Pedal e Tampa 3L e 12L 2 Peças Brinox Standard"
"145620000","IAC_145620000_Garrafa Térmica 1L Termolar Lumina","G:\Drives compartilhados\OAK-WORKSPACE\01 - JOBS\03 - IA E-COMMERCE\EM_ANDAMENTO\2026-08-AGOSTO\IAC_145620000_Garrafa Térmica 1L Termolar Lumina"
"155574800","IAC_155574800_Smartphone Motorola Moto G8 Power 64GB Azul","G:\Drives compartilhados\OAK-WORKSPACE\01 - JOBS\03 - IA E-COMMERCE\EM_ANDAMENTO\2026-08-AGOSTO\IAC_155574800_Smartphone Motorola Moto G8 Power 64GB Azul"
"144305100","IAC_144305100_Panela de Pressão Tramontina Aço Inox Fundo Triplo 4,5L com 5 Dispositivos de Segurança Solar 62513223","G:\Drives compartilhados\OAK-WORKSPACE\01 - JOBS\03 - IA E-COMMERCE\EM_ANDAMENTO\2026-08-AGOSTO\IAC_144305100_Panela de Pressão Tramontina Aço Inox Fundo Triplo 4,5L com 5 Dispositivos de Segurança Solar 62513223"
"145620100","IAC_145620100_Garrafa Térmica 500ml","G:\Drives compartilhados\OAK-WORKSPACE\01 - JOBS\03 - IA E-COMMERCE\EM_ANDAMENTO\2026-08-AGOSTO\IAC_145620100_Garrafa Térmica 500ml"
"144253400","IAC_144253400_Lasanheira de Vidro Retangular 3,7L com Tampa","G:\Drives compartilhados\OAK-WORKSPACE\01 - JOBS\03 - IA E-COMMERCE\EM_ANDAMENTO\2026-08-AGOSTO\IAC_144253400_Lasanheira de Vidro Retangular 3,7L com Tampa"
"086041700","IAC_086041700_Conjunto de Panelas Tramontina Solar 65500040","G:\Drives compartilhados\OAK-WORKSPACE\01 - JOBS\03 - IA E-COMMERCE\EM_ANDAMENTO\2026-08-AGOSTO\IAC_086041700_Conjunto de Panelas Tramontina Solar 65500040"
"086058600","IAC_086058600_Kit Churrasco 12 Peças","G:\Drives compartilhados\OAK-WORKSPACE\01 - JOBS\03 - IA E-COMMERCE\EM_ANDAMENTO\2026-08-AGOSTO\IAC_086058600_Kit Churrasco 12 Peças"
"086040700","IAC_086040700_Jogo de Talheres para Churrasco Tramontina Inox","G:\Drives compartilhados\OAK-WORKSPACE\01 - JOBS\03 - IA E-COMMERCE\EM_ANDAMENTO\2026-08-AGOSTO\IAC_086040700_Jogo de Talheres para Churrasco Tramontina Inox"
"086039400","IAC_086039400_Rechaud Inox Tramontina Redondo 6,08L","G:\Drives compartilhados\OAK-WORKSPACE\01 - JOBS\03 - IA E-COMMERCE\EM_ANDAMENTO\2026-08-AGOSTO\IAC_086039400_Rechaud Inox Tramontina Redondo 6,08L"
"086048200","IAC_086048200_Cafeteira Italiana Alumínio Bialetti","G:\Drives compartilhados\OAK-WORKSPACE\01 - JOBS\03 - IA E-COMMERCE\EM_ANDAMENTO\2026-08-AGOSTO\IAC_086048200_Cafeteira Italiana Alumínio Bialetti"
"086023700","IAC_086023700_Assadeira Tramontina Retangular de Aço","G:\Drives compartilhados\OAK-WORKSPACE\01 - JOBS\03 - IA E-COMMERCE\EM_ANDAMENTO\2026-08-AGOSTO\IAC_086023700_Assadeira Tramontina Retangular de Aço"
"086048300","IAC_086048300_Cafeteira Italiana Alumínio Bialetti","G:\Drives compartilhados\OAK-WORKSPACE\01 - JOBS\03 - IA E-COMMERCE\EM_ANDAMENTO\2026-08-AGOSTO\IAC_086048300_Cafeteira Italiana Alumínio Bialetti"
"121937006","IAC_121937006_Sofá Retrátil Reclinável 4 Lugares Suede","G:\Drives compartilhados\OAK-WORKSPACE\01 - JOBS\03 - IA E-COMMERCE\EM_ANDAMENTO\2026-08-AGOSTO\IAC_121937006_Sofá Retrátil Reclinável 4 Lugares Suede"
"141023200","IAC_141023200_Faqueiro Brinox Inox Turim 5111-142","G:\Drives compartilhados\OAK-WORKSPACE\01 - JOBS\03 - IA E-COMMERCE\EM_ANDAMENTO\2026-08-AGOSTO\IAC_141023200_Faqueiro Brinox Inox Turim 5111-142"
"087667000","IAC_087667000_Mangueira Tramontina 25m Espiral","G:\Drives compartilhados\OAK-WORKSPACE\01 - JOBS\03 - IA E-COMMERCE\EM_ANDAMENTO\2026-08-AGOSTO\IAC_087667000_Mangueira Tramontina 25m Espiral"
"124340800","IAC_124340800_Colchão Casal Castor Mola Pocket","G:\Drives compartilhados\OAK-WORKSPACE\01 - JOBS\03 - IA E-COMMERCE\EM_ANDAMENTO\2026-08-AGOSTO\IAC_124340800_Colchão Casal Castor Mola Pocket"
"108512500","IAC_108512500_Secador Gama Italy IQ Perfetto Portátil - Oxy Active 2000W 3 Velocidades","G:\Drives compartilhados\OAK-WORKSPACE\01 - JOBS\03 - IA E-COMMERCE\EM_ANDAMENTO\2026-08-AGOSTO\IAC_108512500_Secador Gama Italy IQ Perfetto Portátil - Oxy Active 2000W 3 Velocidades"
"124346600","IAC_124346600_Box para Colchão Queen Size Castor Bipartido 27cm de Altura Silver Star Air Pocket","G:\Drives compartilhados\OAK-WORKSPACE\01 - JOBS\03 - IA E-COMMERCE\EM_ANDAMENTO\2026-08-AGOSTO\IAC_124346600_Box para Colchão Queen Size Castor Bipartido 27cm de Altura Silver Star Air Pocket"
"088043800","IAC_088043800_Conjunto de Chá Porcelana 6 Peças","G:\Drives compartilhados\OAK-WORKSPACE\01 - JOBS\03 - IA E-COMMERCE\EM_ANDAMENTO\2026-08-AGOSTO\IAC_088043800_Conjunto de Chá Porcelana 6 Peças"
"088041400","IAC_088041400_Aparelho de Jantar Chá 30 Peças Schmidt Porcelana","G:\Drives compartilhados\OAK-WORKSPACE\01 - JOBS\03 - IA E-COMMERCE\EM_ANDAMENTO\2026-08-AGOSTO\IAC_088041400_Aparelho de Jantar Chá 30 Peças Schmidt Porcelana"
"122222900","IAC_122222900_Mountain Bike Aro 29 Track Bikes TKS 29 VN","G:\Drives compartilhados\OAK-WORKSPACE\01 - JOBS\03 - IA E-COMMERCE\EM_ANDAMENTO\2026-08-AGOSTO\IAC_122222900_Mountain Bike Aro 29 Track Bikes TKS 29 VN"
"087687900","IAC_087687900_Mangueira Flex Tramontina 10m com Esguicho Engate Rosqueado","G:\Drives compartilhados\OAK-WORKSPACE\01 - JOBS\03 - IA E-COMMERCE\EM_ANDAMENTO\2026-08-AGOSTO\IAC_087687900_Mangueira Flex Tramontina 10m com Esguicho Engate Rosqueado"
"087688200","IAC_087688200_Mangueira Tramontina 25m com Esguicho 79172250 Engate Rosqueado","G:\Drives compartilhados\OAK-WORKSPACE\01 - JOBS\03 - IA E-COMMERCE\EM_ANDAMENTO\2026-08-AGOSTO\IAC_087688200_Mangueira Tramontina 25m com Esguicho 79172250 Engate Rosqueado"
"123280901","IAC_123280901_Cama Solteiro Baú 2 Gavetas Conquista Móveis Ravena","G:\Drives compartilhados\OAK-WORKSPACE\01 - JOBS\03 - IA E-COMMERCE\EM_ANDAMENTO\2026-08-AGOSTO\IAC_123280901_Cama Solteiro Baú 2 Gavetas Conquista Móveis Ravena"
"122251700","IAC_122251700_Bicicleta Aro 29 Houston Mercury Alumínio","G:\Drives compartilhados\OAK-WORKSPACE\01 - JOBS\03 - IA E-COMMERCE\EM_ANDAMENTO\2026-08-AGOSTO\IAC_122251700_Bicicleta Aro 29 Houston Mercury Alumínio"
"143291700","IAC_143291700_Aparelho de Jantar Chá 30 Peças Haus Cerâmica","G:\Drives compartilhados\OAK-WORKSPACE\01 - JOBS\03 - IA E-COMMERCE\EM_ANDAMENTO\2026-08-AGOSTO\IAC_143291700_Aparelho de Jantar Chá 30 Peças Haus Cerâmica"
"143290200","IAC_143290200_Aparelho de Jantar Chá 20 Peças Hauskraft","G:\Drives compartilhados\OAK-WORKSPACE\01 - JOBS\03 - IA E-COMMERCE\EM_ANDAMENTO\2026-08-AGOSTO\IAC_143290200_Aparelho de Jantar Chá 20 Peças Hauskraft"
"086283500","IAC_086283500_Jogo de Brocas Tramontina 110 Peças com acessórios","G:\Drives compartilhados\OAK-WORKSPACE\01 - JOBS\03 - IA E-COMMERCE\EM_ANDAMENTO\2026-08-AGOSTO\IAC_086283500_Jogo de Brocas Tramontina 110 Peças com acessórios"
"086291200","IAC_086291200_Kit Ferramentas Tramontina 65 Peças","G:\Drives compartilhados\OAK-WORKSPACE\01 - JOBS\03 - IA E-COMMERCE\EM_ANDAMENTO\2026-08-AGOSTO\IAC_086291200_Kit Ferramentas Tramontina 65 Peças"
"124391900","IAC_124391900_Base Cama Box Queen Plumatex 37x158x198cm Magnum","G:\Drives compartilhados\OAK-WORKSPACE\01 - JOBS\03 - IA E-COMMERCE\EM_ANDAMENTO\2026-08-AGOSTO\IAC_124391900_Base Cama Box Queen Plumatex 37x158x198cm Magnum"
"142217700","IAC_142217700_Conjunto de Copos 6 Peças  - Nadir Long Drink 7700","G:\Drives compartilhados\OAK-WORKSPACE\01 - JOBS\03 - IA E-COMMERCE\EM_ANDAMENTO\2026-08-AGOSTO\IAC_142217700_Conjunto de Copos 6 Peças  - Nadir Long Drink 7700"
"122802300","IAC_122802300_Cadeira Gamer Preta e Vermelha 100","G:\Drives compartilhados\OAK-WORKSPACE\01 - JOBS\03 - IA E-COMMERCE\EM_ANDAMENTO\2026-08-AGOSTO\IAC_122802300_Cadeira Gamer Preta e Vermelha 100"
"128055200","IAC_128055200_Guarda-roupa Casal 6 Portas 2 Gavetas Demóbile Flash II","G:\Drives compartilhados\OAK-WORKSPACE\01 - JOBS\03 - IA E-COMMERCE\EM_ANDAMENTO\2026-08-AGOSTO\IAC_128055200_Guarda-roupa Casal 6 Portas 2 Gavetas Demóbile Flash II"
"086230600","IAC_086230600_Meia Bola com Alças","G:\Drives compartilhados\OAK-WORKSPACE\01 - JOBS\03 - IA E-COMMERCE\EM_ANDAMENTO\2026-08-AGOSTO\IAC_086230600_Meia Bola com Alças"
"124346700","IAC_124346700_Colchão King Castor Mola Ensacadas-Pocket","G:\Drives compartilhados\OAK-WORKSPACE\01 - JOBS\03 - IA E-COMMERCE\EM_ANDAMENTO\2026-08-AGOSTO\IAC_124346700_Colchão King Castor Mola Ensacadas-Pocket"
"124336400","IAC_124336400_Colchão Casal Castor Espuma D-33 18cm de Altura Aveiro","G:\Drives compartilhados\OAK-WORKSPACE\01 - JOBS\03 - IA E-COMMERCE\EM_ANDAMENTO\2026-08-AGOSTO\IAC_124336400_Colchão Casal Castor Espuma D-33 18cm de Altura Aveiro"
"124347100","IAC_124347100_Colchão Queen Castor Mola Pocket 34cm de Alt. Silver Star","G:\Drives compartilhados\OAK-WORKSPACE\01 - JOBS\03 - IA E-COMMERCE\EM_ANDAMENTO\2026-08-AGOSTO\IAC_124347100_Colchão Queen Castor Mola Pocket 34cm de Alt. Silver Star"
"241384300","Master_241384300_Liquidificador Britânia BLQ900A Plástico 600W 2,1L Preto","G:\Drives compartilhados\OAK-WORKSPACE\01 - JOBS\03 - IA E-COMMERCE\EM_ANDAMENTO\2026-08-AGOSTO\Master_241384300_Liquidificador Britânia BLQ900A Plástico 600W 2,1L Preto"
"241325300","Master_241325300_Panela de Pressão Rochedo 6L Inox Indução Trendy","G:\Drives compartilhados\OAK-WORKSPACE\01 - JOBS\03 - IA E-COMMERCE\EM_ANDAMENTO\2026-08-AGOSTO\Master_241325300_Panela de Pressão Rochedo 6L Inox Indução Trendy"
"073813353","IAC_073813353_Fruteira 2 Cestos Ciplafe","G:\Drives compartilhados\OAK-WORKSPACE\01 - JOBS\03 - IA E-COMMERCE\EM_ANDAMENTO\2026-08-AGOSTO\IAC_073813353_Fruteira 2 Cestos Ciplafe"
"241455300","Master_241455300_Geladeira-Refrigerador Midea Smart Frost Free Multidoor Cor Inox 672L MDRM905MMD463 Bivolt","G:\Drives compartilhados\OAK-WORKSPACE\01 - JOBS\03 - IA E-COMMERCE\EM_ANDAMENTO\2026-08-AGOSTO\Master_241455300_Geladeira-Refrigerador Midea Smart Frost Free Multidoor Cor Inox 672L MDRM905MMD463 Bivolt"
"241288900","Master_241288900_Mini Processador Philips Walita HR1501-09 450W Preto","G:\Drives compartilhados\OAK-WORKSPACE\01 - JOBS\03 - IA E-COMMERCE\EM_ANDAMENTO\2026-08-AGOSTO\Master_241288900_Mini Processador Philips Walita HR1501-09 450W Preto"
"241543900","Master_241543900_Esteira Ergométrica Elétrica Go New XEKE Dobrável Vel. Máxima 6km-h","G:\Drives compartilhados\OAK-WORKSPACE\01 - JOBS\03 - IA E-COMMERCE\EM_ANDAMENTO\2026-08-AGOSTO\Master_241543900_Esteira Ergométrica Elétrica Go New XEKE Dobrável Vel. Máxima 6km-h"
"020433500","IAC_020433500_Ventilador de Mesa Ventisol Turbo Premium","G:\Drives compartilhados\OAK-WORKSPACE\01 - JOBS\03 - IA E-COMMERCE\EM_ANDAMENTO\2026-08-AGOSTO\IAC_020433500_Ventilador de Mesa Ventisol Turbo Premium"
"080918600","IAC_080918600_Conjunto de Assadeiras Sempre Quadrada","G:\Drives compartilhados\OAK-WORKSPACE\01 - JOBS\03 - IA E-COMMERCE\EM_ANDAMENTO\2026-08-AGOSTO\IAC_080918600_Conjunto de Assadeiras Sempre Quadrada"
"241317300","Master_241317300_Liquidificador Mondial Turbo L-1400-LT 1400W 3L Preto e Inox 5477-02","G:\Drives compartilhados\OAK-WORKSPACE\01 - JOBS\03 - IA E-COMMERCE\EM_ANDAMENTO\2026-08-AGOSTO\Master_241317300_Liquidificador Mondial Turbo L-1400-LT 1400W 3L Preto e Inox 5477-02"
"241224500","Master_241224500_Jogo de Panelas Tramontina Revestimento Cerâmico de Alumínio Linho 10 Peças Veronese","G:\Drives compartilhados\OAK-WORKSPACE\01 - JOBS\03 - IA E-COMMERCE\EM_ANDAMENTO\2026-08-AGOSTO\Master_241224500_Jogo de Panelas Tramontina Revestimento Cerâmico de Alumínio Linho 10 Peças Veronese"
"241288800","Master_241288800_Mini Processador Philips Walita HR1501-01 450W Preto","G:\Drives compartilhados\OAK-WORKSPACE\01 - JOBS\03 - IA E-COMMERCE\EM_ANDAMENTO\2026-08-AGOSTO\Master_241288800_Mini Processador Philips Walita HR1501-01 450W Preto"
"241298000","Master_241298000_Monitor Gamer Acer X49 Xbmipphuzx Curvo Ultrawide 49- Quad HD 5K Preto X Predator Series UM.SXXAA.X02","G:\Drives compartilhados\OAK-WORKSPACE\01 - JOBS\03 - IA E-COMMERCE\EM_ANDAMENTO\2026-08-AGOSTO\Master_241298000_Monitor Gamer Acer X49 Xbmipphuzx Curvo Ultrawide 49- Quad HD 5K Preto X Predator Series UM.SXXAA.X02"
"080905100","IAC_080905100_Sapateira Unitária Smart Cromada Arthi 1812","G:\Drives compartilhados\OAK-WORKSPACE\01 - JOBS\03 - IA E-COMMERCE\EM_ANDAMENTO\2026-08-AGOSTO\IAC_080905100_Sapateira Unitária Smart Cromada Arthi 1812"
"086048500","IAC_086048500_Cafeteira Italiana Alumínio Bialetti","G:\Drives compartilhados\OAK-WORKSPACE\01 - JOBS\03 - IA E-COMMERCE\EM_ANDAMENTO\2026-08-AGOSTO\IAC_086048500_Cafeteira Italiana Alumínio Bialetti"
"086044600","IAC_086044600_Faqueiro Tramontina Laguna Inox","G:\Drives compartilhados\OAK-WORKSPACE\01 - JOBS\03 - IA E-COMMERCE\EM_ANDAMENTO\2026-08-AGOSTO\IAC_086044600_Faqueiro Tramontina Laguna Inox"
"086042000","IAC_086042000_Faqueiro Tramontina Cosmos 66950520 Inox","G:\Drives compartilhados\OAK-WORKSPACE\01 - JOBS\03 - IA E-COMMERCE\EM_ANDAMENTO\2026-08-AGOSTO\IAC_086042000_Faqueiro Tramontina Cosmos 66950520 Inox"
"086032600","IAC_086032600_Champanheira Tramontina em Aço Inox 36cm 12,4L 61415-360","G:\Drives compartilhados\OAK-WORKSPACE\01 - JOBS\03 - IA E-COMMERCE\EM_ANDAMENTO\2026-08-AGOSTO\IAC_086032600_Champanheira Tramontina em Aço Inox 36cm 12,4L 61415-360"
"086041600","IAC_086041600_Conjunto de Panelas Tramontina Solar 65720000","G:\Drives compartilhados\OAK-WORKSPACE\01 - JOBS\03 - IA E-COMMERCE\EM_ANDAMENTO\2026-08-AGOSTO\IAC_086041600_Conjunto de Panelas Tramontina Solar 65720000"
"086071600","IAC_086071600_Conjunto de Talheres Tramontina 24 Peças New Kolor 23199-062","G:\Drives compartilhados\OAK-WORKSPACE\01 - JOBS\03 - IA E-COMMERCE\EM_ANDAMENTO\2026-08-AGOSTO\IAC_086071600_Conjunto de Talheres Tramontina 24 Peças New Kolor 23199-062"
"241538200","Master_241538200_Lavadora de Roupas Consul 13kg Cesto Inox 16 Programas de Lavagem Branca CWH13AB","G:\Drives compartilhados\OAK-WORKSPACE\01 - JOBS\03 - IA E-COMMERCE\EM_ANDAMENTO\2026-08-AGOSTO\Master_241538200_Lavadora de Roupas Consul 13kg Cesto Inox 16 Programas de Lavagem Branca CWH13AB"
"085902300","IAC_085902300_Conjunto de Mesinha com 2 Cadeirinhas","G:\Drives compartilhados\OAK-WORKSPACE\01 - JOBS\03 - IA E-COMMERCE\EM_ANDAMENTO\2026-08-AGOSTO\IAC_085902300_Conjunto de Mesinha com 2 Cadeirinhas"
"240741200","Lu_Oferta_240741200_Barra de Proteína Nutrata Whey Grego Mousse de Maracujá 40g 12 Unidades","G:\Drives compartilhados\OAK-WORKSPACE\01 - JOBS\03 - IA E-COMMERCE\EM_ANDAMENTO\2026-08-AGOSTO\Lu_Oferta_240741200_Barra de Proteína Nutrata Whey Grego Mousse de Maracujá 40g 12 Unidades"
"240742200","Lu_Oferta_240742200_Barra de Proteína Nutrata Grego Whey Brigadeiro 40g 12 Unidades","G:\Drives compartilhados\OAK-WORKSPACE\01 - JOBS\03 - IA E-COMMERCE\EM_ANDAMENTO\2026-08-AGOSTO\Lu_Oferta_240742200_Barra de Proteína Nutrata Grego Whey Brigadeiro 40g 12 Unidades"
"240742400","Lu_Oferta_240742400_Barra de Proteína Nutrata Grego Whey Morango com Chantilly 40g 12 Unidades","G:\Drives compartilhados\OAK-WORKSPACE\01 - JOBS\03 - IA E-COMMERCE\EM_ANDAMENTO\2026-08-AGOSTO\Lu_Oferta_240742400_Barra de Proteína Nutrata Grego Whey Morango com Chantilly 40g 12 Unidades"
"240657000","lof_240657000_corretivo_eudora_niina_secrets_cor85","G:\Drives compartilhados\OAK-WORKSPACE\01 - JOBS\03 - IA E-COMMERCE\EM_ANDAMENTO\2026-08-AGOSTO\lof_240657000_corretivo_eudora_niina_secrets_cor85"
"228892600","lof_228892600_228892700_secador_gama_italy_new_lumina_red_3d","G:\Drives compartilhados\OAK-WORKSPACE\01 - JOBS\03 - IA E-COMMERCE\EM_ANDAMENTO\2026-08-AGOSTO\lof_228892600_228892700_secador_gama_italy_new_lumina_red_3d"
